:10400000007F0020E199010089980100DD990100FD
:10401000DD990100DD990100DD990100DD990100C4
:10402000000000000000000000000000DD99010019
:10403000DD99010000000000DD990100DD9901001B
:104040000000000000000000000000000000000070
:104050000000000000000000000000000000000060
:104060000000000000000000000000000000000050
:104070000000000000000000000000000000000040
:104080000000000000000000000000000000000030
:104090000000000000000000000000000000000020
:1040A0000000000000000000000000000000000010
:1040B0000000000000000000000000000000000000
:1040C00010B5054C237833B9044B13B10448AFF352
:1040D00000800123237010BDD803002000000000E1
:1040E000E093020008B5034B1BB103490348AFF34B
:1040F000008008BD00000000DC030020E093020007
:104100002DE9D04357EC106B234C2DED028B10EEB4
:10411000102A3B4610EE100A394694ED358A1BF002
:10412000A7FD48B118EE100A1BF0B0FABDEC028BE7
:1041300041EC100BBDE8D083B4EE488AF1EE10FAE2
:104140001ED618EE100A1BF0A1FA0FA3D3E9002324
:104150001BF0F4FA0EA3D3E90023804689463046CB
:1041600039461BF0EBFA02460B46404649461BF027
:104170002FF91BF0DBFDC4F8D400D4F8D400D3E74A
:1041800030463946F5E700BF9A9999999999E93FE0
:104190009A9999999999C93F200800202DE9F043EF
:1041A0002DED028B5C48DFF8A481DFF8A49183B089
:1041B0000AF0AAFF18F07EFF054601F009FE04464A
:1041C000B8B105F0B5FEFFF79BFF51EC100B1BF0EB
:1041D00065FD00B2A8F800001BF046FAB9F90060CE
:1041E00041EC100B3146204606F0DAFB4B4B012226
:1041F0001A704B4C236840F6B832EB1A934205D93B
:1042000006F01EF8284601F015FD2560454C236890
:10421000EB1AB3F5FA7F02D905F0ACFF2560424CEA
:1042200023684EF65F22EB1A934202D905F0A0FFF5
:10423000256005F07DFE51EC100BB0EE408AF0EEEB
:10424000608A1BF073FDB0EE480AF0EE680A374C46
:10425000C4F8D800FFF754FF57EC106B10EE102A8B
:104260003B4610EE100A39461BF002FD48B9002209
:104270002F4B304639461BF0ABF81BF00FFDA8F86A
:104280000000394630461BF051FDC4F8D40000F060
:1042900073FCC4F8F40001F093FDFF2300930023A6
:1042A000194664220646A9F8000017F01FFC0146D3
:1042B000052017F041FB1F4B94F818211A701E4B74
:1042C000B4F814211A801D4BB4F816211A801C4B27
:1042D00094F806211A701B4B94F80421C4F88061ED
:1042E0001A70C4F888510AF007F818B908F090FE5F
:1042F00005F0F2F9B8F900001BF0B6F9124B41ECE9
:10430000100B3146187807F00FF903B0BDEC028BA3
:10431000BDE8F0430AF006B828140020040000208D
:10432000FC030020F8030020F403002020080020F4
:104330000000E03F280400200200002000000020D0
:104340000C04002090040020AC0400209204002003
:104350008004002010B51B4C1B48214617F06AFF53
:1043600021461A4817F066FF2146194817F062FFE8
:104370002146184817F05EFF2146174817F05AFFEC
:104380002146164817F056FF2146154817F052FFF0
:104390002146144817F04EFF2146134817F04AFFF4
:1043A0002146124817F046FF2146114817F042FFF8
:1043B0002146104817F03EFF21460F48BDE8104047
:1043C00017F038BF803E0200840400200004002063
:1043D0002C0400201C0400201004002038040020BD
:1043E0006804002074040020A0040020940400202D
:1043F000500400205C0400204404002008B5144848
:1044000017F0CDFE134817F0CAFE134817F0C7FE89
:10441000124817F0C4FE124817F0C1FE114817F0F9
:10442000BEFE114817F0BBFE104817F0B8FE10484A
:1044300017F0B5FE0F4817F0B2FE0F4817F0AFFEA9
:104440000E4817F0ACFE0E48BDE8084017F0A7BEB6
:10445000440400205C040020500400209404002048
:10446000A004002074040020680400203804002008
:10447000100400201C0400202C0400200004002054
:104480008404002008B54FF4E131294816F0DEFD20
:104490004FF4FA7018F0CAFD0121062018F086FCCE
:1044A0000121062018F09AFC0121052018F07EFC5D
:1044B0000021052017F040FA1D4817F09FFD1D4907
:1044C0001B4817F0ABFD1C480AF0CEFC1B491A48EC
:1044D0000AF0DEF905F07EFF01F048F8184B194AA2
:1044E00093F818111170184AB3F814111180B3F829
:1044F0001621164B1A8005F0E7FE01F08BFB00F049
:10450000DFFA01F0B7FB0C4801F05CFC06F06EF935
:1045100009F060FE09F0F0FE18B907F0B3FD01F0F4
:10452000B7FD4FF4FA510A48BDE808400AF058BEFA
:10453000381A002090300200640B0020801A060018
:104540002008002028040020020000200000002095
:10455000281400202DE9F843414CDDF8209094F810
:10456000061101390129054616461F4637D894F829
:104570007011A9B9104619461BF07AFB804678B92C
:10458000B4F97C011BF070F832463B461BF066FB29
:1045900030B1012384F86E81C4F8749184F87031CD
:1045A00094F87031DBB132463B46304639461BF059
:1045B0005FFB804640B9B4F97E011BF055F83246E6
:1045C0003B461BF037FBC8B9D4F87431D4F87821D6
:1045D000A9EB03094EF660235343994515D294F88D
:1045E0006F1129B304230620012184F8063118F045
:1045F000F5FB0020C4F88001BDE8F88384F87081E1
:1046000084F86E81C4F87481E9E70423002084F8FB
:104610000631012384F8F80084F8070184F80C01BE
:1046200084F86E3184F86F3184F870010546D6E75E
:1046300094F80631013B022B88BF0121062018F0B7
:10464000CDFB002D09DDD4F8E400A842D4DCD4F879
:10465000E800A842A8BF2846CEE70020CCE700BF6C
:1046600020080020FFFFFFFF2DE9F04F0B4687B029
:104670001546024682468B461BF0FAFA20B1002509
:10468000284607B0BDE8F08FBF4F02973E68BF4C89
:10469000002E00F08880AE1BB6F57A7FC0F08880CF
:1046A000BB4BD3E9008942464B46404649461BF086
:1046B000DFFA002840F0C88130461AF0C5FF00221A
:1046C000B44B1BF065F90022002306460F461BF091
:1046D000C5FA002800F0B88142464B46504659467C
:1046E0001AF074FE32463B461BF052F9804689466A
:1046F00094F8F030002B56D1D4F8DC70A64EA7F118
:1047000014001AF0B1FF02460B46504659461BF002
:1047100087FA78B198A3D3E90023404649461BF0B5
:104720007FFA38B1D6ED007A9FED9C7A77EE877AE2
:10473000C6ED007A07F114001AF096FF02460B4608
:10474000504659461BF08AFA78B18BA3D3E900236F
:10475000404649461BF082FA38B1D6ED007A9FED0B
:104760008F7A77EEC77AC6ED007A96ED000AF6EEFC
:10477000007AB4EEE70AF1EE10FA54D4F0EE007AC3
:10478000B4EE670AF1EE10FAC8BFB0EE670A86ED24
:10479000000A834E33684EF65F22EB1A934202D929
:1047A00001F00EF935607A4BC3E900AB029B1D6046
:1047B000D4F8EC001AF058FF00227A4B1AF0BEFF32
:1047C00000220023CDE902011BF034FA18B19FED5D
:1047D0006C7B8DED027BD4F8DC001AF045FFDDE93F
:1047E000022306460F461AF0F1FDDDE9022380465A
:1047F0008946304639461AF0EBFD94F806316A4E88
:10480000022BCDE9040119D142464B465046594688
:104810001BF006FA50B1012384F8063100233370EF
:10482000D4F880512CE7B0EE670AB0E733782BB9A3
:1048300001235E4A337005F6B833136033782BB129
:104840005A4B1B68AB429CBF0023337094F8F03086
:10485000012B2BD142464B46504659461BF0EAF9F4
:1048600010B1D4F8E8500BE7DDE90423504659466F
:10487000D4F8E4501BF0E8F900287FF401AFDDE93B
:1048800004011BF00BFA4946074640461BF006FAA6
:104890005946064650461BF001FA0095D4F8E83018
:1048A0003A46314617F022F90546E9E6002B7FF437
:1048B000E6AE42464B46504659461BF0C5F940B15C
:1048C000DDE90423504659461BF0B4F900287FF473
:1048D000D6AE42464B46504659461BF0A1F9002839
:1048E00066D052465B46404649461AF06FFD804608
:1048F000894602460B46DDE902011BF09BF90028C0
:1049000040F0A080D4F8E8001AF0AEFEDDE9022302
:1049100006460F46404649461BF03AF832463B46AB
:104920001AF00CFF1C4B8046186889461AF0AEFE40
:1049300002460B46404649461AF000FF8046D4F82E
:10494000E40089461AF090FE42464B4604460D4666
:104950001BF084F908B944464D4622462B463046A2
:1049600039461BF05DF908B926462F4630463946D0
:104970001BF094F998E700BF9A9999999999A93FE2
:10498000000000000000F03FC004002020080020CC
:104990001000002000408F40080000200AD7A33BF1
:1049A000B80400200000E03FAD040020B004002067
:1049B000DDE90423504659461BF050F900283FF426
:1049C0005EAEDDE90423504659461AF0FFFC064668
:1049D0000F4602460B46DDE902011BF02BF90028C9
:1049E0007FF44DAED4F8E4001AF03EFEDDE9022378
:1049F00004460D46304639461AF0CAFF02460B46B9
:104A0000002014491AF0E2FC02460B4620462946D3
:104A10001AF094FE104B044618680D461AF036FE44
:104A200002460B46204629461AF088FE0022002343
:104A300004460D461BF0F4F808B10024002520467A
:104A4000294695E764251BE64FF000084FF0000962
:104A50004EE600BF0000F03F08000020014B93ED40
:104A6000000A704708000020044A00231360044A2B
:104A70001360044A82F80531704700BFBC0400206F
:104A8000B40400202008002008B5FFF7EDFF0B4B11
:104A9000002283F8E02083F8042183F86E2183F854
:104AA0006F2183F87021C3F8742183F8F82083F80C
:104AB000072183F80C2183F8062108BD2008002077
:104AC00038B50024184D2146052085F8064116F01A
:104AD00033FF00F0AAFB154B154983ED000A154B77
:104AE00085F8F8400020C3E90001134B85F80C411C
:104AF0001C60124B85F807411C60114B85F86E4114
:104B00001C60104BC5F87441012106201C6085F81B
:104B10006F4185F8704118F049F901210620BDE880
:104B2000384018F05BB900BF2008002008000020C2
:104B30000000F87F10000020C0040020B80400200E
:104B4000BC040020B404002010B50A4C012384F8F2
:104B5000F83018F0AFFA002384F86E31C4F87431DD
:104B600084F86F3184F870310323C4F8FC0084F8B2
:104B7000063110BD200800202DE9F0472DED028BF5
:104B8000B44D86B018F096FA95F80431013B012B2C
:104B900006462C4611D80620012118F01FF90020E6
:104BA00085F8060185F8F80085F8070185F80C01FD
:104BB00006B0BDEC028BBDE8F08795F8CC20A64B83
:104BC000002A44D0D5F8D020821AB2F57A7F3ED898
:104BD000002285F8E0201A6094F818819F4FB8F100
:104BE000010F63D12278002A44D094F844309A42CD
:104BF00040D904EB830240F6B831526AB21A8A42B5
:104C000038D804EB830393ED018A18EE100A1AF0EA
:104C10003DFD02460B461BF02BF8054650BBDFED71
:104C2000907A3860B4EEE78AF1EE10FA46DB06209F
:104C3000414684F8048118F0D1F884F8065184F8CC
:104C4000F85084F8075184F80C512846B0E71A68E8
:104C500002B91E601B684EF65F22F31A9342BBD95D
:104C6000012384F8E03094F8053143F0010384F81F
:104C70000531B1E73B6803B93E603B68F61A4EF672
:104C80005F239E421AD902230620012184F80431B1
:104C900084F8053118F0A2F8002084F8060184F8A1
:104CA000F80084F8070184F80C0181E700233B60D9
:104CB00094F8053123F0020384F8053194F80431A7
:104CC0003BB10620012118F089F8002084F8060184
:104CD0006EE794F81831002B40F0CA8018F0EAF91A
:104CE00094ED358A054618EE100A1AF0CFFC0646F8
:104CF000D4F8D8000F461AF0C9FC94F80631032BFB
:104D0000CDE9020116D194F8F8304BB1D4F8FC305B
:104D1000D4F80011EA1A4FF47A734B439A4209D33C
:104D2000002384F8F830012384F8063184F8073131
:104D3000C4F8085194F80631012B3CD194F80721AE
:104D40001AB984F80731C4F8085132463B46304658
:104D500039461AF08DFFB0BBD4F8EC001AF084FC91
:104D60000022404B1AF0EAFC00223F4B8046894665
:104D70001AF056FF18B1DFF8F0904FF00008D4F8A1
:104D8000DC001AF071FC42464B461AF01FFB02464B
:104D90000B46304639461AF057FFA0B1022384F87B
:104DA0000631012384F80C310023C4F8105184F833
:104DB0006E3184F8703194F80631022B3FD0032B0A
:104DC00045D0012B41D132463B46304639461AF098
:104DD0004FFF002839D1D4F8DCA050461AF044FC2B
:104DE0000022224BCDE904011AF0F0FA80468946F0
:104DF00002460B46304639461AF01CFF38BBDDE947
:104E00000423304639461AF01FFF38B1D4F8E400C5
:104E10000095DDE90223FFF79DFBC9E649464046C0
:104E20001AF03CFFFDEEC87AD4F8E4300093014656
:104E30006423524617EE900A16F058FEE8E72A4619
:104E400030463946FFF710FCE2E70020E0E7642037
:104E5000DEE700BF20080020BC040020B4040020CE
:104E600000003E430000E03F0000F03F00006940CA
:104E700018F020F994ED358A054618EE100A1AF05C
:104E800005FC8046D4F8D80089461AF0FFFB94F858
:104E9000443022789A42CDE9020140F2E28004EBEC
:104EA000830358681AF0F2FB06460F4694F8063161
:104EB0009BB932463B46304639461AF0D9FE60B9B6
:104EC000B4F914011AF0D0FB02460B4630463946BD
:104ED0001AF0A6FE08B1FFF737FE94F80631032B4F
:104EE00000F0CC80013B012B20D832463B463046B7
:104EF00039461AF0BDFEA0BBB4F916011AF0B4FB96
:104F000002460B46304639461AF09EFE70B1604AA2
:104F1000002384F8063184F8F83084F8073184F8E7
:104F20000C3184F86E3184F87031137094F80631C6
:104F3000032B16D194F8F8304BB1D4F8FC30D4F8E8
:104F40000011EA1A4FF47A734B439A4209D30023B3
:104F500084F8F830012384F8063184F80731C4F866
:104F6000085194F80631012B3AD194F807211AB967
:104F700084F80731C4F8085142464B46404649463A
:104F80001AF076FEA0BBD4F8EC001AF06DFB0022FC
:104F9000404B1AF0D3FB00223F4B06460F461AF057
:104FA0003FFE08B13C4F0026D4F8DC001AF05CFB51
:104FB00032463B461AF00AFA02460B46404649463C
:104FC0001AF042FEA0B1022384F80631012384F8CE
:104FD0000C310023C4F8105184F86E3184F870311C
:104FE00094F80631022B3FD0032B45D0012B41D141
:104FF00042464B46404649461AF03AFE002839D10F
:10500000D4F8DCA050461AF02FFB0022234BCDE948
:1050100004011AF0DBF906460F4602460B464046ED
:1050200049461AF007FE38BBDDE9042340464946ED
:10503000D4F8E4401AF008FE70B9394630461AF048
:105040002DFEFDEEC87A014600946423524617EE09
:10505000900A16F04BFD04460095DDE90223204638
:10506000D9E600260E4F21E72A4640464946FFF77B
:10507000FBFAF0E70024EFE76424EDE732463B4615
:10508000304639461AF0F4FD00283FF435AF51E7B9
:10509000AD0400200000E03F0000F03F0000694048
:1050A0000000F87F10B504460CF040FB2168BDE815
:1050B00010400CF063BB07B502AB43F8040D184673
:1050C000FFF7F0FF03B05DF804FB38B50546FFF7C6
:1050D000F2FF0446681CFFF7EEFF44EA002000B22E
:1050E00038BD70B500254FF6FF744AF20106284618
:1050F000FFF7E1FF4440A4B20823E2074FEA64004F
:1051000003F1FF3348BF704013F0FF0384B2F4D1C2
:105110000135582DEBD1204670BD73B502AD00238B
:1051200045F8043D04460E460CF000FB2A46216873
:105130000CF08FFB01280CD10CF0F8FA22683146F4
:105140000CF030FB0CF0F2FA0CF04BFB204602B0F6
:1051500070BD0CF0EBFA226831460CF023FBF5E74A
:1051600007B502AB43F8040D1846FFF7D6FF03B0AE
:105170005DF804FB38B50D460446FFF793FF854202
:1051800004D020462946FFF7C8FF0446204638BD14
:1051900007B502AB43F8040D1846FFF7EBFF03B069
:1051A0005DF804FB10B5FFF79CFFBA2104465820B8
:1051B000FFF7EEFF03215920FFF7EAFFE1B25A2083
:1051C000FFF7E6FFC4F307215B20BDE81040FFF7BF
:1051D000DFBF38B505460C46C9B2FFF7C1FFC4F3BF
:1051E0000721681CFFF7BCFFBDE83840FFF7DABFB6
:1051F00001B20020FFF7EDBF01B20220FFF7E9BFC7
:1052000001B20420FFF7E5BF01B20620FFF7E1BFBE
:1052100001B20820FFF7DDBF08B5C1B20A20FFF7D1
:105220009FFFBDE80840FFF7BDBF13B54FF07E53A9
:105230000093342401A80194FFF734FF0DEB04031D
:105240000134382C03F8340CF4D19DED000AB4EE8F
:10525000400AF1EE10FA13D6F6EE007AB4EEE70A41
:10526000F1EE10FA0CD4F0EE007AB4EE670AF1EE2B
:1052700010FAF7EE007AC8BFB0EE670A02B010BDB0
:10528000B7EE000AFAE701B20C20FFF7A2BF01B2A5
:105290000E20FFF79EBF01B21020FFF79ABFFFFF5D
:1052A00038B5074D3C2463192046197A0134FFF7BD
:1052B00057FF442CF7D1BDE83840FFF773BF00BF5C
:1052C000200800202DE9F047164CDFF85CA04FF4D1
:1052D000C87601274FF00008A4F5A2790025A81987
:1052E000FFF7E9FE63190135102D83F84C00F6D164
:1052F00094F84C3084F85B800133DBB2012B06D884
:105300003B465246294609EB06001BF0F5FD1036D8
:10531000B6F5047F07F1010704F11004DED1BDE802
:10532000F08700BF20080020B33002000728F8B53E
:105330000FD800F11906074F3601050100242B197B
:105340003B44301993F84C100134FFF721FF102C27
:10535000F5D1F8BD2008002008B501461220FFF75E
:10536000FFFEBDE80840FFF71DBF08B5014613204A
:10537000FFF7F6FEBDE80840FFF714BF08B5014689
:105380001420FFF7EDFEBDE80840FFF70BBFFFFF5D
:1053900010B50B4C1620B4F92811FFF71AFFB4F919
:1053A0002A111820FFF715FFB4F92C111A20FFF766
:1053B00010FFB4F92E111C20BDE81040FFF709BF03
:1053C0002008002010B50B4C1E20B4F93011FFF757
:1053D00000FFB4F932112020FFF7FBFEB4F93411BD
:1053E0002220FFF7F6FEB4F936112420BDE8104064
:1053F000FFF7EFBE2008002010B50B4C2620B4F9B3
:105400003811FFF7E6FEB4F93A112820FFF7E1FE64
:10541000B4F93C112A20FFF7DCFEB4F93E112C2030
:10542000BDE81040FFF7D5BE2008002010B5154C90
:105430004420B4F94011FFF7CCFEB4F942114620E4
:10544000FFF7C7FEB4F944114820FFF7C2FEB4F9D4
:1054500046114A20FFF7BDFEB4F948114C20FFF772
:10546000B8FEB4F94A114E20FFF7B3FEB4F94C115F
:105470005020FFF7AEFEB4F94E115220BDE81040A7
:10548000FFF7A7BE2008002010B50C4C542094F85C
:105490005011FFF765FE94F851115520FFF760FE9B
:1054A00094F852115620FFF75BFE94F853115720E1
:1054B000FFF756FEBDE81040FFF774BE200800203D
:1054C00001B22E20FFF785BE01B23020FFF781BE6A
:1054D00008B501463220FFF743FEBDE80840FFF75C
:1054E00061BEFFFF70B5074E642440F2A515A319F5
:1054F000204613F8641C0134FFF732FEAC42F6D1AB
:1055000070BD00BFEC0500202DE9F74F0DF1080834
:10551000002348F8083D0F469146144604260CF037
:1055200005F9424639460CF094F901281AD1009D3C
:10553000B54228BF354604EB050AA7EB040B5445DA
:1055400004EB0B0306D014F8011B019301A8FFF72D
:1055500011FEF4E7761B2F440CF0E8F80CF041F94B
:10556000002EDCD1484603B0BDE8F08F2DE9F341B1
:105570000020FFF7AAFDD14CC4F8DC000220FFF7A1
:10558000A4FDC4F800010420FFF79FFDC4F8EC005F
:105590000620FFF79AFDC4F8E4000820FFF795FD08
:1055A000C4F8E8000A20FFF786FD84F8F0000C201C
:1055B000FFF78BFDC4F878010E20FFF786FDA4F8F5
:1055C0007C011020FFF781FDA4F87E011620FFF773
:1055D0007CFDA4F828011820FFF777FDA4F82A0124
:1055E0001A20FFF772FDA4F82C011C20FFF76DFDB7
:1055F000A4F82E011E20FFF768FDA4F8300120203A
:10560000FFF763FDA4F832012220FFF75EFDA4F846
:1056100034012420FFF759FDA4F836012620FFF7B6
:1056200054FDA4F838012820FFF74FFDA4F83A01F3
:105630002A20FFF74AFDA4F83C012C20FFF745FD86
:10564000A4F83E011220FFF736FD84F8550113201F
:10565000FFF731FD003018BF012084F854011420F9
:10566000FFF729FD4FF461635843C4F85801442003
:10567000FFF72BFDA4F840014620FFF726FDA4F814
:1056800042014820FFF721FDA4F844014A20FFF71A
:105690001CFDA4F846014C20FFF717FDA4F84801B3
:1056A0004E20FFF712FDA4F84A015020FFF70DFD30
:1056B000A4F84C015220FFF708FDA4F84E01542035
:1056C000FFF7F9FC84F850015520FFF7F4FC84F84B
:1056D00051015620FFF7EFFC84F852015720FFF7E5
:1056E000EAFC84F853012E20FFF7EFFCA4F8140124
:1056F0003020FFF7EAFCA4F816013220FFF7DBFCAC
:105700003C2584F8180100262846FFF7D4FC6319CD
:10571000072805F1010594BF18721E72442DF3D1BC
:10572000674FFFF7CFFD642540F2A5183E46284697
:10573000FFF7C1FCEB190135454503F8640CF6D1C0
:105740000023F21892F8212142B1203A5E2A02D8B1
:105750000133202BF5D1002386F82131D4F8003114
:10576000D4F85821053BB3F5157F24BF1E23C4F898
:105770000031D4F8DC30C83BB3F52F7F84BF4FF441
:10578000C873C4F8DC30D4F8EC30013B632B84BF21
:105790000A23C4F8EC30D4F8E430642B84BF0A2325
:1057A000C4F8E430D4F8E830642B84BF5A23C4F83A
:1057B000E830D4F87831013B772B84BF0A23C4F852
:1057C0007831B4F87C31323BB3F5E17F84BF782384
:1057D000A4F87C31B4F87E31323BB3F5E17F84BF6D
:1057E000B423A4F87E3194F85531022B84BF0023F2
:1057F00084F85531334B9A4284BF0023C4F85831A2
:1058000094F85031B4F94821642B84BF282384F8DC
:10581000503194F85131642B84BF322384F85131D4
:1058200094F85231642B84BF3C2384F8523194F8AD
:105830005331642B84BF462384F85331B4F940318B
:105840009A42A1BF9623A4F84831AA23A4F8403174
:10585000B4F94A21B4F942319A42A2BF9B23A4F879
:105860004A31AF23B4F94C21A8BFA4F84231B4F9AE
:1058700044319A42A2BFA023A4F84C31B423B4F916
:105880004E21A8BFA4F84431B4F946319A42A4BFCE
:10589000A523A4F84E314FF05A00A4BFB923A4F8B1
:1058A0004631FFF708FC05465B20FFF704FC06467F
:1058B0005820FFF700FCBA2872D005E0200800202D
:1058C000EC0500203070050004F084FDB4F9DC1014
:1058D0000020FFF77EFCB4F900110220FFF779FCED
:1058E000B4F9EC100420FFF774FCB4F9E4100620BE
:1058F000FFF76FFCB4F9E8100820FFF76AFC94F892
:10590000F0100A20FFF744FCB4F978110C20FFF7DF
:1059100060FCB4F97C110E20FFF75BFCB4F97E113A
:105920001020FFF756FC94F855111220FFF730FCB9
:1059300094F854111320FFF72BFC4FF461631420EB
:10594000D4F85811B1FBF3F1C9B2FFF721FCFFF70E
:105950001FFDFFF737FDFFF74FFDB4F914112E209F
:10596000FFF737FCB4F916113020FFF732FC94F83A
:1059700018113220FFF70CFC02AA4FF07E5342F8B8
:10598000043D34210D48FFF7BFFDFFF789FCFFF709
:105990004DFDFFF779FDFFF705FC02B0BDE8F08192
:1059A0005920FFF788FB03288ED1FFF79AFB45EAC1
:1059B0000625ADB2854287D1EFE700BFC4040020C1
:1059C000F6EE007AB4EEE70AF1EE10FA07B514D459
:1059D000F0EE007AB4EE670AF1EE10FAC8BFB0EE4E
:1059E000670A02AA22ED010A34210548FFF78CFD5F
:1059F000FFF7D8FB03B05DF804FBB0EE670AF0E7F1
:105A0000C40400202B4B93F85421AAB1032813D8C7
:105A1000DFE800F002233241B3F93821C3F8DC207B
:105A2000B3F84021A3F81621B3F84821A3F81421B4
:105A300093F85021C3F8E820D3F8DC20A3F86421C0
:105A4000D3F8E82083F86621B3F81621A3F868217B
:105A5000B3F81421A3F86A217047B3F93A21C3F8C7
:105A6000DC20B3F84221A3F81621B3F84A21A3F8A9
:105A7000142193F85121DDE7B3F93C21C3F8DC2070
:105A8000B3F84421A3F81621B3F84C21A3F814214C
:105A900093F85221CEE7B3F93E21C3F8DC20B3F8E6
:105AA0004621A3F81621B3F84E21A3F8142193F848
:105AB0005321BFE720080020144BB3F92E2107EE35
:105AC000902AF8EEE77AF4EEC07AF1EE10FA18DADE
:105AD000B3F92C2107EE902AF8EEE77AF4EEC07ABB
:105AE000F1EE10FA0FDAB3F92A3107EE903AF8EE38
:105AF000E77AB4EEE70AF1EE10FA94BF0120002035
:105B00007047032070470220704700BF2008002024
:105B10003F4B93F8192193F85C0152B193ED470A7A
:105B2000B4EE400AF1EE10FA03D6FF2805D1FFF7D4
:105B3000C3BFFF2808BF002070470328F7D8DFE85D
:105B400000F002133251B3F92A21B3F93231D21ADB
:105B500007EE902AF8EEE77AB4EEE70AF1EE10FAD3
:105B600094BF012000207047B3F92A21B3F9301106
:105B70000A4407EE902AF8EEE77AB4EEE70AF1EE6F
:105B800010FA40DCB3F92C21B3F93431D21A07EE04
:105B9000902AF8EEE77AB4EEE70AF1EE10FA94BF35
:105BA000022001207047B3F92C21B3F932110A44C5
:105BB00007EE902AF8EEE77AB4EEE70AF1EE10FA73
:105BC00023DCB3F92E21B3F93631D21A07EE902A2D
:105BD000F8EEE77AB4EEE70AF1EE10FA94BF03208C
:105BE00002207047B3F92E21B3F934311A4407EE7D
:105BF000902AF8EEE77AB4EEE70AF1EE10FACCBF9D
:105C0000022003207047002070470120704700BF2A
:105C10002008002010B5FFF77BFFFFF7F3FE044CD0
:105C200084F85C0117F046FAC4F8600110BD00BFAB
:105C30002008002038B50446FFF76AFF0C4B93F8A4
:105C40005C2182420ED0D3F858513DB1D3F8601197
:105C50004FF47A72611A6A43914203D383F85C016C
:105C6000C3F8604193F85C01BDE83840FFF7CABE55
:105C700020080020064A00231370064A92F80611F5
:105C8000054A1170054A1360054A1360704700BF4A
:105C9000D104002020080020D0040020C8040020E7
:105CA000CC04002070B5414D414C95F80621267872
:105CB0004049B24205D0022E12D1012A10D10A70F9
:105CC000227095F8E0309BB1531E022B10D80123AF
:105CD0000B70394B64201860384B00221A6070BD7D
:105CE000032A02D00AB1632AEAD100230B70E7E746
:105CF00095F8043133B1304B002018602F4B0870F9
:105D00001860ECE795F86F31002BF4D1042AF2D03B
:105D1000632A02D10B701846E1E7032A03D101235D
:105D20000B706420DBE795F8F020D5F8E430224CC6
:105D3000012A26D18342D5F8E8600A70B8BF03462D
:105D40009E42A8BF1E46236873B91C4D2B6823B919
:105D500017F0B0F900F2EE20286017F0ABF92B68CD
:105D60009842DED300232B6020686FF00202331AC2
:105D70009342B8BF1346032BD4BFC0180330206032
:105D8000ADE79842B7DB03F109029042C4BF01239B
:105D90000B700B781BB9094A23601360BBE7D5F879
:105DA000E8608642A8BF0646CDE700BF2008002075
:105DB000D0040020D1040020C8040020CC0400201E
:105DC000FFF770BF014B1860704700BFDC04002074
:105DD00070B5324C2368002B43D0002501262021CA
:105DE000206809F002F9206806FA05F10368C94342
:105DF000C9B21B689847206803685B6B98474FF4EB
:105E0000967017F00FF9206803680122DB6B2021E0
:105E10009847206803681B699847F8B120680368B1
:105E20005B6998470023C0B21A1D40FA02F2D207FC
:105E300011D41B4A02EB8505EC5617F03BF9194AC1
:105E400092F90030A3420ED0174B14701860BCB109
:105E50000023184670BD0133042BE5D10135042D14
:105E6000BDD10024E9E75CB10F4A1268801A2828E6
:105E7000EED90E4A92F90010A142E9D01470E8E779
:105E80000A4A92F90030002BE2D0074B1B68C01A77
:105E90002828DDD900231370DBE700BFDC040020D5
:105EA000BC300200D2040020D4040020D80400201A
:105EB000084611461AF0C4BF08461AF0FDB9084654
:105EC0001AF0F2B94FF6FF7399421FBF0368CA096F
:105ED00003EBC20301F07F011ABF586800EBC10059
:105EE000002070477FB505460E46144610460AB19D
:105EF0001BF0B0F8CDE9014000228DF80C2004AA77
:105F00002B4612E9070043F8046B83E80700284694
:105F100004B070BD10B50446B4F5803F08460BD2FE
:105F20000921611808D203681B68984700B910BDA1
:105F30000123C4808380FAE70020F8E70A680B4653
:105F4000526801461846104770B5044616460D467D
:105F5000084609B11BF07EF8C4E9005026722046BD
:105F600070BDB2F5803FF8B506460F461546046889
:105F700007D2236809329B682046984708B1C5803C
:105F8000F8BD236820465B68394698470123337182
:105F90000020F5E738B5C588044601F12C002946F4
:105FA000FFF790FFA580206008B1C388E38038BD6B
:105FB00038B5002383604368044643B905681F2051
:105FC0002968FFF7A7FF08B901232B71606038BD6E
:105FD00038B50D464168044649B18268CB889A427B
:105FE00005D1520001320068FFF7BBFF60606368B3
:105FF00023B1A2681344511CA1601D7238BD2DE964
:10600000F0470379DA0705460C4610D500688B681F
:10601000002263B1984232D183882168013B9BB250
:10602000838023B9036842B31360FFF787FF2B799E
:10603000DB0608D52E8804F12C003146FFF742FF1D
:10604000A38E0380A6862B7913F0600F1CD02E88B8
:106050004FF6FF7A04F12C09564513D031464846D5
:10606000FFF730FF21460746B0F80680FFF7C7FF6D
:10607000A38E3B80A6864646EEE7A360D5E71A4688
:106080001B68C6E72E806E8000232B71BDE8F08769
:1060900038B5184B1A68184B1AB392F9002002B39E
:1060A000164C2268EAB192F90020D2B1144D2A6848
:1060B000BAB192F90020A2B10122124912481A7015
:1060C0000BF0B0FC2A6821680F480BF0AEFC0F21E2
:1060D0000D480BF0B7FC0D490B48BDE838400BF0FC
:1060E0008FBC00221A700A490A48BDE8384015F0F2
:1060F00095BF00BF5C0B0020F8040020600B00205F
:10610000580B0020A03102000005002099830000F8
:10611000B0310200381A002000F10C01074AC162B8
:106120004FF480210260016300224FF6FF7102717B
:106130008260818680F83C20C1877047180000206B
:1061400000F10C01074AC1624FF480210260016333
:1061500000224FF6FF7102718260818680F83C2038
:10616000C1877047180000202DE9F047002504463C
:106170000E46A946A28C276AABB29A420FD907EB0A
:10618000C3089A46D8F8041019B1336830465B68E2
:10619000984747F83A900135C8F80490EAE7002399
:1061A000A384BC424FF6FF73238507D0336839467A
:1061B0005B683046984704232462E384BDE8F08797
:1061C00038B505680446A06828B10368A36029466D
:1061D000FFF7B4FEF7E704F10C002168FFF7C4FFF6
:1061E000204638BD30B5022303710A7903461C1AD4
:1061F000E5B2AA4204D90D682C5703F8014BF6E723
:106200000023835430BDC0E90012072282600122BE
:1062100002737047C0E900120E22826001220273ED
:106220007047C0E900120B2282600122027370479E
:10623000C0E900120D228260012202737047C0E99A
:10624000001209228260012202737047C0E9001225
:1062500003228260012202737047C0E900120A2201
:106260008260012202737047C0E900120F2282602F
:10627000012202737047C0E90012052282600122E8
:1062800002737047C0E90012042282600122027387
:106290007047C0E900120C2282600122027370472D
:1062A000C0E9001206228260012202737047C0E931
:1062B00000120822826001220273704710B5D1E9F2
:1062C0000041C260042202610122C0E9014102755D
:1062D00010BDC0E9001202228260012202737047E1
:1062E00010B5D1E90041C260032202610122C0E978
:1062F0000141027510BD10B5D1E90041C260022212
:1063000002610122C0E90141027510BD8B8C30B5DC
:10631000013B0D6A9AB205EBC204616849B163881A
:1063200035F832509D4204D95D1C11EBC3016580E4
:1063300005D1002303604FF6FF73838030BD0160F9
:1063400003EBC213F9E72DE9F3470E8D4FF6FF7308
:106350009E4205460C4617460CD0314604F12000FB
:10636000FFF7B0FD038823852860AE80284602B081
:10637000BDE8F0878B8C53B16E463046FFF7C6FF01
:10638000009B23B196E8030085E80300EEE7A28CAA
:10639000E38C934217D1B3F5007F3FD05B009EB2F0
:1063A000236A3968A3424FEAC6022FD10B683846E8
:1063B00011469847804688B32022214619F0F7FFFE
:1063C000C4F82080E684B4F82480D4F820A008F132
:1063D00001039BB2B3F5007FA3843B680CBF7F260B
:1063E0008026F1001B68384698470AEBC809002848
:1063F00008BF00260023C9F8040021462AF83860A7
:106400002846A9F80230FFF781FFAFE7D1F80880EE
:1064100038461946C04780460028D1D100232B605A
:106420004FF6FF73AB80A1E737B50A6804460D4607
:1064300068460C31FFF787FF009B4FF6FF7233B9B8
:106440000121297120462360A28003B030BD0021C4
:10645000DA801971BDF80420F4E7F7B50446684600
:106460000F46FFF7E1FF009E66B16188BDF804505A
:106470004FF6FF73994208D007F12C00FFF722FD79
:10648000C5806580304603B0F0BD2580F9E737B59B
:106490000A6804460D4668460C31FFF754FF009B1E
:1064A00043B9012223604FF6FF732A71A38020466F
:1064B00003B030BDBDF804202360A280F7E707B524
:1064C0000368082203EBC101684619F070FF9DEDD7
:1064D000000B03B05DF804FB2DE9F74F91F9003094
:1064E0002B2B044632D02D2B31D10131012591F9CE
:1064F0000020A2F13003DBB2092B01D92E2A28D1CA
:10650000DFF874B28846002000214FF0993A4FF02E
:106510000A0EC4461CF9013BA3F13002D2B2092A8B
:106520001DD88B4508BF824520D30EFB01F3A0FB8D
:106530000E0119440023D2B2DF43D6438F4208BF75
:10654000864213D380185941E046E2E70131002525
:10655000CDE700232370204603B0BDE8F08F2BB9B0
:10656000E5B1B1F1004F08BF01280FD3784F0023E8
:106570004FF0FF368F4208BF864203F1010910D267
:1065800000230A2219F072FC4B46F3E70223404233
:10659000237061EB4101C4E90201DCE703232370AE
:1065A000F9E7A3EB080202EB0806434618F901CB12
:1065B000ACF13007FFB2092F36B2F4D9BCF12E0F7F
:1065C0001DD1C4460FF28019D9E900894FF00A0E97
:1065D00063460CF1010C1F78303FFFB2092F0ED833
:1065E000894508BF8045F3D3A0FB0E230EFB013382
:1065F000D01906F1FF3643F1000136B2E8E793F90E
:10660000002022F02002452A67D193F901202D2A8B
:1066100025D19F1C4FF0010C00224FF00A083B4689
:1066200017F901EBAEF1300E5FFA8EF9B9F1090FEF
:1066300026D808FB02E29319B3F59A7FEFDDBCF18F
:10664000000F13D0DFED437A9FED437A002D18BF82
:10665000F0EE477A01232370C4ED027A7BE72B2A00
:1066600014BF5F1C9F1C4FF0000CD5E700222DB11A
:106670003A4B04212170C4E902236CE7384BF8E758
:10668000BCF1000F00D0524293F90030002B7FF490
:1066900060AF164406F126034C2B27D8002908BF0B
:1066A000B0F5000F22D2002E07EE900AD4BF2D4B7A
:1066B0002D4BF8EEE77AD8BF764203F1180286B187
:1066C0009A420CD0F10748BF93ED007A4FEA660674
:1066D00048BF67EE877A0433F1E70022D4E7DFEDA5
:1066E000237A002DB6D0F1EE677AB3E718F0F0FF09
:1066F000002ECABF1E4B1F4B019380468946DCBF4C
:10670000019376420027B6B1092F10D0F3070BD5BD
:10671000394601A8FFF7D3FE4046494653EC102BFB
:1067200019F00CF88046894676100137EBE7DFF860
:106730004C904FF0000815B109F10043994604232D
:106740002370C4E9028906E79899999999990100FB
:10675000FFFF0F0000000000000000800000F0FFBD
:106760000000F07FE0300200F83002000000C07F3F
:106770005831020010310200999999190000F87FF0
:1067800070B5006878B1C4884B689C42F9D10D6837
:1067900000239C4207D9C218EE5692F9082096426F
:1067A000EFD10133F5E770BD2DE9FF418268436801
:1067B000032A04460D4603F1080319D818460021A0
:1067C000D7B2C61AF6B2BE4206D210F9016B002E3D
:1067D00008BF41F00101F4E751B98DF80C102846CB
:1067E00001A9CDE90132FFF7FDFC04B0BDE8F0815D
:1067F00000269E542768D4F808808DF80C6001A903
:1068000007F10800CDE90138FFF7BAFF68B9424641
:1068100061683846FFF7A5FB23689A6802609860B4
:10682000666005232B712860DFE78388013383804E
:10683000F7E72DE9F0418AB0064601A880E80E008E
:10684000109F0B46002954D09DF80C5035B10422FE
:106850003271316028460AB0BDE8F081029C032CF9
:1068600017D82A465FFA84FEA1EB030C5FFA8CFC72
:10687000E64507D911F901CBBCF1000F08BF42F082
:106880000102F1E72AB901463046FFF7ABFC0125CA
:10689000E0E707C8BE460DF11C0C5EF8088B04ABA0
:1068A00083E807008CE8070061467046FFF768FF41
:1068B00030B1838801338380052333713060E6E78C
:1068C00041462046FFF726FB10B901233B71C1E783
:1068D000079D00F1080200239C4203D0E956D154E1
:1068E0000133F9E7044400232372BB680360B860F6
:1068F000E2E70D46AEE770B586B003AC84E80E0063
:106900000A9D064640B12946FFF779FB009594E8B9
:106910000E003046FFF78DFF06B070BD30B589B070
:1069200002AB83E806000D46044608B11AF092FB5C
:10693000CDE9054000238DF81C30039B009308AB84
:1069400013E90E002846FFF7D6FF09B030BD70B539
:1069500088B002AB83E806000D46039E044608B1EA
:106960001AF078FBCDE9054000238DF81C30009625
:1069700008AB13E90E002846FFF7BDFF08B070BD55
:106980002DE9F0438BB001AC84E80E00129D0E4659
:1069900071B907914FF6FF73ADF82030079820B119
:1069A00007A82946FFF7F6FA07980BB0BDE8F08371
:1069B0000488DDF80880214605F12C00FFF782FAF3
:1069C000ADF81840059008B3C388ADF81A3001241B
:1069D000A1460027059999B35CB30B79042B18D015
:1069E000052B19D0022B1FD1002207A8FFF7ACFA04
:1069F000089A42451DD1079900239A4222D016F9E0
:106A000003C0C856844514D10133F6E74FF6FF732F
:106A1000DBE701220968E8E70B68DA888DF8247063
:106A20000833CDE90732E3E7CDE907778DF8249005
:106A3000DEE7294605A884F00104FFF7ABFAC9E7B1
:106A40000791A7E705AA92E8030007AB83E80300D4
:106A5000A4E730B5054689B00C46084609B11AF0DE
:106A6000F9FACDE9024000248DF8104002AA95F809
:106A70003C3007CA202B08BF05F1380405AB83E87A
:106A800007004CB100950ECB2046FFF779FF003090
:106A900018BF012009B030BD2046F8E7F0B50479F1
:106AA00005460E46018814F0100085B003D002F1AF
:106AB0002C00FFF707FA0C2C4FD01AD8042C49D021
:106AC00003D8022C40D0002035E0062C5BD00A2CE5
:106AD000F9D12A6800233168087800218B4208BF69
:106AE000824258D3994208BF90422CBF0120022015
:106AF00021E01A2C44D020D80E2CE4D1286818F0BC
:106B0000C5FD04460D463368187818F09DFD06460D
:106B10000F4602460B462046294619F081F8002808
:106B200039D132463B462046294619F097F80028CD
:106B300014BF0220012005B0F0BD1C2C1DD01E2C5E
:106B4000C1D1D0E90045DEE70022294601A8FFF7C0
:106B5000FBF9B8E701222968F8E72A68D3173168FA
:106B600008780021824273EB010414DB904271EB40
:106B70000303ACBF01200220DDE7D0E90023EEE7EC
:106B8000D0E90023A7E733682A781B789A4202D31A
:106B900003D90220CFE70420CDE70120CBE7FFFF98
:106BA00030B585B001466846FFF796FC9DF8003089
:106BB000013B032B48D8DFE803F00218242FDDED5A
:106BC000027A9FED257AF4EEC77AF1EE10FA3BDBFC
:106BD0009FED227AF4EEC77AF1EE10FA34D8FDEE8A
:106BE000E77A17EE900A05B030BDDDE9020110F139
:106BF000004241F10003012B08BF002A28BF0020FA
:106C0000F1E7DDE9020100238B426FF0004208BF8B
:106C1000824238BF0020E6E7DDE902450022104B42
:106C20002046294619F010F80028DCD008A3D3E943
:106C300000232046294618F0FDFF0028D3D0204627
:106C4000294619F02BF8CEE70020CCE7AFF30080FF
:106C50000000C0FFFFFFDF41000000CFFFFFFF4E3D
:106C60000000E0C1FFFFFFFF38B5057904460B4681
:106C7000018815F0100003D003F12C00FFF722F972
:106C8000023D1C2D65D8DFE805F02E6432340F6418
:106C90006464116415643764646464646464646483
:106CA0006464176422644C00207838BD206820EAB0
:106CB000E070FAE72068F8E7D0E9000100238B4292
:106CC0006FF0004208BF824238BF0020EDE7D0E9F4
:106CD000000110F1004241F10003012B08BF002A1E
:106CE00028BF0020E1E72046FFF75AFFDDE72068D4
:106CF000FAE720680830F7E7D4ED007A9FED187ABC
:106D0000F4EEC77AF1EE10FA23DB9FED167AF4EE7B
:106D1000C77AF1EE10FA1CD8FDEEE77A17EE900A6A
:106D2000C3E7D0E9004500220F4B2046294618F062
:106D30008BFF0028B9D008A3D3E9002320462946B9
:106D400018F078FF0028B0D02046294618F0A6FF9A
:106D5000ABE70020A9E700BF0000C0FFFFFFDF4155
:106D6000000000CFFFFFFF4E0000E0C170B5446897
:106D70000A44D0E90053AB4207D28A4205D011F948
:106D8000015B5E1C46601D70F3E782681B1B1344A9
:106D9000836070BD38B5054608460C461AF05AF9AE
:106DA000214602462846FFF7E1FF38BD2DE9F041B4
:106DB00086B00DF11604054616461F46A04630461D
:106DC00039460A22002319F051F8303204F8012D17
:106DD0000023304639460A2219F048F806460F4685
:106DE00056EA0703EBD1A8EB040221462846FFF739
:106DF000BDFF06B0BDE8F081D0E9002393423EBF5D
:106E00005A1C42601970836834BF01220022134467
:106E1000836070472DE9F0410D4622211646044655
:106E2000FFF7EAFFDFF850802E44B54215D015F980
:106E3000011B104B13F9027CAFB1023313F9032C81
:106E40008A42F7D15C212046FFF7D6FFF9B20DE068
:106E500041462046FFF79EFFE7E722212046FFF745
:106E6000CBFFBDE8F0810029F2D0C9B22046FFF780
:106E7000C3FFDAE7743E0200813E020070B5002ACB
:106E80001D4675F100030646144605DA2D21FFF76D
:106E9000B3FF644265EB450522462B463046FFF7BB
:106EA00085FF70BD437D13B504466BB901220DF11A
:106EB0000701006915F03AF950B19DF8073023EA4F
:106EC000E37323750123637594F9140002B010BDB8
:106ED0004FF0FF33F3E738B5044600252046FFF7AF
:106EE000E1FF0A2806DC092808DA48B101232373E8
:106EF00000200AE00D2801D02028F7D16575EDE7C4
:106F0000237B002B14BF0220012038BD70B505463D
:106F10004C1E002614F9010F50B12846FFF7C2FF9E
:106F200028B194F90030834203D16E75F2E7022054
:106F300070BD0320FCE72DE9F04387B006460D46FF
:106F4000FFF7B0FF002427462F28E3B20BDD3928D6
:106F50000BDC0134402C23D033197775D8763046BA
:106F6000FFF7A0FFF0E72B28F3D0A0F12D02D2B25B
:106F7000012AEED920F0200252B2452AE9D033444A
:106F800000221A7706F11C0102A8FFF7A5FA9DF866
:106F90000830013B032B62D8DFE803F03924043EBC
:106FA0003F23ECE7DDE90489B9F1010F08BFB8F12F
:106FB000000F07D20A232B71C5F80080002007B00C
:106FC000BDE8F083B1696846FFF761FA009B0BB931
:106FD0000420F4E71A222A71BDF804202A80C3E9AC
:106FE0000089EBE7DDE9048918F1004249F100036B
:106FF000012B08BF002A01D20C23DCE7B1696846E7
:10700000FFF745FA009B002BE2D01C22E3E70E239A
:107010002B71049B2B60D1E7DDE90489494640468A
:1070200018F084FE074618F031FB02460B46404636
:10703000494618F0EBFD18B10E232B712F60BDE708
:10704000B1696846FFF723FA009B002BC0D01E22CF
:107050002A71BDF804202A80C3E90089AEE7032025
:10706000ADE770B550F8046B07C88CB003AB16F1F0
:10707000380583E8070002D100200CB070BD93E80A
:10708000070096F83C30202B06AC09AB18BF002552
:1070900084E8070083E80700002DEDD000960ECBB2
:1070A0002846FFF76DFCE8E710B50446FFF7D9FF67
:1070B000216808B1FFF7D8FD10BD70B50646FFF78F
:1070C000D0FF054688B10479018814F0100003D080
:1070D00030682C30FEF7F6FE0C2C29D006D8062C92
:1070E00024D00A2C24D07CB3012070BD1A2C24D0CB
:1070F0000BD80E2CF8D1D5ED007AF5EE407AF1EEF2
:1071000010FA14BF01200020EFE71C2C15D01E2C14
:10711000EAD100220023D0E900014FF0010418F069
:1071200075FD08B14FF00004E0B2DEE72878DCE737
:107130002868003018BF0120D7E7D0E900231343A7
:1071400014BF01200020D0E72046CEE7FFFFFFFF5D
:107150002DE9F04F5BEC10AB8BB007460D4610EEFF
:10716000102A5B4610EE100A594618F04FFD30B950
:10717000AF493846FFF70EFE0BB0BDE8F08F002296
:1071800000235046594618F041FD68B952465B4607
:107190005046594618F01CF902460B4650465946CF
:1071A00018F034FD0028E3D1002200235046594650
:1071B00018F036FD30B12D213846FFF71DFE0BF1DA
:1071C00000439B46012301932C460A2324B1019AD4
:1071D0005A43013C0192F9E791A3D3E900235046B9
:1071E000594618F031FD00286AD0DFF850924FF070
:1071F00008084FF48076414604A8CDF81090FFF7B8
:107200005EF952465B4651EC100B18F013FD78B155
:10721000884B0493414604A8FFF751F9504659465C
:1072200053EC102B18F08AFA344482468B4624B271
:1072300018F1FF384FEA6606DDD2CDF80C80002247
:1072400000235046594618F009FD00283DD076A38A
:10725000D3E900235046594618F0ECFCA8B30023AC
:107260000293DDE90223A3EB020919F0800F2CD170
:107270000DF128086F4B48F8183D49464046FFF786
:107280001EF900226C4B51EC100B18F057FA5246C5
:107290005B4618F0E3FC78B1684B049349464046DE
:1072A000FFF70DF95046594653EC102B18F046FAEB
:1072B000A41B82468B4624B2029B76100133CFE793
:1072C00008234FF480760393B9E75046594618F0E7
:1072D0000DFD0A2206460346092B08D9B3FBF2F33B
:1072E000013D0199B1FBF2F16DB20191F4E7304635
:1072F00018F0AAF902460B465046594618F066F8AF
:1073000080460198894618F09FF902460B46404690
:10731000494618F013FA8046894618F0E7FC824681
:1073200018F092F902460B464046494618F04EF8CE
:107330000B46024618F04CF818F0D8FC019B0AEBFB
:107340000008434508D8013694B1092E10D90134FC
:1073500024B24FF0000801260A22B8FBF2F302FB28
:10736000138141B9002D06DD013D98466DB2F4E769
:107370004FF00008F0E70DF126010A22B6FBF2F308
:1073800002FB1366303601F8016D1E46002BF5D165
:107390000DF12606721A3846FFF7E8FCEDB108AA8F
:1073A0002B4611464FF00A0C013B5BB2581C09D02A
:1073B000B8FBFCF00CFB108808F1300802F8018DD6
:1073C0008046F1E7EDB2EB434D1B2E2205F8012C70
:1073D00019445A423846FFF7C9FC002C3FF4CCAEA2
:1073E00065213846FFF708FD002CA5B205DA2D21EE
:1073F0003846FFF701FD6D42ADB231460A22B5FBBA
:10740000F2F302FB1355303501F8015D9DB2002DFA
:10741000F5D1721A3846FFF7A9FCADE6AFF300804C
:1074200000000000D0126341F168E388B5F8E43E43
:10743000693E020010310200000024405831020071
:107440002DE9FF41057906460C46018815F010002C
:1074500003D002F12C00FEF735FD0C2D00F09980D1
:1074600016D8042D00F0878006D8022D78D0032D81
:1074700000F08880504998E0062D00F093807DD37D
:107480000A2DF7D1326800232046FFF78FFC1DE05C
:107490001C2D00F0848006D80E2D0ED01A2DE9D1B7
:1074A000D0E90023F0E7202D35D0402D12D01E2D3D
:1074B000E0D1092190ED000B05E0306818F0E6F806
:1074C00041EC100B06212046FFF742FEA06804B0F5
:1074D000BDE8F0815B212046FFF78EFC35884FF632
:1074E000FF76B54212D0E768294607F12C00FEF777
:1074F000E9FC05463A462146FFF7A2FFED88B54272
:10750000EFD02C212046FFF777FCEAE75D212046EB
:10751000FFF772FCDAE77B212046FFF76DFC4FF6A0
:10752000FF7735880126BD4218D0D4F80C80294653
:1075300008F12C00FEF7C6FC054642462146FFF73F
:107540007FFFED88BD4206D0002E0CBF2C213A21D2
:107550002046FFF751FC86F00106E4E77D21D6E7DF
:107560000022314601A8FEF7EFFCDDE901122046BA
:10757000FFF750FCAAE701223168F3E73168CA88B7
:107580000831F4E731682046CA880831FFF7EEFB7E
:107590009CE73268D3172046FFF770FC96E7D0E9E6
:1075A0000023F8E7337823B104492046FFF7F2FBC4
:1075B0008CE70349F9E700BF693E0200883E0200FC
:1075C0008D3E020030B587B06C4684E80300144657
:1075D0001D46E318CDE9023400230A46CDE9043103
:1075E00040B102A9FFF72CFF854284BF002323543A
:1075F00007B030BD02A80249FFF7CCFB0498F3E7BF
:10760000693E02002DE9F0438FB003AC84E80E0020
:10761000169E009694E80E000746FFF7B1F978B978
:1076200094E807000BAD85E80700314607A8FEF790
:10763000FBFEDDF81C80B8F1000F04D100242046C9
:107640000FB0BDE8F083314609A8FEF7EDFE099CB6
:10765000002CF3D0009695E80E004046FFF7E9F8BD
:107660000028EBD0BDF82850A8F806507988BDF85E
:1076700020904FF6FF73994207D006F12C00FEF7D9
:1076800021FCA0F806907D80D9E7A7F80090FAE7E2
:1076900070B5446886B014B9002006B070BD00F122
:1076A0000C02866807CA03AB83E80700024600287D
:1076B000F2D0217961B9202121714FF6FF7121802B
:1076C0006180039200960ECB2046FFF79BFFE4E714
:1076D0002029F6D0E0E738B504460D46FFF7D8FF7D
:1076E000A168044628B1FEF78AFC062323712570A1
:1076F000012038BD37B504460D46FFF7C9FFA36822
:10770000CDE9000302AB284613E90600FFF706F9AE
:10771000A06810B1007980F0010003B030BD70B5F1
:10772000036813F1380686B002D1002006B070BDA0
:10773000021D07CA03AC84E8070002460028F4D003
:1077400093F83C1071B9202183F83C104FF6FF717B
:10775000198759870392009394E80E003046FFF78B
:1077600051FFE3E72029F5D0DFE738B504460D46A1
:107770000846FFF7D4FF2B68C4E90003204638BD54
:1077800073B56C4605460E4601462046FFF7EDFFF1
:10779000304694E80600FFF7C1F8286810B1007978
:1077A00080F0010002B070BD10B52DED028B82B0EB
:1077B00001466846B0EE408AFFF7D7FF009C64B1EF
:1077C00020460199FEF71BFC0E23237184ED008AED
:1077D000012002B0BDEC028B10BD2046F9E737B5A1
:1077E0000D4601466846FFF7C0FF009C4CB120469D
:1077F0000199FEF704FC0A2323712560012003B0E0
:1078000030BD2046FBE737B50D4601466846FFF719
:10781000ACFF009C4CB120460199FEF7F0FB0C2315
:1078200023712560012003B030BD2046FBE737B54A
:107830000D4601466846FFF798FF009C4CB1204674
:107840000199FEF7DCFB0C2323712560012003B0B6
:1078500030BD2046FBE730B50D4689B001460446F1
:1078600003A8FFF782FF2A68AB680398CDE90523D8
:1078700000238DF81C30049B009308AB13E90E0025
:10788000FFF739F8206810B1007980F0010009B0E5
:1078900030BD37B50D4601466846FFF766FF009CD0
:1078A0004CB120460199FEF7AAFB062323712570EF
:1078B000012003B030BD2046FBE737B50D46014639
:1078C0006846FFF752FF009C4CB120460199FEF735
:1078D00096FB0A2323712560012003B030BD2046AA
:1078E000FBE730B585B005466846FEF7FBFA68460B
:1078F000FFF715FF0099044638B1FEF780FB2023FF
:1079000023714FF6FF7323806380009B2C60284611
:107910006B6005B030BDFFFF2DE9F047ADF5387D58
:107920005C4D019008AC07468A46914680215A4A30
:107930000095984618A8594BC19E19F0DDFA2046CB
:10794000FEF7FEFB564A214638A8FEF79BFC51463F
:1079500038A8FFF715FF294602A805AD14F06AFC08
:1079600002A9284614F094FC4E49284614F0E6FC7F
:10797000394614F0E3FC4C4A0746214638A8FEF786
:1079800042FC394638A8FFF766FF284614F007FC8A
:1079900002A814F004FC454A214638A8FEF780FCF2
:1079A000494638A8FFF7ECFE414A214638A8FEF7C1
:1079B0002AFC414638A8FFF7E3FE214638A83D4A95
:1079C000FEF767FCC09938A8FFF7DAFE46B12146FA
:1079D00038A8394AFEF717FC314638A8FFF7D0FE21
:1079E000364A214638A8FEF774FCC29938A8FFF73A
:1079F000C7FE214602A8324AFFF773FF314A02A9A7
:107A000038A8FEF76DFC234938A8FFF773FE244A17
:107A100002A938A8FEF752FC2B4938A8FFF76AFEE6
:107A20002A4A02A938A8FEF766FC294938A8FFF7B8
:107A300061FE284A02A938A8FEF752FC264938A858
:107A4000FFF758FE254A02A938A8FEF754FC24493E
:107A500038A8FFF74FFE16ABC5E9003438AA95E801
:107A600003004FF40073FFF7ADFD002300930122E4
:107A700018A91C480AF02BF938A91A4814F0AFFAD3
:107A800018480AF0FEFC2046FEF79AFB0DF5387DFB
:107A9000BDE8F087D23D0200BB3D0200AD3D0200D3
:107AA000614E0200E33D0200E53D0200ED3D0200B3
:107AB000F43D0200FC3D0200093E0200113E0200BE
:107AC000143E0200183E02001C3E02002D3E020041
:107AD000303E0200353E0200393E0200453E0200C3
:107AE000483E0200000500202DE9F047ADF5387D45
:107AF000534E019008AC80460D4692469946514A35
:107B0000514B524F0096802118A819F0F5F92046E4
:107B1000FEF716FB3A46214638A8FEF7B3FB294686
:107B200038A8FFF72DFE05AD314602A814F082FB00
:107B300002A9284614F0ACFB4549284614F0FEFB88
:107B4000414614F0FBFB434A8046214638A8FEF725
:107B50005AFB414638A8FFF77EFE284614F01FFB6B
:107B600002A814F01CFB3C4A214638A8FEF783FB10
:107B7000514638A8FFF704FE384A214638A8FEF7D8
:107B80008FFB494638A8FFF7FBFD354A214638A848
:107B9000FEF79FFBC09938A8FFF7F2FD214602A827
:107BA000304AFFF79EFE304A02A938A8FEF798FB3C
:107BB000314638A8FFF79EFD3A4602A938A8FEF7DD
:107BC0007DFB2A4938A8FFF795FD294A02A938A864
:107BD000FEF791FB274938A8FFF78CFD264A02A93A
:107BE00038A8FEF77DFB254938A8FFF783FD244A16
:107BF00002A938A8FEF77FFB224938A8FFF77AFDD3
:107C000016ABC5E9003438AA95E803004FF40073B9
:107C10001D4DFFF7D7FC00230093012218A9284629
:107C20000AF055F838A9284614F0D9F928460AF080
:107C300028FC2046FEF7C4FA0DF5387DBDE8F08734
:107C4000D23D02004C3E0200AD3D0200614E0200FA
:107C5000E33D0200E53D0200633E0200ED3D02000F
:107C6000113E0200143E0200183E02001C3E0200BB
:107C70002D3E0200303E0200353E0200393E020039
:107C8000453E0200483E0200000500202DE9F04F6D
:107C90002DED048BADF5397D704D019008AC80461B
:107CA0008B46924680216E4A0095994618A86D4BE6
:107CB000C79FC89EF0EE608AB0EE418AB0EE409A4F
:107CC00019F01AF92046FEF73BFA674A214638A810
:107CD000FEF7D8FA594638A8FFF752FD294602A800
:107CE00005AD14F0A7FA02A9284614F0D1FA5F49AD
:107CF000284614F023FB414614F020FB5C4A8046E2
:107D0000214638A8FEF77FFA414638A8FFF7A3FDC1
:107D1000284614F044FA02A814F041FA554A2146C4
:107D200038A8FEF7A8FA514638A8FFF729FD524AAD
:107D3000214638A8FEF7B4FA494638A8FFF720FDD7
:107D40004E4A214638A8FEF781FAB0EE490A38A813
:107D5000FFF72AFD4A4A214638A8FEF777FAB0EE27
:107D6000680A38A8FFF720FD464A214638A8FEF7E2
:107D700089FAB0EE480A38A8FFF716FD214638A860
:107D8000414AFEF786FAC69938A8FFF7F9FC47B1D1
:107D9000214638A83D4AFEF736FA394638A8FFF79B
:107DA000EFFC46B1214638A8394AFEF792FA31462F
:107DB00038A8FFF7E5FC214602A8364AFFF791FDF7
:107DC000354A02A938A8FEF78BFA244938A8FFF7EC
:107DD00091FC254A02A938A8FEF770FA2F4938A865
:107DE000FFF788FC2E4A02A938A8FEF784FA2D492D
:107DF00038A8FFF77FFC2C4A02A938A8FEF770FAD2
:107E00002A4938A8FFF776FC294A02A938A8FEF7C4
:107E100072FA284938A8FFF76DFC16ABC5E90034A3
:107E200038AA95E803004FF40073FFF7CBFB00235B
:107E30000093012218A9204809F049FF38A91E48DB
:107E400014F0CDF81C480AF01CFB2046FEF7B8F9E8
:107E50000DF5397DBDEC048BBDE8F08FD23D0200FD
:107E6000913D0200AD3D0200614E0200E33D020083
:107E7000E53D0200633E0200ED3D0200563D02007A
:107E80005E3D0200A83D0200FC3D0200093E0200EA
:107E9000113E0200143E0200183E02001C3E020089
:107EA0002D3E0200303E0200353E0200393E020007
:107EB000453E0200483E02000005002038B5044659
:107EC0000D46FEF7EFFFA8424FF0000004BF6075BB
:107ED000012038BDF0B585B00F466946064681E8F9
:107EE0000C0014460AB3194610461D46FEF787F8E3
:107EF00016F1004247F10003012B08BF002A05D20A
:107F00000C2323712660012005B0F0BD02A829468C
:107F1000FEF7BDFA02980028F6D01C232371BDF8A5
:107F20000C302380C0E90067EDE71046ECE71FB591
:107F30000C4601466846FFF718FC009B0293019B24
:107F4000039304AB13E90C0020460021FFF7C2FFA6
:107F500004B010BD7F2837B50C4605D841B2204685
:107F6000FEF736F803B030BD00238DF8003000F086
:107F70003F03800982B263F07F031F2A8DF801302E
:107F8000C3B20DD863F03F038DF802300DF1030545
:107F900015F9011D0029E5D02046FEF719F8F7E78D
:107FA000C0F3891003F03F0363F07F030F288DF8BF
:107FB0000230C3B205DC63F01F038DF8033001AD5E
:107FC000E6E703F03F03801163F07F0360F00F00EA
:107FD0008DF803308DF804000DF10505D8E7FFFF9B
:107FE0002DE9F0478046FEF75DFF0024384E88F803
:107FF0001540074625464046FEF754FF8742014696
:1080000088F815505CD010B90220BDE8F0875C28D4
:1080100052D14046FEF746FF0028F5D075283CD1E6
:1080200088F815504FF004094FF0000A4046FEF75B
:1080300039FF0028E8D04028CBBF20F0200230389C
:10804000373AC3B2C8BFD3B20F2B01D90320DCE744
:1080500009F1FF3943EA0A1319F0FF091FFA83FAFD
:1080600088F81550E2D10AF520539BB2B3F5806F22
:1080700002D2CAF30904BEE70AF510539BB2B3F566
:10808000806F3DBFCAF3090A4AEA842A0AF58030A4
:1080900050464146FFF75EFFADE700239A57991916
:1080A000002AD3D0904203F10203F7D191F90110D5
:1080B0000029CBD088F815504046FDF789FF9AE794
:1080C000D8F80430002B0CBF042000209DE700BF2F
:1080D0006E3E02002F280EDD392803DD5E2803DD09
:1080E0007A2803DC01207047402804DD5A28CCBFE1
:1080F0000020012070470020704770B50446FDF74E
:1081000057FF2046FEF7CEFE27281ED022281CD07F
:108110002046FEF7C7FE0546FFF7DCFF98B10026B4
:10812000294620466675FDF753FF2046FEF7BAFE46
:108130000546FFF7CFFF0028F2D16368002B0CBF84
:108140000420002000E0032070BD2046FFF748FF18
:10815000FAE72DE9F04F5FFA83F98DB004460D463A
:10816000B9F1000F00F0858000234375FEF7B3FEE0
:10817000B8B97D212046FFF7A1FE88B90DF124088A
:108180002046FFF7BAFF60B92046FEF7A4FE064678
:1081900038B93A212046FFF791FE28B9032000E0C4
:1081A00000200DB0BDE8F08FD4E9013213448DF802
:1081B0002C601E72D4E901320833CDE90932A3697B
:1081C000009398E80E002846FEF7DAFB07460028E1
:1081D0004BD1D4F818B005A85946FEF725F9059EED
:1081E0000EB90420DDE7594607A8FEF71DF9079FE1
:1081F000002FF6D0BDF820A0A6F806A06988BDF82B
:1082000018304FF6FF7291422DD00BF12C000393E2
:10821000FDF758FE039BC380A5F802A03146204617
:10822000FEF7C2FA09F1FF334FF00002394620464B
:1082300000F022F80028B4D12046FEF74CFE0028BA
:10824000AFD17D212046FFF739FE0028A8D12C218F
:108250002046FFF733FE0028A0D02046FEF73BFE65
:1082600000288DD09DE72B80D6E7A169FDF7C7FEDA
:10827000D8E7052095E7FFFFF8B505460E461F46EF
:10828000FEF729FE0446002858D12846FEF70AFECC
:1082900066286DD013DC272803D05B2817D022284E
:1082A0006BD12846FDF784FE2846FFF799FE044669
:1082B000002843D131462846FEF776FA3EE074287E
:1082C0004DD07B283CD06E2857D130494CE040231C
:1082D0003371FFB24FF6FF7333807380002F51D09C
:1082E0006C752846FEF7F7FD044638BB5D2128462D
:1082F000FFF7E4FD08BB013FA9693046FEF7ADF882
:108300000146002840D03B464FF000022846FFF7C8
:10831000B3FF044690B92846FEF7DDFD044668B970
:108320005D212846FFF7CAFD38B92C212846FFF702
:10833000C5FD0028E0D1032400E000242046F8BD5C
:10834000202333714FF6FF73338073804FF00002A8
:108350003B4631462846FFF7FCFE0446EEE706237F
:1083600033710B49012333702846FEF7CFFDF4E744
:108370000623337134700749F6E731462846FEF785
:10838000DAFDEAE70524D9E70424D7E7693E0200CD
:10839000883E02008D3E020070B5B2B0A74904A825
:1083A0000BAC09F02FFB2046FDF7B6FE0B990EA88B
:1083B000FDF7DAFE00230B9D8DF830300D9828B1C3
:1083C00003680D932946FDF7B9FDF7E79B4B8DF840
:1083D0006800CDE91B401D908DF878001F938DF843
:1083E00081004FF00A034FF0000219A91BA8219445
:1083F000FFF742FF054640B99DF980302BB19DF84B
:10840000683013F0080F18BF03251C9818B11B9B88
:108410001968FDF793FD25BB89492046FEF719FB36
:10842000F8B1874A214607A8FDF725FF85491BA813
:1084300013F000FF1BA904A813F0C0FF05461BA8FA
:1084400013F0ADFEADB107A8FEF72EFEA0F1C803F4
:10845000B3F52F7F054604D8FCF7CAFE7A4BC3F864
:10846000DC502046FDF7ACFE04A813F098FE32B0B5
:1084700070BD76491BA813F0DDFE1BA904A813F0FC
:108480009DFF05461BA813F08AFE6DB107A8FEF7F5
:108490000BFE431FB3F5157F0546E2D2FCF7ACFE99
:1084A000694BC3F80051DCE769491BA813F0C2FE11
:1084B0001BA904A813F082FF05461BA813F06FFE4A
:1084C00065B107A8FEF7F0FD431E632B0546C8D82B
:1084D000FCF796FE5C4BC3F8EC50C2E75D491BA865
:1084E00013F0A8FE1BA904A813F068FF05461BA8FB
:1084F00013F055FE7DB107A8FEF7D6FD64280546AA
:10850000AFD8514ED6F8E8309842AADCFCF77CFE92
:10851000C6F8E450A5E750491BA813F08BFE1BA931
:1085200004A813F04BFF05461BA813F038FE7DB1DD
:1085300007A8FEF7B9FD6428054692D8424ED6F842
:10854000E43098428DDBFCF763FEC6F8E85088E71C
:1085500042491BA813F06EFE1BA904A813F02EFFBE
:1085600005461BA813F01BFE4DB107A8FEF7A5FD9D
:108570000546FCF751FE344B83F8F05071E738495B
:108580001BA813F057FE1BA904A813F017FF0546FC
:108590001BA813F004FE6DB107A8FEF785FD431E6E
:1085A000772B05463FF65DAFFCF76DFE264BC3F813
:1085B000785156E72B491BA813F03CFE1BA904A8D1
:1085C00013F0FCFE05461BA813F0E9FDA5B107A8B2
:1085D000FEF76AFDA0F13203B3F5E17F05463FF6F1
:1085E00040AF194EB6F97E3198423FF73AAFFCF7EB
:1085F0004EFEA6F87C5134E71B491BA813F01AFE67
:108600001BA904A813F0DAFE05461BA813F0C7FD4A
:1086100065B307A8FEF748FDA0F13203B3F5E17F8B
:1086200005463FF61EAF084EB6F97C319842FFF67C
:1086300018AFFCF730FEA6F87E5112E700050020C7
:10864000733A0200E03602002008002005370200DD
:10865000333702006A3702008D370200B03702005C
:10866000E8370200103802004D380200A4491BA868
:1086700013F0E0FD1BA904A813F0A0FE05461BA8FB
:1086800013F08DFD6DB107A8FEF70EFD02283FF631
:10869000E8AEC5B22846FCF75FFE9A4B83F8555109
:1086A000DFE699491BA813F0C5FD1BA904A813F028
:1086B00085FE05461BA813F072FD4DB107A8FEF715
:1086C000FCFC0546FCF751FE8E4B83F85451C8E67E
:1086D0008E491BA813F0AEFD1BA904A813F06EFE73
:1086E00005461BA813F05BFD85B107A8FEF7DCFC6F
:1086F000632805463FF6B5AEC0B2FCF73FFE4FF427
:108700006160804B6843C3F85801AAE680491BA802
:1087100013F090FD1BA904A813F050FE05461BA8FA
:1087200013F03DFD6DB107A8FEF7BEFC00F1640338
:10873000FA2B3FF696AE734BA3F82801FCF728FE00
:108740008FE674491BA813F075FD1BA904A813F04C
:1087500035FE05461BA813F022FD5DB107A8FEF704
:10876000A3FC00F16403FA2B3FF67BAE654BA3F844
:108770002A01E3E768491BA813F05CFD1BA904A8C4
:1087800013F01CFE05461BA813F009FD5DB107A8F8
:10879000FEF78AFC00F16403FA2B3FF662AE594BF8
:1087A000A3F82C01CAE75D491BA813F043FD1BA9E0
:1087B00004A813F003FE05461BA813F0F0FC5DB1FE
:1087C00007A8FEF771FC00F16403FA2B3FF649AEEF
:1087D0004C4BA3F82E01B1E751491BA813F02AFD19
:1087E0001BA904A813F0EAFD05461BA813F0D7FC4B
:1087F0005DB107A8FEF758FC32283FF632AE414B78
:10880000A3F83001FCF7DEFD2BE646491BA813F068
:1088100011FD1BA904A813F0D1FD05461BA813F0F8
:10882000BEFC4DB107A8FEF73FFC32283FF619AE5B
:10883000344BA3F83201E5E73B491BA813F0FAFCDF
:108840001BA904A813F0BAFD05461BA813F0A7FC4A
:108850004DB107A8FEF728FC32283FF602AE294B9F
:10886000A3F83401CEE731491BA813F0E3FC1BA9A0
:1088700004A813F0A3FD05461BA813F090FC4DB10E
:1088800007A8FEF711FC32283FF6EBAD1D4BA3F80D
:108890003601B7E726491BA813F0CCFC1BA904A896
:1088A00013F08CFD05461BA813F079FC75B107A8E1
:1088B000FEF7FAFBA0F1C803B3F52F7F3FF6D1AD69
:1088C000104BA3F83801FCF797FDCAE519491BA81E
:1088D00013F0B0FC1BA904A813F070FD05461BA8FB
:1088E00013F05DFC45B307A8FEF7DEFBA0F1C8035B
:1088F000B3F52F7F3FF6B5AD024BA3F83A01E2E79F
:108900000039020020080020CB3802009438020011
:10891000793A0200873A0200923A0200A03A020035
:10892000AF3A0200BE3A0200CA3A0200D93A020047
:10893000303902005B39020083491BA813F07AFC2E
:108940001BA904A813F03AFD05461BA813F027FC49
:1089500065B107A8FEF7A8FBA0F1C803B3F52F7F08
:108960003FF67FAD794BA3F83C01ACE778491BA8F3
:1089700013F060FC1BA904A813F020FD05461BA8FA
:1089800013F00DFC65B107A8FEF78EFBA0F1C8033C
:10899000B3F52F7F3FF665AD6C4BA3F83E0192E730
:1089A0006C491BA813F046FC1BA904A813F006FD94
:1089B00005461BA813F0F3FB5DB367490BA8FEF750
:1089C00048F800283FF44DAD64490BA8FEF741F884
:1089D00000283FF446AD604A0BA91BA8FDF752FCE6
:1089E0001BA8FEF761FB5D4A05460BA91BA8FDF716
:1089F00049FC1BA8FEF758FB072D3FF632AD0728B0
:108A00003FF62FAD514B2B4483F84400FCF748FC54
:108A100027E553491BA813F00DFC1BA904A813F06C
:108A2000CDFC05461BA813F0BAFB95B107A8FEF7CD
:108A30003BFBA0F12803C82B3FF613AD434BB3F922
:108A400016219042BFF60DADA3F81401FCF738FDD6
:108A500007E544491BA813F0EDFB1BA904A813F07C
:108A6000ADFC05461BA813F09AFB95B107A8FEF7CD
:108A70001BFBA0F12803C82B3FF6F3AC334BB3F933
:108A8000142190427FF7EDACA3F81601FCF71CFD12
:108A9000E7E435491BA813F0CDFB1BA904A813F08C
:108AA0008DFC05461BA813F07AFBDDB107A8FEF785
:108AB00004FB00283FF4D5AC244D002385F86E312B
:108AC000C5F8743195F80631042B7FF4CAAC022343
:108AD00085F80631012385F80C3114F0EBFAC5F85E
:108AE0001001BEE421491BA813F0A4FB1BA904A894
:108AF00013F064FC05461BA813F051FB002D3FF456
:108B0000B0AC1B490BA8FDF7A4FF00283FF4A9ACAB
:108B1000174A0BA91BA8FDF776FB1BA8FEF7A1FAC5
:108B200001231B9A8DF8043000283FF49AAC01AB66
:108B300002A9CDE90232FDF7B1FF01287FF491AC23
:108B400005F020FB8DE400BF8839020020080020DA
:108B5000B3390200E93A0200F03A0200F53A0200A5
:108B6000E0390200173A020080350200FA3A0200AA
:108B7000093B020010B5054C204608F00BFA2146CF
:108B80000348BDE8104008F035BF00BFCC05002009
:108B9000000500202DE9F04F2DED028BD9B008AC77
:108BA0000BAA734BE2624FF48022214623602263BA
:108BB00000234FF6FF756F4A237118A8A36084F84D
:108BC0003C30A586E587FDF78DF918A8FEF7A7FDCF
:108BD0001899074628B1FDF712FA40233B713D80F2
:108BE0007D80DFF8B481DDF860904FF0000AC34665
:108BF00098F800305FFA8AF6B34206AD40F28B80F7
:108C0000002F00F0868049463846FDF726FC0346D3
:108C100050B149460390FDF7F2F9039B20221A71E7
:108C20004FF6FF721A805A80C5E90039CDE919392B
:108C3000514B1B9305231C9318A801238DF8743006
:108C4000FEF726FD1A99039028B1FDF7D8F9039B8A
:108C50000A221A711E602946484A18A8FDF72EFB01
:108C600018A8FEF715FD1A9ACDE9040204AB08EB2B
:108C7000061093E806004C30FDF769FED5E90023A5
:108C8000CDE919233E4B1B9306231C9301238DF83A
:108C9000743018A808EB860393ED018AFEF7F8FC00
:108CA0001A99054628B1FDF7AAF90E232B7185ED17
:108CB000008A14F0FFF90BEB86030125596A8DF841
:108CC0007450DDE90623401A40F6B8318842CDE9F8
:108CD00019232C4B1B9388BF00214FF0090398BF29
:108CE000012118A81C93FEF7F6FCDDE906239BF88A
:108CF00044108DF87450CDE91923234B1B930D2399
:108D00001C938B1B5942594118A8FEF7E4FCAA4456
:108D10006EE73B4688E71D4A214618A8FDF7ABFAE7
:108D200098F8001018A8FEF75AFD16ABC5E90034F4
:108D300018AA95E803004FF48073FEF743FC002364
:108D40001A46009305461249124808F0C0FF2A4609
:108D500018A9104808F00CFF0E4809F092FB2046B5
:108D6000FDF72EFA59B0BDEC028BBDE8F08F00BFC5
:108D7000180000203D3D0200153D0200614E02003A
:108D80001B3D0200E13B0200223D0200303D02009B
:108D9000363D020000050020200800202DE9F041AA
:108DA000D8B008AC074620460E469046FDF7B4F909
:108DB0002C4A214618A8FDF773FA18A904A8FEF753
:108DC000D4FC049D3DB105992846FDF718F906230A
:108DD0002B7185F80080244A214618A8FDF752FA25
:108DE000394618A8FEF7CCFC204A214618A8FDF702
:108DF0000AFA314618A8FEF7C3FC14F05BF91C4AC6
:108E00002146064618A8FDF744FA18A906A8FEF759
:108E1000ACFC069D35B107992846FDF7F0F80A230A
:108E20002B712E6016ABCDE9023402A918AA4FF4BB
:108E3000807303C9FEF7C6FB00231A46009305465C
:108E40000C490D4808F043FF2A4618A90A4808F0C3
:108E50008FFE094809F015FB2046FDF7B1F958B01F
:108E6000BDE8F081333C0200113B0200163B0200DA
:108E70001E3B02002B3B0200000500202DE9F041C3
:108E80002DED028BADF5956D1AACC24BC24D236032
:108E90001DABE3622E784FF48023002023634FF64E
:108EA000FF732071A060A38684F83C00E387002E46
:108EB00000F0088295F84470BE4240F2028205EB51
:108EC000870393ED018AB4EE488AF1EE10FA80F13F
:108ED000FC8105EB870714F0EDF87E6A801B40F6F5
:108EE000B836B0428CBF00260126AC4AAC4F2146B2
:108EF0002AA8FDF788F995ED350A2AA8FEF754FC53
:108F0000A84A21462AA8FDF785F995ED350A2AA831
:108F1000FEF74AFCA44A21462AA8FDF782F995EDFE
:108F2000360A2AA8FEF740FCA04B2B9310232C9363
:108F300095F8E0102A9401232AA88DF8B430FEF7A2
:108F4000A8FC9B4B95F8E0202146002A08BF1F464D
:108F50002AA8984AFDF76CF939462AA8FEF710FCB2
:108F6000954A21462AA8FDF76AF9B0EE480A2AA8D0
:108F7000FEF71AFC914A21462AA8FDF74BF9314623
:108F80002AA8FEF786FC8E4A21462AA8FDF75EF93C
:108F9000D5F880112AA8FEF736FC8A4A21462AA86D
:108FA000FDF75BF9D5F8F4102AA8FEF72CFC864AE9
:108FB00021462AA8FDF743F9D5F880112AA8FEF723
:108FC00022FC824A21462AA8FDF74EF9D5F88011E5
:108FD0002AA8FEF718FCFBF741FD7D4A2146B0EEBA
:108FE000408A2AA8FDF716F9B0EE480A2AA8FEF72B
:108FF000DBFB784A21462AA8FDF73DF92AA902A8F9
:1090000095F80661FEF7B1FBDDE90212CDE9041225
:1090100004AB0CCB00213046FEF75CFF6E4807F036
:10902000D1F96E4A214607462AA8FDF72BF92AA94D
:1090300006A8FEF79AFB069E36B107993046FCF764
:10904000DEFF0C233371376095F80631002B00F0FA
:109050003E81032B00F03D81012B00F03C81022B6F
:1090600000F03B815E4E5F4A042B18BF16465E4AF5
:1090700021462AA8FDF7F1F831462AA8FEF780FB21
:109080005A4B2B9315232C9395F86E112A94012398
:109090002AA88DF8B430FEF7FCFB95F86E0188B174
:1090A000D5F87831002B40F31A8114F003F8D5F885
:1090B00078314EF660215943D5F87431C01A081A38
:1090C00020EAE07001274A4B2B934FF016084EF62A
:1090D00060264FF47A7190FBF6F690FBF1F12AA826
:1090E0002A94CDF8B0808DF8B470FEF78CFB414B1C
:1090F0002A9431462AA8CDE92B388DF8B470FEF7B2
:1091000082FB33463C4A202112A817F0F5FE0CAE34
:109110003A4B2B932AA91D2330462C932A948DF881
:10912000B470FEF722FB96E803000AAB83E8030065
:1091300012A893E80600FDF70AFC314A21462AA846
:10914000FDF76FF8D5F8FC102AA8FEF7B6FB2D4AFC
:1091500021462AA8FDF781F8D5F808112AA8FEF7BC
:10916000ACFB294A21462AA8FDF777F8D5F810115B
:109170002AA8FEF7A2FB254A21462AA8FDF751F8A6
:10918000D5F874112AA8FEF798FB214A21462AA88F
:1091900040E000BF1800002020080020903B0200A3
:1091A000383B0200983B0200A73B0200B33B0200A1
:1091B000803E0200C43B0200D23B0200DC3B0200C6
:1091C0002C330200EB3B0200F63B0200003C0200A5
:1091D000103C02001D4E0200081500201F3C02003A
:1091E000843B02007C3B0200284E0200243C02002B
:1091F0003A3C0200513C0200683C02007D3C020007
:109200009B3C0200A73C0200B23C0200BD3C0200B5
:10921000C93C0200FDF73DF895F818112AA8FEF7A1
:1092200086FE304A21462AA8FDF733F82AA90EA85F
:1092300095F80461FEF799FADDE90E12CDE91012F6
:1092400010AB0CCB30460021FEF744FE264B2B938F
:10925000B5F914112A9411232AA82C938DF8B4700F
:10926000FEF7E5FA214B2B93B5F916112A94122338
:109270002AA82C938DF8B470FEF7D9FA28ABCDE963
:10928000083408A92AAA4FF4806303C9FEF79AF9A3
:1092900000231A46009305461549164808F017FDA5
:1092A0002A462AA9134808F063FC124809F0E9F895
:1092B0002046FCF785FF0DF5956DBDEC028BBDE8F2
:1092C000F08106469FED0C8A0FE606460DE60B4E32
:1092D000CDE60B4ECBE60B4EC9E60B4EC7E60020A3
:1092E000F0E600BFD63C0200E33C0200F53C020081
:1092F000083D0200000500200000C07F6D3B020019
:10930000B03F0200723B0200773B0200F0B5ADF2C5
:109310005C4D06AC09AAE2624FF48022A64DA74B31
:1093200022634FF6FF722360A2860023E287214664
:10933000A34A237116A8A36084F83C30FCF7B7FF5A
:10934000D5F8DC1016A8FEF75EFA9E4A214616A84C
:10935000FCF7ADFFD5F8EC1016A8FEF754FA9A4AC0
:10936000214616A8FCF74FFFD5F8E41016A8FEF723
:109370004AFA964A214616A8FCF745FFD5F8E810A8
:1093800016A8FEF740FA924A214616A8FCF757FFA6
:10939000D5F8001116A8FEF736FA8E4A214616A80F
:1093A000FCF74DFFD5F8781116A8FEF72CFA8A4A7B
:1093B000214616A8FCF77BFFB5F97C1116A8FEF72D
:1093C00036FA864A214616A8FCF771FFB5F97E11D8
:1093D00016A8FEF72CFA824A214616A8FCF767FF6A
:1093E00095F8F01016A8FEF7FAF97E4A214616A85D
:1093F000FCF717FF95F8551116A8FEF7F0F97A4A11
:10940000214616A8FCF70DFF95F8541116A8FEF793
:1094100040FA764AD5F85861214616A8FCF71DFF98
:1094200016A904A8FEF7A1F9049F5FB10599384673
:10943000FCF7E5FD0A233B714FF46163B6FBF3F6DD
:10944000B6B23E606A4A214616A8FCF722FFB5F97B
:10945000281116A8FEF7EBF9664A214616A8FCF774
:10946000EEFEB5F92A1116A8FEF7E1F9624A214687
:1094700016A8FCF70EFFB5F92C1116A8FEF7D7F9C0
:109480005E4A214616A8FCF7D3FEB5F92E1116A8A0
:10949000FEF7CDF95A4A214616A8FCF7C9FEB5F9E0
:1094A000301116A8FEF7C3F9564A214616A8FCF754
:1094B000D4FEB5F9321116A8FEF7B9F9524A214681
:1094C00016A8FCF7B5FEB5F9341116A8FEF7AFF9EA
:1094D0004E4A214616A8FCF79DFEB5F9361116A88E
:1094E000FEF7A5F94A4A214616A8FCF7BDFEB5F9D4
:1094F000381116A8FEF79BF9464A214616A8FCF734
:10950000C8FEB5F93A1116A8FEF791F9424A21466C
:1095100016A8FCF7A9FEB5F93C1116A8FEF787F9C5
:109520003E4B179310231893B5F93E11169401235F
:1095300016A88DF86430FEF77AF9394A214616A844
:10954000FCF7A7FE95F8181116A8FEF7F0FC354AAF
:10955000214616A8FCF7ABFEB5F9141116A8FEF7C4
:1095600066F9314A214616A8FCF769FEB5F91611CD
:1095700016A8FEF75CF914ABCDE9023402A916AACD
:109580004FF4806303C9FEF71DF800231A460093C9
:1095900005462649264808F09AFB2A4616A924487B
:1095A00008F0E6FA224808F06CFF2046FCF708FEB7
:1095B0000DF25C4DF0BD00BF200800201800002017
:1095C000E136020034370200523D02005A3D0200EB
:1095D000623D02006C3D0200113802004E3802006C
:1095E000B137020001390200CC380200763D02009A
:1095F0007A3A0200883A0200933A0200A13A020045
:10960000B03A0200BF3A0200CB3A0200DA3A020056
:10961000313902005C39020089390200B439020094
:10962000C93C0200E1390200183A0200813D020003
:109630000005002070B5D4B004AC214D2046FCF7E5
:109640006BFD21461F4A14A8FCF71CFE95ED470A46
:1096500014A8FEF7A9F821461B4A14A8FCF7F6FD4A
:1096600095ED480A14A8FEF79FF82146174A14A85A
:10967000FCF708FE95ED490A154D14A8FEF794F87D
:1096800012ABCDE9023402A914AA4FF4807303C9C6
:10969000FDF798FF00231A46009306460D49284619
:1096A00008F015FB324614A9284608F061FA28464E
:1096B00008F0E7FE2046FCF783FD54B070BD00BF04
:1096C00020080020D73B020072360200BE3602009E
:1096D00000050020433D02002DE9F04FA3B004F047
:1096E0000BFE0446002840F07783AC4B1B78002B20
:1096F00000F07283AA4E96F88C31002B00F06C8338
:10970000A84806F0C7FD032840F0668313F0D2FC9A
:1097100096F88C310546002B00F0D182A14806F066
:10972000B9FD032840F0CB829F4808F0E8F90028F3
:1097300040F0C5829D4A136847F22F51EB1A8B42C5
:1097400040F2BD829A4B15601968974840F25B72EF
:1097500008F066FE002800F0B282DFF8E0B3954919
:109760009148DFF8DC83944DDFF8D893934FDFF80E
:10977000D8A3224608F0D6FC914B924A92499348CE
:10978000CDF808B0CDF804800095FEF7C5F8904BF1
:109790008C4A904990480097CDE90149FEF7BCF802
:1097A0008E4B884A8E498F480097CDE901438E4BF6
:1097B000FEF7B2F88D4B02938D4B01938D4B0093C6
:1097C000804A8D4B8D498E48FEF7A6F88D4BCDF81B
:1097D00000A0CDE901437B4A8B4B8C498C48FEF7B6
:1097E0009BF8CDF800A08B4B764A8B498B48CDE98E
:1097F000014BFEF791F88A4B02938A4B714A8A49D2
:109800008A48CDE900A38A4BFEF786F8894B02937C
:10981000894B0193894B00936A4A894B89498A484D
:10982000FEF77AF8894B674A89498A48CDE90143AE
:10983000894B0093894BFEF76FF8894BCDF800A058
:10984000CDE901435F4A874B87498848FEF764F8B2
:10985000874B0093874A5B4B87498848FEF744F95A
:10986000A246CDF814B00AF1010B5B46844A1021E0
:1098700006A817F041FB5B46824A20210AA817F090
:109880003BFB5346804A402112A817F035FB7F4B23
:109890000095CDE901837E4A12AB0AA906A8FEF71E
:1098A0003BF8BBF1040FDA46DDD17A4B7A4A7B49AB
:1098B0007B480095CDE901837A4BFEF72DF87A4B72
:1098C00002937A4B744A7A497A48CDE900737A4B0D
:1098D000FEF722F8794B0293794B0193794B009371
:1098E0006D4A794B79497A48FEF716F8059BDFED0A
:1098F000790A9FED790A794A79497A480095CDE944
:109900000183B7EE001A784BFEF7C0F9774B02934C
:109910004FF00008B1EE041A484B0093B0EE410A34
:10992000DFED730A704B734A73497448CDF80480B5
:10993000FEF7ACF9724BDFED730A734A7349744852
:109940000095B7EE001AB0EE410ACDE90183664BEF
:10995000FEF79CF90097B7EE001ADFED6A0A9FED5B
:109960006D0A614B6C4A6D496D48CDE90189FEF77E
:109970008DF9B7EE001ADFED630A9FED660A0097D6
:10998000594B684A68496948694FCDE90189FEF732
:109990007DF9684B0093684A534BD7E0F8040020E8
:1099A000200800200815002000050020FC040020ED
:1099B0005C0B0020CD320200073302001940020088
:1099C000DA320200083D0200F1320200903B020050
:1099D0000B3302001E3302002C3302005A33020004
:1099E00049330200F63B0200303302009633020096
:1099F0009F330200AF3302006A3302007E3302005D
:109A00008A330200DE330200B3330200C83302009F
:109A1000D3330200ED33020007340200284E020067
:109A2000523402005D3402003C340200243C020047
:109A300017340200AA340200B9340200FF440200C5
:109A400063340200893402003A3C02000935020006
:109A5000E8340200513C0200563D0200C2340200CC
:109A60005E35020013350200403502007D3C0200E5
:109A7000B1350200763502009935020081350200C9
:109A8000C0350200C9350200D7350200F0350200AA
:109A9000363D020036360200433D02001C3602000D
:109AA00029360200083602007636020088360200A7
:109AB000593602006A36020046360200C3360200FA
:109AC000CD3602005B46020091360200A536020048
:109AD000B63602000000614400004843D63602005A
:109AE000EA360200E1360200813D0200173702002B
:109AF00000009643FB3602000C37020006370200D6
:109B0000463702000000C842293702003D370200F4
:109B10003437020000000000603702007537020091
:109B20006B37020083370200983702008E3702003D
:109B3000FC390200CC370200A6370200FE320200D8
:109B4000FC35020028330200803E0200A449A548EB
:109B5000FDF7CAFFA44BDFEDA50AA54AA549A64813
:109B6000CDE90183A54B0093B7EE001AB1EE040ACC
:109B7000A34BFEF78BF8A34BDFEDA30A9FEDA30ADF
:109B8000A34AA449A4480095CDE90183B1EE041A83
:109B90009B4BFEF77BF8A14BDFED9B0A9FED9B0AE9
:109BA0009F4AA049A0480095CDE90183B1EE041A6F
:109BB000934BFEF76BF89D4B9D4A9E499E48B7EE2E
:109BC000001ACDE901839D4B0093B0EE410AF3EEFC
:109BD000080A8B4BFEF75AF8994B0093994A884B29
:109BE00099499A48FDF780FF994B9FED9A0A9A4A46
:109BF0009A499B48CDE901839A4B0093B7EE001A2E
:109C0000F0EE000A7E4BFEF741F8B7EE001ADFEDEA
:109C10007E0A9FED950A7A4B944A9549954800959E
:109C2000CDE90188FEF732F8B7EE001ADFED760ACB
:109C30009FED8D0A724B904A904991480095CDE96D
:109C40000188FEF723F8B7EE001ADFED6F0A9FEDEB
:109C5000860A6B4B8B4A8C498C480095CDE901886C
:109C6000FEF714F8B7EE001ADFED670A9FED7E0AE3
:109C7000634B874A874988480095CDE90188FEF7FC
:109C800005F8B7EE001ADFED850A9FED850A5C4BFB
:109C9000844A854985480095CDE90187FDF7F6FF9F
:109CA000CDE901870095B7EE001ADFED7C0A9FED44
:109CB0007C0A534B7E4A7F497F48FDF7E7FF7F4888
:109CC00007F01DFF002800F087807C487C4F08F0DB
:109CD000A5F813F0EFF93B68C31AB3F57A7F054690
:109CE00002D9FEF757FF3D60764F3B68EB1AB3F59C
:109CF0007A7F02D9FFF7C2F83D6096F8043196F8F2
:109D00006F7196F8E080591ED1F1000949EB010905
:109D1000022B04BF96F80541C4F3400427B996F816
:109D200006713A1F57425741674E32784A450AD06A
:109D3000664867494A46012B18BF01466548FFF748
:109D40002DF886F80090644E3378A34209D0634B17
:109D5000634964482246002C08BF1946FFF71EF8E5
:109D60003470614C237843450BD0604B60496148A7
:109D70004246B8F1000F08BF1946FFF70FF884F804
:109D800000805D4C2378BB4209D05C4B5C495D4848
:109D90003A46002F08BF1946FFF700F827705A4CC3
:109DA000236847F23052EB1A934202D9FFF766F864
:109DB0002560564C23684EF66022EB1A934202D976
:109DC000FFF7A4FA2560524C2368EB1AB3F57A7FAB
:109DD00002D9FFF72FFC256023B0BDE8F08F00BF4C
:109DE000BA370200B137020052340200000070425C
:109DF000DE370200EF370200E9370200563D02006D
:109E0000813D02002D3802000000614400004842FC
:109E1000063802001A380200113802006F380200BA
:109E200043380200573802004E380200B2380200B0
:109E30008A3802009D380200953802002737020058
:109E4000E4380200C1380200D8380200CC380200E1
:109E50001939020000000000F63802000D39020036
:109E600001390200803E020000004843263902000A
:109E700041390200313902005139020069390200CA
:109E80005C3902007E3902009939020089390200EA
:109E9000A9390200C5390200B439020000003E436E
:109EA0000000A042D6390200EA390200E13902007E
:109EB0000D3A0200223A0200183A02000005002082
:109EC000E0040020EC040020E50400200832020039
:109ED000EF310200353A0200E6040020433202006E
:109EE000213202003F3A0200F904002084320200CD
:109EF0005C320200503A0200E4040020B632020054
:109F0000A0320200643A0200F0040020E8040020BD
:109F1000F404002008B5044807F0EAFC0348BDE853
:109F2000084006F0B1BC00BF00050020CC050020B1
:109F30002DE9F04113F0BEF8254ADFF8AC80136834
:109F4000C31AF92B044605D8D8E9006747EC106B13
:109F5000BDE8F08110601F481F4D0AF01FF957EC53
:109F6000106B10EE102A3B4610EE100A394615F021
:109F70007FFE50B1D8E9006732463B46304639464D
:109F800015F076FEC8B100241FE0012385F8CC301F
:109F90000022124BC5F8D0403046394615F0CEFBB2
:109FA00000220F4B15F0F4FC00220E4B15F010FAB6
:109FB00006460F46C8E90067C8E7D5F8D030E41A6E
:109FC000B4F57A7F8CBF0024012485F8CC40BDE72E
:109FD00058070020C8070020200800200000224069
:109FE0000000144000004040200000202DE9F04F08
:109FF000574C584F94F80080C3B0002504F14C062C
:10A00000EBB2984512D9082D10D008220DEB0203AF
:10A01000E8003918184416F0CAF9280122AB3118A3
:10A020001022184416F0C3F90135E9E74A4E337897
:10A030006BB994F84410414509D208220DEB020394
:10A0400003EBC101454816F0B2F9012333704FF01C
:10A050000009434884F8009008F041FB404D5FFA46
:10A0600089F701226946284608F04EFB58B1072FB0
:10A07000F7D812AB03EBC9000822694616F097F92E
:10A0800009F10109EBE7DFF8E4A00546EBB29F42D6
:10A0900031D9E80012AB03EB00092E4B08224946E8
:10A0A000184416F084F94FF0000B5FFA8BF29045DC
:10A0B00016D908220DEB020303EBCB01484616F03C
:10A0C00067F90BF1010248B922AB102203EB0B1127
:10A0D0000AEB051016F06BF90135D7E79346E4E774
:10A0E000B8F1000FF8D06B1C1E4A10210AEB0510C6
:10A0F00016F002FFF0E733782770ABB10823DFF8E2
:10A100005480DFF8589084F844300025EEB2BE4207
:10A110000AD208EBC5000822494616F039F9013584
:10A120000028F3D184F844600A4F0F4E00212378B1
:10A130004D1CC9B28B4208D907EBC101002309228B
:10A14000304608F0DDFC2946F1E743B0BDE8F08F6A
:10A1500020080020E00700205C07002050070020B6
:10A16000B4070020B3300200300700206C08002044
:10A17000FFF73CBF2DE9F043294C2DED028B2378EE
:10A1800083B0002B47D02749DFF8B080DFF89490E8
:10A190009FED258A684608F04CFD12F08BFF0026E3
:10A1A00007462378F5B2AB4235D9002208EBC5014A
:10A1B000484608F0D9FDB4EEC80AF1EE10FA28DDE1
:10A1C000DFED1A7AB4EEE70AF1EE10FA21D5F2EEDD
:10A1D000027A20EE270AB1EE047AC0EE077A04EB89
:10A1E000850304EB85056F629FED117A77EE877A20
:10A1F00093ED017AB4EE477AF1EE10FA7FBFDFED0E
:10A200000D6A67EEA67ADFED0C6AE7EE267AC3EDFB
:10A21000017A0136C5E703B0BDEC028BBDE8F083DF
:10A22000200800203007002000005CC20000FA4235
:10A2300000000042CDCC4C3ECDCC4C3FE00700208E
:10A2400010B51D4C94F819312DED028B8BB31B48C2
:10A2500008F064FF1948B0EE408A09F0BFF81748CB
:10A26000F0EE408A08F09AFFB4EE488AF1EE10FA58
:10A270000DD6F2EE027A28EE278AB1EE047AC8EE05
:10A28000077A9FED0F7A77EE877AC4ED477AF4EE7E
:10A29000688AF1EE10FAB4EE400A78BFC4ED488A3D
:10A2A000F1EE10FA7EBF9FED077AC0EE077AC4ED9B
:10A2B000497ABDEC028B10BD200800206007002009
:10A2C000000000420000C84238B50A4A0A480B4D57
:10A2D000762108F000FF0A4B044683F8190128464E
:10A2E00008F0D0FB2846002108F074FCFFF77EFE42
:10A2F000204638BD640B0020600700203007002096
:10A300002008002010B50A4C0821204608F0EDF97D
:10A310002146084808F0A4FA074808F02CFD0C2351
:10A3200007220D210548BDE8104009F0FBBE00BF23
:10A33000B40700203007002060070020C807002075
:10A3400008B5044809F06CF90348BDE8084008F076
:10A350001ABD00BFC80700206007002003289ABF6D
:10A36000024B53F820000020704700BFB43E0200AB
:10A3700003289ABF024B53F820000020704700BF0B
:10A38000C43E020003289ABF024B53F8200000206D
:10A39000704700BFD43E020003289ABF024B53F817
:10A3A00020000020704700BFE43E020003289ABF4F
:10A3B000024B53F820000020704700BF943E02007B
:10A3C00003289ABF024B53F820000020704700BFBB
:10A3D000A43E02002DE9F047574CDFF86481DFF816
:10A3E00078A12746002307F8043B012604F13C0925
:10A3F00047F8048BA3190025FD6109EB061083F8CB
:10A400004350524633461021013616F075FD092E91
:10A41000EED10A233C21C4E939315A23C4F8003172
:10A42000464BC4F81431464BC4F81C31C4F82031F3
:10A43000C4F82431434BC4F828314FF00513C4F855
:10A440003031C4F8343103F1EB7303F2BD134FF430
:10A45000E17014260122C4F8383103F1321384F874
:10A46000CC50C4F8D050C4F8D480C4F8D880C4F814
:10A47000DC0084F8E050C4F8EC6084F8F050C4F8D4
:10A48000F45084F8F850C4F8FC5084F8045184F86F
:10A49000055184F8065184F80751C4F8085184F82E
:10A4A0000C51C4F8105184F8182184F81951C4F8DB
:10A4B0002C61C4F83C31244BC4F8403103F10A1339
:10A4C000C4F84431A3F11E13C4F8483103F10A1350
:10A4D000C4F84C311D4BC4F85031FF2384F85C3173
:10A4E0001B4BC4F868311E23C4F87831194B84F82B
:10A4F000545184F85551C4F85851C4F86051A4F827
:10A50000640184F86611A4F86C5184F86E5184F8E3
:10A510006F5184F87051C4F87451C4F87C31C4F898
:10A52000805184F88451C4F8885184F88C5184F89F
:10A530008D21BDE8F08700BF200800209600AA000A
:10A540000000C07F4B002D00AA00AF0028323C461F
:10A55000AA0096007800B400B33002002DE9FF474E
:10A56000CDE90001CDE90223DFF86490174EDFF852
:10A5700064A000245DF82470152505FB04951422C1
:10A580002946384616F06EFDD0B15FFA84F842468F
:10A590000021306809F090FE5146306811F01FFD2F
:10A5A00042460021306809F087FE3946306811F0D4
:10A5B00016FD14223946284616F066FD00232B7539
:10A5C0000134042CD6D104B0BDE8F087F409002092
:10A5D000180A00209C4A02002DE9F043654B93F8CD
:10A5E0006F219BB006461C4662B193F80631042BDE
:10A5F00008D1614B614A62496248FFF7AFFF1BB067
:10A60000BDE8F083227894F844309A4298BF002342
:10A6100004EB8303586815F039F85B4B002214F003
:10A62000D7FE15F03BFB94F8043105460BB3034607
:10A63000564A152114A816F05FFC94F80431022B39
:10A6400012D194F80531012B0AD0022B0AD05049BF
:10A65000504A032B08BF11464F4B504A5048CCE795
:10A660005049F9E75049F7E74B4B4C4A4F4814A97A
:10A67000C3E794F8E03023B1474B4D4A4D494E486B
:10A68000BBE7B4F916310093D4F8DC304B4A1521FE
:10A6900002A816F031FCD4F8D40014F0F7FF0246FB
:10A6A0000B468046894615F0E3FAB4F91471B0B14F
:10A6B0003B46434A152108A816F01EFC002E1EDC5E
:10A6C0002B46404A15210EA816F016FC94F80631C8
:10A6D000042B4CD8DFE803F01B4345474900002218
:10A6E000294B4046494614F073FE15F0D7FA0097FF
:10A6F0000346354A152108A816F0FEFBDEE7009553
:10A700003346324A15210EA816F0F6FBDEE7304A32
:10A71000152114A816F0F0FB94F86E31D3B994F813
:10A720007031BBB1D4F87831002B13DD12F0C2FCCC
:10A73000D4F87411D4F878214EF66023401A5A43A5
:10A74000121A22EAE2721521B2FBF3F314A8214A8D
:10A7500016F0D2FB14AB0EAA08A902A84DE71E4AB8
:10A76000D6E71E4AD4E71E4AD2E71E4AD0E71E4A61
:10A77000CEE700BF20080020AD480200C24802001A
:10A78000D7480200EC4802000000E03F0149020007
:10A79000834802009848020012490200264902003C
:10A7A0003A490200594802006E4802004E49020030
:10A7B00062490200764902008A4902009E4902006D
:10A7C000B4490200E0490200CA490200F649020009
:10A7D0000D4A0200674A02001C4A02002B4A02008E
:10A7E0003A4A0200494A0200584A020070B55C4CDD
:10A7F0002378BFF35B8FDB079CB00AD4204614F0AC
:10A80000BCFD30B12721574809F0E8FC204614F080
:10A81000C0FD544D544C554B25600422142128464C
:10A8200009F0A9FDFF21284609F09FFD504A0026A6
:10A83000B31893F82131203B5E2B02D80136142E39
:10A84000F6D11422202101A815F0D5FD01ABC6F1E7
:10A85000140003EB50000025324646498DF818508D
:10A8600015F0A5FD206809F01CFD2A462946206840
:10A8700009F022FD4049206811F0B1FB4FF49670B9
:10A8800012F0D4FB01222946206809F015FD3B494E
:10A89000206811F0A4FB07AE4FF4967012F0C6FBCF
:10A8A00054223749304615F082FD022200212068EB
:10A8B00009F002FD56F82510206811F090FB0135D3
:10A8C000462012F0B3FB152DEFD1032220680021A2
:10A8D00009F0F2FC2B49206811F081FB4FF448701D
:10A8E00012F0A4FB206809F0DCFC0022114620686D
:10A8F00009F0E2FC2449206811F071FB0122206874
:10A90000002109F0D9FC2149206811F068FB0122DF
:10A910002068002109F0D0FC01A9206811F05FFB3C
:10A9200002222068002109F0C7FC1949206811F0B3
:10A9300056FB03222068002109F0BEFC154920685F
:10A9400011F04DFB4FF42F7012F070FB124B0022F0
:10A950001A70124B012283F88D211CB070BD00BF0C
:10A96000B0090020F8090020F4090020640B002041
:10A97000EC0500200D070020DB470200F047020035
:10A98000F43E0200054802001A4802009C4A0200F8
:10A990002F48020044480200AC0400202008002098
:10A9A00070B50146D0B1B74A012382F88D3192F8D3
:10A9B0006F3115469BB12A2811D1002382F86E31E0
:10A9C00082F86F3182F87031C2F8743182F8F83051
:10A9D000C2F8FC3082F80631AB4A137070BD95F8AE
:10A9E000E0407CB12A29F9D1FAF73EF895F8053113
:10A9F00023F0010385F80531A34B002285F8E02000
:10AA00001A70EBE795F8043163B12A29E6D1FAF719
:10AA10002BF89D4B85F8044185F8054185F80641E2
:10AA20001C70DBE7984C2378272BD7D8DFE813F08E
:10AA300028003800D80090000001220155019A0139
:10AA4000BC01DF010402760172002902650298024E
:10AA5000CE02F1028102F9020A034E037603B0032B
:10AA6000D003E603080434044804640485049D0408
:10AA7000AD04D404F80433053C054E0557056405C0
:10AA800041390329AAD8DFE801F04B0205080D235C
:10AA90002370A3E713232370A0E7212323709DE7EE
:10AAA000233911299AD801A353F821F02FB00000BF
:10AAB000DDA90000DDA90000DDA90000DDA900007E
:10AAC000DDA90000DDA900002FB00000DDA9000015
:10AAD000DDA90000DDA90000DDA90000DDA900005E
:10AAE000DDA90000F5AA000003AB000009AB0000DF
:10AAF0000FAB00006549664811F0D4FB02232370B8
:10AB00006CE70323237069E70C23237066E70723B0
:10AB1000237063E72A2903D005DC23297FF45EAF85
:10AB2000012323705AE731290AD032297FF456AF26
:10AB3000002085F8F000FAF76FFB012323704DE742
:10AB40000126304685F8F060FAF766FB267045E787
:10AB5000233911293FF642AF01A353F821F000BF7A
:10AB600021AB0000DDA90000DDA90000DDA9000087
:10AB7000DDA90000DDA90000DDA9000021AB000077
:10AB8000DDA90000DDA90000DDA90000DDA90000AD
:10AB9000DDA90000DDA90000A9AB0000B7AB0000F3
:10ABA000C5AB0000D3AB000038493A4811F07AFB3E
:10ABB0000423237012E73549374811F073FB05234E
:10ABC00023700BE73149354811F06CFB06232370E5
:10ABD00004E72E49324811F065FB0B232370FDE694
:10ABE000A1F13003DBB2092B04D82948BDE870403D
:10ABF00011F099BB232917D1254883686BB111F057
:10AC00009EFCB0F5617FA8BF4FF46170C828B8BF43
:10AC1000C820C5F8DC00FAF7EBFA1C491C4811F013
:10AC200041FB01232370D9E62A297FF4D7AEF4E74C
:10AC3000A1F13003DBB2092B01D81648D6E723294E
:10AC400014D11448836853B111F079FC6428A8BF6B
:10AC5000642020EAE070C5F8E400FAF7D5FA0B4961
:10AC60000C4811F01FFB03232370B7E62A297FF459
:10AC7000B5AEF4E7A1F13003DBB2092B12D80648D8
:10AC8000B4E700BF20080020AC040020803E020092
:10AC9000840400201C040020100400202C04002048
:10ACA00000040020232914D1B148836853B111F066
:10ACB00046FC6428A8BF642020EAE070C5F8E800DC
:10ACC000FAF7A6FAAB49AA4811F0ECFA032323706D
:10ACD00084E62A297FF482AEF4E7A1F13003DBB2E7
:10ACE000092B01D8A44881E7232913D1A2488368FE
:10ACF0004BB111F024FC6428A8BF64200128B8BF20
:10AD00000120C5F8EC009B499B4811F0CBFA0323C6
:10AD1000237063E62A297FF461AEF4E7A1F13003E2
:10AD2000DBB2092B01D8954860E7232916D1934857
:10AD3000836863B111F003FCB0F5167FA8BF4FF430
:10AD4000167020EAE070C5F80001FAF755FA894953
:10AD50008A4811F0A7FA032323703FE62A297FF4DB
:10AD60003DAEF4E7312911D004DC23293FF4D8AEFD
:10AD70002A29D3E6322910D033297FF42FAE7D491A
:10AD80007F4811F08FFA0A23237027E679497D481E
:10AD900011F088FA0823237020E676497A4811F0EA
:10ADA00081FA0923237019E6A1F13003DBB2092BE4
:10ADB00001D874481AE7232915D1724883685BB11A
:10ADC00011F0BDFB7828A8BF78200128B8BF01206A
:10ADD000C5F87801FAF757FA66496A4811F062FA3D
:10ADE00007232370FAE52A297FF4F8ADF4E7A1F1EF
:10ADF0003003DBB2092B01D86348F7E6232917D1CA
:10AE0000614883686BB111F09AFBB0F5FA7FA8BF77
:10AE10004FF4FA703228B8BF3220A5F87C01FAF757
:10AE200036FA5449584811F03DFA07232370D5E506
:10AE30002A297FF4D3ADF4E7A1F13003DBB2092B6B
:10AE400001D84F48D2E6232917D14D4883686BB10A
:10AE500011F075FBB0F5FA7FA8BF4FF4FA703228F5
:10AE6000B8BF3220A5F87E01FAF715FA41494448E7
:10AE700011F018FA07232370B0E52A297FF4AEAD4C
:10AE8000F4E7233911293FF6A9AD01A353F821F0C6
:10AE90002FB00000DDA90000DDA90000DDA9000041
:10AEA000DDA90000DDA90000DDA900002FB0000031
:10AEB000DDA90000DDA90000DDA90000DDA900007A
:10AEC000DDA90000DDA9000041AF0000D9AE0000FF
:10AED000E7AE0000F5AE000026492C4811F0E2F97B
:10AEE0000F2323707AE52349294811F0DBF9102359
:10AEF000237073E51123237070E52A2903D005DC44
:10AF000023297FF46BAD0D23237067E531290DD024
:10AF100032297FF463AD0126304685F81861FAF7CF
:10AF2000D7FA0E23237085F88D6157E5122323701D
:10AF300054E5412907D0422902D02A297FF44EAD99
:10AF40000E2323704AE5002085F81801FAF7C0FAAD
:10AF5000F9F7FAFD0E232370012385F88D313DE5C5
:10AF6000A1F13003DBB2092B14D808483EE600BF3C
:10AF700010040020803E02002C0400200004002069
:10AF8000740400203804002068040020B809002060
:10AF9000C4090020232915D1B94883685BB111F099
:10AFA000CEFAC828A8BFC8203C28B8BF3C20A5F8C6
:10AFB0001401FAF785FAB349B14811F073F90D237A
:10AFC00023700BE52A297FF409ADF4E7A1F13003E2
:10AFD000DBB2092B01D8AC4808E6232915D1AA48D1
:10AFE00083685BB111F0ABFAD228A8BFD2205028F9
:10AFF000B8BF5020A5F81601FAF766FAA149A24891
:10B0000011F050F90D232370E8E42A297FF4E6AC0F
:10B01000F4E72A2902D023297FF4E0AC0D23237022
:10B02000DCE42A2903D005DC23297FF4D7AC0023F4
:10B030002370D3E4312951D032297FF4CFAC1D23C2
:10B040002370CBE4233911293FF6C8AC01A353F890
:10B0500021F000BF09B30000DDA90000DDA9000058
:10B06000DDA90000DDA90000DDA90000DDA90000C8
:10B0700009B30000DDA90000DDA90000DDA9000082
:10B08000DDA90000DDA90000DDA900009DB00000E1
:10B09000A9B00000B5B00000C1B000007B4B002299
:10B0A0001A701523237099E4784B01221A70152326
:10B0B000237093E4754B02221A70152323708DE4DC
:10B0C000724B03221A701523237087E4312914D0A0
:10B0D00007DC23291FD02A297FF480AC1423237096
:10B0E0007CE4322910D033297FF478AC6549684874
:10B0F00011F0D8F81923237070E46249654811F003
:10B10000D1F81723237069E45E49624811F0CAF848
:10B110001823237062E4162323705FE42A390C2974
:10B120003FF65CAC01A353F821F000BF8BB10000E7
:10B13000DDA90000DDA90000DDA90000DDA90000F7
:10B14000DDA90000DDA90000DDA90000DDA90000E7
:10B15000DDA9000061B100006FB100007DB1000009
:10B1600048494C4811F09EF81A23237036E44549AB
:10B17000484811F097F81B2323702FE441494548B4
:10B1800011F090F81C23237028E41523237025E484
:10B19000A1F13003DBB2092B01D83E4826E5232973
:10B1A00013D13C4883684BB111F0C9F9374B0546C0
:10B1B0001878FFF7D3F80580FAF7EAF831493548EF
:10B1C00011F070F81523237008E42A29F6D005E45D
:10B1D000A1F13003DBB2092BDFD92329F5D12D48AA
:10B1E0008368002BEAD011F0AAF9284B054618789D
:10B1F000FFF7BEF80580FAF7E5F8DFE7A1F13003C5
:10B20000DBB2092B01D82248F0E4232914D12048CD
:10B2100083684BB111F093F91C4B05461878FFF782
:10B22000B1F80580FAF7E8F81649194811F03AF82C
:10B2300015232370FFF7D2BB2A297FF4CFABF3E7A6
:10B24000A1F13003DBB2092BA7D9232914D111486E
:10B2500083684BB111F073F90C4B05461878FFF772
:10B260009BF80580FAF7E2F806490A4811F01AF847
:10B2700016232370FFF7B2BB2A29F5D0FFF7AEBB28
:10B28000B8090020803E0200C4090020B609002051
:10B29000E8090020D0090020A1F13003DBB2092B1E
:10B2A0007FF67BAF2329E7D199488368002BDBD059
:10B2B00011F045F9974B05461878FFF777F8D0E776
:10B2C000A1F13003DBB2092B7FF667AF2329D3D17D
:10B2D0008F488368002BC7D011F031F98D4B64285B
:10B2E000A8BF642005461878FFF76AF825EAE575D7
:10B2F0000570FAF7C9F8B7E7312916D008DC232919
:10B3000002D02A297FF46AAB13232370FFF766BBB0
:10B3100032290ED033297FF461AB7F497F4810F08A
:10B32000C1FF20232370FFF759BB1E232370FFF7B3
:10B3300055BB1F232370FFF751BB31290CD004DC10
:10B3400023293FF47CAE2A2977E632290BD0332912
:10B350007FF444AB022000E0002085F85501BDE8F1
:10B360007040F9F7F9BF0120F7E723293FF467AEF2
:10B370002A297FF433AB95F8540180F0010085F859
:10B380005401BDE87040F9F7F0BFA1F13003DBB222
:10B39000092B01D8614829E4232919D15F48836822
:10B3A00073B111F0CCF86328A8BF632020EAE070E5
:10B3B0004FF461634343C0B2C5F85831F9F7DEFF7B
:10B3C0005549564810F06EFF1D232370FFF706BB4A
:10B3D0002A297FF403ABF3E7312912D008DC2329B3
:10B3E00002D02A297FF4FAAA00232370FFF7F6BAC5
:10B3F000322911D033297FF4F1AA24232370FFF7D7
:10B40000EDBA474B00221A70464B95F844201A704B
:10B4100022232370FFF7E2BA23232370FFF7DEBA5B
:10B4200037290ADC302917DA232929D02A297FF481
:10B43000D5AA21232370FFF7D1BA412917D0422979
:10B440007FF4CCAA374A2978137801338B42BFF6B0
:10B45000C5AA1370FFF7C2BA314B3039C9B219709F
:10B460002944304B91F844201A70FFF7B7BA2D4A9F
:10B470001378002B3FF4B2AA013B1370FFF7AEBA6A
:10B48000274B284A1B7812782B4483F84420BDE8C8
:10B490007040F9F705BF2A2902D023297FF49EAA1C
:10B4A00021232370FFF79ABA2A29C2D001DC23296D
:10B4B000BDE7312906D032297FF490AA26232370D4
:10B4C000FFF78CBA25232370FFF788BA2A2902D008
:10B4D00023297FF483AA24232370FFF77FBA2A2924
:10B4E0008BD001DC232986E7412901D0422982E75C
:10B4F00027232370FFF772BA2A293FF47EAFF1DDCC
:10B500004129F3D102F03EFE24232370FFF766BAEF
:10B51000D0090020B6090020803E0200DC0900208E
:10B52000B5090020B40900202DE9F04101389CB094
:10B53000262828D8DFE810F02D00340048006800E5
:10B540007C009000BF00C400D800EC000001A40003
:10B550001401190136014A01CC01010206020B0255
:10B5600010021C0228023F0256026D0284029B0256
:10B57000B102B602DF02680380038503B203E10370
:10B58000E6032D0433040846FFF726F81CB0BDE897
:10B59000F081984B984A99499948FEF7DFFFF5E703
:10B5A000984B994AD3F8DC30152110A815F0A4FC6B
:10B5B000964B974A1B68152116A815F09DFC954BD4
:10B5C000954816AA10A9E8E78E4C944AD4F8E430BE
:10B5D000152104A815F090FCD4F8E830904A152104
:10B5E0000AA815F089FCD4F8EC308E4A152110A871
:10B5F00015F082FC8C4A152116A815F07DFC16ABBF
:10B6000010AA0AA904A8C8E77E4B884AD3F8E430F8
:10B61000152110A815F070FC854B7D4A1B6815217B
:10B6200016A815F069FC7B4B824816AA10A9B4E74E
:10B63000744B7E4AD3F8E830152110A815F05CFC55
:10B640007D4B734A1B68152116A815F055FC714BEC
:10B650007A4816AA10A9A0E76A4B6B4AD3F8EC30D7
:10B66000152110A815F048FC754B694A1B68152177
:10B6700016A815F041FC674B724816AA10A98CE772
:10B68000604B714C93F8F050704B714A012D18BF0C
:10B690002346152110A815F02FFC6E4B6E4A002D85
:10B6A00018BF2346152116A815F026FC6B4B6C48D5
:10B6B00016AA10A971E76B4B6B4A6C496C486CE792
:10B6C000504B6C4AD3F87831152110A815F014FCB2
:10B6D000694B4F4A1B68152116A815F00DFC4D4B00
:10B6E000664816AA10A958E7464B474AB3F97C3179
:10B6F000152110A815F000FC614B454A1B68152167
:10B7000016A815F0F9FB434B5E4816AA10A944E7AA
:10B710003C4B3D4AB3F97E31152110A815F0ECFBE6
:10B72000594B3B4A1B68152116A815F0E5FB394B10
:10B73000564816AA10A930E7324B554AD3F80031C3
:10B74000152110A815F0D8FB524B314A1B68152162
:10B7500016A815F0D1FB2F4B4F4816AA10A91CE7CD
:10B760004E4B4F4A4F49504817E7264D4F4C95F8DE
:10B7700018214F4B1521002A18BF234610A84D4A07
:10B7800015F0BAFB95F81821304B1521012A18BF86
:10B79000234616A8484A15F0AFFB304B474816AA77
:10B7A00010A9FAE6174B184AB3F91431152110A85D
:10B7B00015F0A2FB424B164A1B68152116A815F07E
:10B7C0009BFB144B3F4816AA10A9E6E60D4B0E4A08
:10B7D000B3F91631152110A815F08EFB3A4B0C4A1F
:10B7E0001B68152116A815F087FB0A4B374816AAC7
:10B7F00010A9D2E6793F02008D3F0200A13F02006E
:10B80000B63F020020080020CA3F02008404002046
:10B81000D83F0200E03F0200F43F02000740020070
:10B820001B4002002F40020042400200554002002F
:10B830001C04002064400200100400207740020035
:10B840002C0400208A400200AF4A02006C3F020034
:10B850009D4002006E3F0200B0400200C540020061
:10B86000D9400200EC4002000041020014410200F5
:10B87000284102003B410200380400204C410200F4
:10B88000680400205F41020074040020724102003D
:10B89000854102000004002096410200A9410200F7
:10B8A000BD410200D1410200E5410200803E02009C
:10B8B0006D3F0200F94102000942020018420200F5
:10B8C000B80900202B420200C40900203F420200B8
:10B8D000924B197893F84420914298BF002293F834
:10B8E0000411D9B103EB820315215C688C4A10A8BE
:10B8F00015F002FB204613F0C9FE0022894B13F01D
:10B9000067FD14F0CBF9884A0346152116A815F0F7
:10B91000F3FA864B864816AA10A93EE6854A1521F9
:10B9200010A815F0E9FA844A152116A815F0E4FAD2
:10B93000824B834816AA10A92FE6824B824A83497C
:10B9400083482AE67D4B834A8349844825E6844B15
:10B95000844A8549854820E6854B86491B78032B18
:10B9600096BF854A854852F82300854B854A14E6E0
:10B970007F4B85491B78032B96BF7F4A7F4852F83F
:10B980002300824B824A08E6794B1878FEF7E6FCE2
:10B99000804AB0F90030152110A815F0ADFA7E4BA1
:10B9A0007E4A1B68152116A815F0A6FA7C4B7D4827
:10B9B00016AA10A9F1E56E4B1878FEF7D9FC754A66
:10B9C000B0F90030152110A815F096FA724B734AA1
:10B9D0001B68152116A815F08FFA714B724816AA2C
:10B9E00010A9DAE5624B1878FEF7CCFC694AB0F989
:10B9F0000030152110A815F07FFA6C4B674A1B68C0
:10BA0000152116A815F078FA654B694816AA10A9F1
:10BA1000C3E5574B1878FEF7BFFC5E4AB0F900301B
:10BA2000152110A815F068FA5B4B5C4A1B681521BC
:10BA300016A815F061FA5A4B5E4816AA10A9ACE593
:10BA40004B4B1878FEF7B2FC524AB0F90030152182
:10BA500010A815F051FA504B504A1B68152116A832
:10BA600015F04AFA4E4B544816AA10A995E5404BDA
:10BA70001878FEF7A5FC514A0378152110A815F097
:10BA80003BFA454B454A1B68152116A815F034FAB8
:10BA9000434B4B4816AA10A97FE54A4B4A4A4B49EB
:10BAA0004B487AE51D4D4B4C95F855214A4B4B4E72
:10BAB000002A18BF23461521494A0AA815F01CFA86
:10BAC00095F85531474A012B0CBF334623461521C3
:10BAD00010A815F011FA95F85531434A022B0CBF06
:10BAE00033462346152116A815F006FA16AB10AA00
:10BAF0000AA93E4851E5094B3D4A93F854113D4B84
:10BB000016A8002908BF13463B4A152115F0F4F981
:10BB10003A4B3B4A3B4816A93FE500BF20080020AE
:10BB2000524202000000E03F614202006C4202000B
:10BB300080420200944202009E420200C540020080
:10BB400081420200AF420200C4420200D942020018
:10BB5000EE42020003430200174302002B4302009F
:10BB60003E43020052430200664302007A43020051
:10BB7000B6090020B6430200483F0200583F0200C9
:10BB80008E430200A2430200F2430200CA430200B5
:10BB9000DE430200CA3F0200D0090020D83F020065
:10BBA000E03F02000644020019440200E8090020B8
:10BBB0002C4402003F44020052440200554002005F
:10BBC00065440200784402008C440200A044020054
:10BBD000B4440200803E02006B3F02006C3F020052
:10BBE000C7440200D0440200DA440200E4440200E8
:10BBF000753F0200713F0200F5440200014502005A
:10BC00001545020029450200684B1521D3F858213B
:10BC100010A84FF46163B2FBF3F3654A15F06CF9B9
:10BC2000644B654A1B68152116A815F065F9634B2E
:10BC3000634816AA10A9B0E4624B634A634964489A
:10BC4000ABE4644B1C78644B1A78644B152153F8B1
:10BC50002230634A0AA815F04FF92346614A15219C
:10BC600010A815F049F9514B1A78A24210D903EBEC
:10BC70008403586813F00AFD5B4ACDE900011521E1
:10BC800016A815F039F916AB10AA0AA9574884E48A
:10BC9000574A152116A815F02FF9F4E7434C94F8EC
:10BCA000193123B9534B544A5449554875E4D4F8D3
:10BCB0001C0113F0EBFC534ACDE9000115210AA841
:10BCC00015F01AF9D4F8200113F0E0FC4E4ACDE942
:10BCD0000001152110A815F00FF9D4F8240113F074
:10BCE000D5FC4A4ACDE90001152116A815F004F942
:10BCF00016AB10AA0AA946484FE43E4B454A4649AE
:10BD000046484AE4464B1B7823B93A4B454A4649D4
:10BD1000464842E4464804F0BDFA0328044603D0EE
:10BD2000344B444A4449F3E7414916A804F072FBF6
:10BD30003F4804F047FB0021054616A810F004F91F
:10BD40000121067816A810F0FFF80221077816A83E
:10BD500010F0FAF8214690F8008016A810F0F4F8D8
:10BD60000378364A0097CDE901831521334604A8AC
:10BD700015F0C2F8324A15210AA815F0BDF82B4675
:10BD8000304A152110A815F0B7F810AB0AAA04A97B
:10BD9000BEE72D4B2D4A2E492E48FFF7FEBB2E4BFA
:10BDA0002E4A2F492F48FFF7F8BB00BF200800207C
:10BDB0003C450200DC090020D83F0200E03F0200C1
:10BDC0004A4502005D4502007145020085450200BA
:10BDD00099450200B4090020B50900207C4A020000
:10BDE000AC450200B9450200C3450200DE45020031
:10BDF000D1450200C54002009D4A0200F7450200FD
:10BE00000A4602001D460200334602004A4602006E
:10BE10005F46020073460200874602009B4602000E
:10BE2000EC050020AE460200C1460200D4460200E6
:10BE300008150020E7460200FA4602000D470200FE
:10BE400020470200304702004347020056470200E5
:10BE5000694702007C4702008F470200A2470200A8
:10BE6000B5470200C847020010B50B4C0B482146ED
:10BE700010F0E0F921460A4810F0DCF921460948A3
:10BE800010F0D8F92146084810F0D4F921460748A7
:10BE9000BDE8104010F0CEB9803E0200B809002085
:10BEA000C4090020D0090020E8090020DC09002096
:10BEB00008B5084810F073F9074810F070F9074802
:10BEC00010F06DF9064810F06AF90648BDE8084020
:10BED00010F065B9DC090020E8090020D009002035
:10BEE000C4090020B809002010B50A49044610F022
:10BEF00095F80949204610F091F80849204610F0BD
:10BF00008DF8204610F07AF820460549BDE810402B
:10BF100010F084B8FF76020019770200387702002B
:10BF20004A77020038B504460D460A4910F076F803
:10BF30000949204610F072F80849204610F06EF8C2
:10BF4000204610F05BF829462046BDE8384010F046
:10BF500041B800BF6E7702001977020038770200FF
:10BF60007FB50D4D95F9014106468CB10B4901A8ED
:10BF700010F060F905F2011101A810F0CFF901A944
:10BF8000304610F05CFAC44301A8E40F10F007F942
:10BF9000204604B070BD00BFEC050020B14F020088
:10BFA0004FF6FF7399421FBF0368CA0903EBC20330
:10BFB00001F07F011ABF586800EBC10000207047F4
:10BFC0007FB505460E46144610460AB115F042F8F4
:10BFD000CDE9014000228DF80C2004AA2B4612E97D
:10BFE000070043F8046B83E80700284604B070BDDF
:10BFF00010B50A79042A044608D0052A09D0022A75
:10C000000FD10022F9F7A0FF204610BD01220968D8
:10C01000F8E70B68DA880833C0E90032002323729E
:10C02000F2E70023C0E900330123F8E738B5436A9B
:10C03000034400251D710446011D006810F06EF9CF
:10C0400000B16562606A38BD38B5436A01331F2BA1
:10C0500004460D4606D8636A5A1C62621C440120DD
:10C06000257138BDFFF7E2FF0028F4D00020F8E783
:10C0700010B50446406818B123681968F9F75EFFE7
:10C08000204610BD38B502F037F928B11C491D48CB
:10C09000BDE838400FF0C2BF1B491A480FF0BEFF81
:10C0A0001A4B1A786AB11946194C11F9010F13F994
:10C0B000212F002814BF0D462546002A18BF1C4614
:10C0C00040B914490F480FF0A9FF134B002283F821
:10C0D0008C2138BD11490B480FF081FF29460948D2
:10C0E0000FF09CFF224629460D4804F003F910F09A
:10C0F000E1FF0C4B18600C48BDE8384005F09AB8D9
:10C10000EE4C0200381A0020104D0200EC05002011
:10C11000803E02001E4D020020080020434D020018
:10C1200008150020AC0A0020F40A002038B50446A7
:10C1300001680C30FAF718F8002325682371A0680D
:10C1400028B10368A3602946F9F7F8FEF7E738BD80
:10C15000C0E900121022826001220273704770B59C
:10C1600088B002AB83E806000C46039D064608B182
:10C1700014F070FF0023CDE905608DF81C3054B138
:10C1800029462046F9F73BFF009508AB13E90E005E
:10C190002046FAF74EFB08B070BD437E6BB9D0E97C
:10C1A000043293423DBF5A1C02611B784FF0FF33AB
:10C1B00023EAE37303760123437690F9180070476E
:10C1C00038B5044600252046FFF7E7FF0A2806DCBD
:10C1D000092808DA48B10123237300200AE00D285A
:10C1E00001D02028F7D16576EDE7237B002B14BF23
:10C1F0000220012038BD70B505464C1E002614F9FA
:10C20000010F50B12846FFF7C8FF28B194F900305C
:10C21000834203D16E76F2E7022070BD0320FCE773
:10C22000F8B5054616460C468F18BC4205D014F8E2
:10C23000011B2846FFF708FFF7E7AB6A3344AB6200
:10C24000F8BD38B5054608460C4614F003FF2146F4
:10C2500002462846FFF7E4FF38BD2DE9F04186B0DD
:10C260000DF11604054616461F46A04630463946CF
:10C270000A22002313F0FAFD303204F8012D0023C6
:10C28000304639460A2213F0F1FD06460F4656EABB
:10C290000703EBD1A8EB040221462846FFF7C0FFB5
:10C2A00006B0BDE8F08110B52DED028B0446B0EE6E
:10C2B000408AFBF7EDF9A168044630B1F9F79FFE1B
:10C2C0000E23237184ED008A0120BDEC028B10BD8A
:10C2D00038B504460D46FBF7DBF9A168044628B1E2
:10C2E000F9F78DFE062323712570012038BD37B57F
:10C2F0000D4601466846FBF738FA009C4CB12046D3
:10C300000199F9F77CFE0C2323712560012003B00D
:10C3100030BD2046FBE7F0B589B00F460546014623
:10C3200003A8FBF722FA3846DDE9034614F092FE33
:10C330000023CDE905708DF81C3054B131462046FC
:10C34000F9F75DFE009608AB13E90E002046FAF7F8
:10C3500070FA286810B1007980F0010009B0F0BDD2
:10C3600010B52DED028B82B001466846B0EE408AD2
:10C37000FBF7FBF9009C64B120460199F9F73FFEF9
:10C380000E23237184ED008A012002B0BDEC028BE4
:10C3900010BD2046F9E737B50D4601466846FBF764
:10C3A000E4F9009C4CB120460199F9F728FE0623D8
:10C3B00023712570012003B030BD2046FBE737B55F
:10C3C0000D4601466846FBF7D0F9009C4CB120466B
:10C3D0000199F9F714FE0C2323712560012003B0A5
:10C3E00030BD2046FBE738B504460D46FFF7D5FEC5
:10C3F000A8424FF0000004BF6076012038BDD3B5DD
:10C40000164612F100421F4643F10003012B08BFFC
:10C41000002A044605D20C2303710660012002B0F5
:10C42000D0BD68460699FAF732F800980028F6D091
:10C430001C232371BDF804302380C0E90067EDE7B9
:10C440002DE9F04389B006460D46FFF7A6FE00240D
:10C4500027462F28E3B20BDD39280BDC0134402CB2
:10C4600024D033197776D8773046FFF796FEF0E779
:10C470002B28F3D0A0F12D02D2B2012AEED920F060
:10C48000200252B2452AE9D03344002283F820200A
:10C4900006F1200104A8FAF71FF89DF81030013BBF
:10C4A000032B59D8DFE803F0302404353F23EBE7B2
:10C4B000DDE90689B9F1010F08BFB8F1000F07D215
:10C4C0000A232B71C5F80080002009B0BDE8F08375
:10C4D000F16902A8F9F7DBFF029B0BB90420F4E72E
:10C4E0001A222A71BDF80C202A80C3E90089EBE7E3
:10C4F000F36900932846DDE90623FFF780FF002853
:10C5000014BF00200420E0E70E232B71069B2B6054
:10C51000DAE7DDE906894946404613F007FC07469D
:10C5200013F0B4F802460B464046494613F06EFB42
:10C5300018B10E232B712F60C6E7F16902A8F9F735
:10C54000A6FF029B002BC9D01E222A71BDF80C2029
:10C550002A80C3E90089B7E70320B6E7F8B50646A5
:10C560000F46FAF77EFD3368054668B10479018805
:10C5700014F0100003D003F12C00FFF711FD0C2C78
:10C580001AD003D80A2C12D0386818E01A2C17D009
:10C590001C2CF9D1D0E9002312F1004043F1000135
:10C5A000012908BF002834BF0123002302E02B68C3
:10C5B000DB43DB0F002BE7D03046FAF775FDF8BD03
:10C5C000D0E90023002199426FF0004008BF90425B
:10C5D0002CBF01230023EDE72DE9F0478046FFF74C
:10C5E000DCFD0024384E88F81940074625464046B1
:10C5F000FFF7D3FD8742014688F819505CD010B987
:10C600000220BDE8F0875C2852D14046FFF7C5FD07
:10C610000028F5D075283CD188F819504FF004094E
:10C620004FF0000A4046FFF7B8FD0028E8D0402848
:10C63000CBBF20F020023038373AC3B2C8BFD3B2E4
:10C640000F2B01D90320DCE709F1FF3943EA0A1374
:10C6500019F0FF091FFA83FA88F81950E2D10AF598
:10C6600020539BB2B3F5806F02D2CAF30904BEE730
:10C670000AF510539BB2B3F5806F3DBFCAF3090AA8
:10C680004AEA842A0AF5803050464146FBF762FCAC
:10C69000ADE700239A579919002AD3D0904203F1AD
:10C6A0000203F7D191F901100029CBD088F8195075
:10C6B0004046F9F78DFC9AE7D8F80430002B0CBF00
:10C6C000042000209DE700BF6E3E020010B5044626
:10C6D000FFF7BAFCA36A1844A06210BD2DE9F0412F
:10C6E0000D46222116460446FFF7F0FFDFF8508082
:10C6F0002E44B54215D015F9011B104B13F9027CDD
:10C70000AFB1023313F9032C8A42F7D15C212046E2
:10C71000FFF7DCFFF9B20DE041462046FFF791FD3F
:10C72000E7E722212046FFF7D1FFBDE8F08100298D
:10C73000F2D0C9B22046FFF7C9FFDAE7743E020023
:10C74000813E020070B5002A1D4675F100030646C1
:10C75000144605DA2D21FFF7B9FF644265EB450564
:10C7600022462B463046FFF778FD70BDFFFFFFFFE6
:10C770002DE9F04F5BEC10AB8BB007460D4610EE89
:10C78000102A5B4610EE100A594613F03FFA30B9F2
:10C79000AF493846FFF755FD0BB0BDE8F08F0022DA
:10C7A00000235046594613F031FA68B952465B46A9
:10C7B0005046594612F00CFE02460B46504659466A
:10C7C00013F024FA0028E3D10022002350465946F2
:10C7D00013F026FA30B12D213846FFF777FF0BF121
:10C7E00000439B46012301932C460A2324B1019A5E
:10C7F0005A43013C0192F9E791A3D3E90023504643
:10C80000594613F021FA00286AD0DFF850924FF011
:10C8100008084FF48076414604A8CDF81090F9F747
:10C820004EFE52465B4651EC100B13F003FA78B102
:10C83000884B0493414604A8F9F741FE50465946F7
:10C8400053EC102B12F07AFF344482468B4624B20C
:10C8500018F1FF384FEA6606DDD2CDF80C800022D1
:10C8600000235046594613F0F9F900283DD076A32D
:10C87000D3E900235046594613F0DCF9A8B300234E
:10C880000293DDE90223A3EB020919F0800F2CD1FA
:10C890000DF128086F4B48F8183D49464046F9F716
:10C8A0000EFE00226C4B51EC100B12F047FF52466B
:10C8B0005B4613F0D3F978B1684B04934946404680
:10C8C000F9F7FDFD5046594653EC102B12F036FF98
:10C8D000A41B82468B4624B2029B76100133CFE71D
:10C8E00008234FF480760393B9E75046594613F076
:10C8F000FDF90A2206460346092B08D9B3FBF2F3D9
:10C90000013D0199B1FBF2F16DB20191F4E73046BE
:10C9100012F09AFE02460B465046594612F056FD5A
:10C9200080460198894612F08FFE02460B4640462B
:10C93000494612F003FF8046894613F0D7F9824634
:10C9400012F082FE02460B464046494612F03EFD7A
:10C950000B46024612F03CFD13F0C8F9019B0AEBAE
:10C960000008434508D8013694B1092E10D9013486
:10C9700024B24FF0000801260A22B8FBF2F302FBB2
:10C98000138141B9002D06DD013D98466DB2F4E7F3
:10C990004FF00008F0E70DF126010A22B6FBF2F392
:10C9A00002FB1366303601F8016D1E46002BF5D1EF
:10C9B0000DF12606721A3846FFF732FCEDB108AACF
:10C9C0002B4611464FF00A0C013B5BB2581C09D0B4
:10C9D000B8FBFCF00CFB108808F1300802F8018D60
:10C9E0008046F1E7EDB2EB434D1B2E2205F8012CFA
:10C9F00019445A423846FFF713FC002C3FF4CCAEE2
:10CA000065213846FFF762FE002CA5B205DA2D211C
:10CA10003846FFF75BFE6D42ADB231460A22B5FBE8
:10CA2000F2F302FB1355303501F8015D9DB2002D84
:10CA3000F5D1721A3846FFF7F3FBADE6AFF300808D
:10CA400000000000D0126341F168E388B5F8E43ECD
:10CA5000693E0200103102000000244058310200FB
:10CA60002DE9FF41057906460C46018815F01000B6
:10CA700003D002F12C00FFF793FA0C2D00F09980FF
:10CA800016D8042D00F0878006D8022D78D0032D0B
:10CA900000F08880504998E0062D00F093807DD307
:10CAA0000A2DF7D1326800232046FFF7D6FB1DE0A0
:10CAB0001C2D00F0848006D80E2D0ED01A2DE9D141
:10CAC000D0E90023F0E7202D35D0402D12D01E2DC7
:10CAD000E0D1092190ED000B05E0306812F0D6FDA1
:10CAE00041EC100B06212046FFF742FEA06A04B07D
:10CAF000BDE8F0815B212046FFF7E8FD35884FF661
:10CB0000FF76B54212D0E76A294607F12C00FFF7FD
:10CB100047FA05463A462146FFF7A2FFED88B5429F
:10CB2000EFD02C212046FFF7D1FDEAE75D2120461A
:10CB3000FFF7CCFDDAE77B212046FFF7C7FD4FF674
:10CB4000FF7735880126BD4218D0D4F82C802946BD
:10CB500008F12C00FFF724FA054642462146FFF76C
:10CB60007FFFED88BD4206D0002E0CBF2C213A215C
:10CB70002046FFF7ABFD86F00106E4E77D21D6E70E
:10CB80000022314601A8F9F7DFF9DDE9011220465C
:10CB9000FFF7A4FDAAE701223168F3E73168CA88EC
:10CBA0000831F4E731682046CA880831FFF738FBBE
:10CBB0009CE73268D3172046FFF7C4FD96E7D0E91B
:10CBC0000023F8E7337823B104492046FFF739FB07
:10CBD0008CE70349F9E700BF693E0200883E020086
:10CBE0008D3E02002DE9F043B7B06B46002783E885
:10CBF000030002AD3946104602920B970FF052FB2C
:10CC00000FCD0CAC0FC40FCD0FC495E8030084E822
:10CC100003000CAE0FCE16ADDDE900890FC50FCEB7
:10CC20000FC594E8030085E8030016AE0FCE20ACD4
:10CC30000FC40FCE0FC495E8030020AE84E80300B4
:10CC40000FCE2AAD0FC50FCE0FC594E8030085E8BF
:10CC5000030020A83497FFF7E9F916A8CDF8D4907F
:10CC6000FFF7E4F9B8F1000F12D04A462AA940466E
:10CC7000FFF7F6FE04462AA8FFF7D8F90CA8FFF73D
:10CC8000D5F902A8FFF7D2F9204637B0BDE8F08306
:10CC900002492AA8FFF7D5FA349CECE7693E020066
:10CCA0002F280EDD392803DD5E2803DD7A2803DC1A
:10CCB00001207047402804DD5A28CCBF0020012005
:10CCC00070470020704770B50446F9F771F92046A7
:10CCD000FFF763FA27281ED022281CD02046FFF732
:10CCE0005CFA0546FFF7DCFF98B10026294620468E
:10CCF0006676F9F76DF92046FFF74FFA0546FFF71C
:10CD0000CFFF0028F2D16368002B0CBF0420002065
:10CD100000E0032070BD2046FFF75EFCFAE72DE936
:10CD2000F04F5FFA83F98DB004460D46B9F1000F5C
:10CD300000F0858000234376FFF742FAB8B97D21E1
:10CD40002046FFF750FB88B90DF124082046FFF775
:10CD5000BAFF60B92046FFF733FA064638B93A21E0
:10CD60002046FFF740FB28B9032000E000200DB06B
:10CD7000BDE8F08FD4E9013213448DF82C601E72A7
:10CD8000D4E901320833CDE90932E369009398E828
:10CD90000E002846F9F7F4FD074600284BD1D4F8D9
:10CDA0001CB005A85946F9F73FFB059E0EB90420B3
:10CDB000DDE7594607A8F9F737FB079F002FF6D0A4
:10CDC000BDF820A0A6F806A06988BDF818304FF677
:10CDD000FF7291422DD00BF12C000393FFF7E0F886
:10CDE000039BC380A5F802A031462046F9F7DCFC7E
:10CDF00009F1FF334FF000023946204600F022F8D7
:10CE00000028B4D12046FFF7DBF90028AFD17D21FF
:10CE10002046FFF7E8FA0028A8D12C212046FFF78A
:10CE2000E2FA0028A0D02046FFF7CAF900288DD0EA
:10CE30009DE72B80D6E7E169F9F7E1F8D8E705200F
:10CE400095E7FFFFF8B505460E461F46FFF7B8F910
:10CE50000446002858D12846FFF79FF966286DD070
:10CE600013DC272803D05B2817D022286BD1284653
:10CE7000F9F79EF82846FFF7AFFB0446002843D198
:10CE800031462846F9F790FC3EE074284DD07B28C7
:10CE90003CD06E2857D130494CE040233371FFB26B
:10CEA0004FF6FF7333807380002F51D06C76284685
:10CEB000FFF786F9044638BB5D212846FFF793FA51
:10CEC00008BB013FE9693046F9F7C7FA0146002877
:10CED00040D03B464FF000022846FFF7B3FF044620
:10CEE00090B92846FFF76CF9044668B95D212846D9
:10CEF000FFF779FA38B92C212846FFF774FA002891
:10CF0000E0D1032400E000242046F8BD2023337143
:10CF10004FF6FF73338073804FF000023B4631467B
:10CF20002846FFF7FCFE0446EEE7062333710B4963
:10CF3000012333702846FFF75EF9F4E706233371C7
:10CF400034700749F6E731462846FFF779FAEAE7F1
:10CF50000524D9E70424D7E7693E0200883E020091
:10CF60008D3E020038B513464FF0000205460C46D0
:10CF7000FFF768FF30B995F918301BB123791B070B
:10CF800048BF032038BDFFFF10B550211048114C99
:10CF900004F08CF8104B03F10C010022D9624FF41D
:10CFA00080204FF6FF711C601A719A601863998691
:10CFB00083F83C20D987094B1C6083F83C2003F19F
:10CFC0000C04D9871A719A60C3E90B40998610BD89
:10CFD000F40A002018000020B00A00206C0A00208B
:10CFE00008B50748F9F7ECF80648F9F7E9F80648F4
:10CFF000064B40F8103BBDE8084003F045BC00BFBD
:10D000006C0A0020B00A0020F40A0020B08202005E
:10D010002DE9F04F2DED028BD7B001F06DF9A24C48
:10D02000054638B1002384F88C3157B0BDEC028B33
:10D03000BDE8F08F9D4803F02DF903282DD084F82A
:10D040008C5110F037F89A4A136841F28831C31AAC
:10D050008B42EAD9974B10601A78002AE5D019461E
:10D06000954A11F9010F13F9215F002814BF0C46EE
:10D070001446002D0CBF15461D460028D5D08F49FB
:10D080008F480EF0ACFF21468D480EF0C7FF2A46B0
:10D090002146864803F02EF9C7E7844920A803F00B
:10D0A000B9F9294600952B462A463EA80EF0FCFD0C
:10D0B0003EA920A80EF037FF0028B3D1814B197884
:10D0C000012284F88C2141B97F497D481A700EF005
:10D0D00086FF20A97A480EF0ABFF7C4926A803F012
:10D0E000F7FF2A9B013306D026A803F0B1FC30B924
:10D0F00026A803F031FE26A803F0C6FB95E7192108
:10D1000026A80FF011F80D2226A914A80FF024F874
:10D110000A2226A93EA80FF01FF83EA80FF03FF8FC
:10D1200065496B4D17A80FF085F826A803F090FC11
:10D1300090B10A2226A93EA80FF00EF83EA917A822
:10D140000FF0DBF829463EA80FF005F908B9409B1F
:10D1500073BB3EA80FF023F857491AA80FF06AF8DE
:10D160005C493EA80FF066F83EA914A80FF01DF91F
:10D1700005463EA80FF013F8002D50D056493EA8A2
:10D180000FF058F83EA917A80FF059F905463EA828
:10D190000FF005F8002D40DB0F35199BAB420BD982
:10D1A000294617A80FF01FF9202805D10135F4E70B
:10D1B0003EA80EF0F4FFB8E72A460A2117A80FF0A0
:10D1C0001BF9031E2A46B8BF199B17A93EA80FF0EA
:10D1D00039F93EA80FF0B3F905463EA80EF0DFFF7F
:10D1E0000FF068FF064615B11C9B9D4217D90FF042
:10D1F00061FF801B632812D826A803F029FC0028B1
:10D20000F1D015B11C9B9D42EDD926A803F06EFA12
:10D2100041B21AA80FF087F8EEE70025E0E72EAD3F
:10D220002E4928460FF006F8294614A80FF0BDF83D
:10D23000064658B92A493EA80EF0FCFF3EA914A89C
:10D240000FF0B3F806463EA80EF0A9FF28460EF0F0
:10D25000A6FF002E50D0234926A80EF0DFFE22495B
:10D2600026A80EF0DBFE214926A80EF0D7FE2049A5
:10D2700026A80EF0D3FE26A80EF0C0FE1D4813F01F
:10D28000E9FE1C49024626A803F0A2FB26A803F0EB
:10D2900063FD1AA80EF083FF17A80EF080FF14A8F4
:10D2A0000EF07DFF27E700BF2008002008150020B2
:10D2B000AC0A0020EC050020803E02006E4D02000A
:10D2C000381A0020F00A0020864D0200F40A0020DF
:10D2D000A44D0200A64D0200AB4D0200BB4D020062
:10D2E000C64D02006E770200D54D0200FC4D0200D3
:10D2F00038770200C24F0200BB493EA80EF09AFFE9
:10D300003EA914A80FF051F807463EA80EF047FFBB
:10D31000002F00F0D582B54D2846FEF707FF94F8A0
:10D32000063185F83C60002B00F07A82032B00F078
:10D330007A82012B00F07A82022B00F07A82AC49CB
:10D34000AC4A042B14BF8846904694F80431002B55
:10D3500000F07282A84FA94A012B08BF1746237814
:10D36000002B00F06B8294F844904B4540F26682AB
:10D3700004EB890393ED018AB4EE488AF1EE10FACA
:10D380000CD604EB89090FF095FED9F82460861BB2
:10D3900040F6B83086428CBF00260126984B94EDAB
:10D3A000360A3F934FF001090B233EA840938DF8B6
:10D3B00004913E95FEF7D4FF924A8C493EA8F8F7B7
:10D3C00029FF94ED350A3EA8FEF7CAFF8E4B3F9326
:10D3D000D4F880118DF8049103233EA840933E9524
:10D3E000FEF785FF894A81493EA8F8F736FFD4F851
:10D3F000F4103EA8FEF77BFF854A7C493EA8F8F76B
:10D400001EFFD4F880113EA8FEF771FF814BD4F8BF
:10D4100080113F933EA80F2340938DF804913E95D1
:10D42000FEF765FFF7F71AFB7B4A7049F0EE408A7A
:10D430003EA8F8F7EFFEB0EE680A3EA8FEF790FFB0
:10D44000764A6A493EA8F8F708FF3EA906A894F86C
:10D4500006B1FAF78AF9DDE9069AB9F1000F0AD0A8
:10D4600048465146F8F7CBFDCDF800A05A460023B8
:10D470004846FEF7C4FF6A4B3F930F234146409353
:10D480003EA801238DF804313E95FEF744FF654A1E
:10D4900056493EA8F8F7FDFE3EA908A894F804A155
:10D4A000FAF763F9DDE90889B8F1000F0AD04046C0
:10D4B0004946F8F7A4FDCDF80090524600234046B7
:10D4C000FEF79DFF584B3F930B23409339460123B2
:10D4D0003EA88DF804313E95FEF71DFF534A43499F
:10D4E0003EA8FEF735FE94F8E0103EA8FEF753FF85
:10D4F00094F8E030002B40F0A48194F804214C4BC8
:10D50000002A08BF1F464B4B3F934FF001080523ED
:10D5100039463EA840933E958DF80481FEF7FBFE08
:10D52000454A32493EA8F8F78AFEB0EE480A3EA8BE
:10D53000FEF716FF414A2D493EA8F8F76BFE31462B
:10D540003EA8FEF728FF3E4B3F9394F8CC103E9543
:10D5500011233EA840938DF80481FEF71CFF394B40
:10D560003F9394F88C113E9507233EA840930CAE50
:10D570008DF80481FEF70FFF334A1C493EA8F8F7E7
:10D5800088FE30463EA9FAF7F0F896E803000AABA9
:10D5900083E803002D4893E80600FEF7E0FD2C4ADF
:10D5A00012493EA8F8F783FEB4F914113EA8FEF71D
:10D5B00006FF284A0D493EA8F8F741FEB4F91611B6
:10D5C0003EA8FEF7FCFE244802F0FCFE234B3F93EE
:10D5D000064604233EA90EA83E9540938DF804818B
:10D5E000FAF7C3F80E9D3BE0144E0200B00A00208B
:10D5F0007C3B0200843B0200614D0200353A020090
:10D60000A73B0200983B02002C330200EB3B0200D8
:10D61000F63B0200003C0200103C0200D333020043
:10D62000234E0200D63C0200334E0200B33B020000
:10D63000803E0200E7330200D23B0200DC3B0200E6
:10D640003F4E0200514E0200594E02000D070020CD
:10D65000E1390200183A0200081500201F3C0200C0
:10D6600035B10F992846F8F7CAFC0C232B712E60B0
:10D670008149824A3EA8FEF7A3FC3EA8FAF74FF87C
:10D680003E99054638B1F8F7BAFC20232B714FF6C6
:10D69000FF732B806B807A4B3E9F419301260623BC
:10D6A00094ED470A42933EA84FF008083F954097F3
:10D6B0008DF80C61FEF7F7FD724B94ED480A41932B
:10D6C0003EA8CDF808813F9540978DF80C61FEF794
:10D6D000EAFD6D4B94ED490A41933EA8CDF80881CF
:10D6E0003F9540978DF80C61FEF7DDFD6249674A72
:10D6F0003EA8FEF765FC3EA8FAF711F83E99804671
:10D7000050B1F8F77CFC402388F804304FF6FF73E3
:10D71000A8F80030A8F802303E9EDFF890B14FF034
:10D72000000A23785FFA8AF7BB4240F28E80B8F194
:10D73000000F00F0888031464046F8F78EFE05461F
:10D7400040B13146F8F75BFC20232B714FF6FF7395
:10D750002B806B80052342933EA801233F95409682
:10D76000CDF804B18DF80C31F9F792FF409981465C
:10D7700030B1F8F744FC0A2389F80430C9F8007086
:10D78000434B41934FF0010904233EA842933F9538
:10D7900040968DF80C91F9F77BFF409A109010ABF2
:10D7A000119204EB071093E806004C30FEF7D7FC0B
:10D7B000334B41930623429304EB870393ED010A15
:10D7C0003F953EA840968DF80C91FEF76CFD0FF04A
:10D7D00071FC04EB87033F95596A2E4B4193092353
:10D7E000411A429340F6B83399428CBF002101217F
:10D7F0003EA840968DF80C91FEF76AFD94F844100F
:10D80000254B41930D234293CB1B594259413EA8CE
:10D810003F9540968DF80C91CA44FEF759FD80E77C
:10D82000DFF88C8091E5DFF88C808EE5DFF888806A
:10D830008BE5DFF8888088E5184F90E59FED188A22
:10D84000ACE5184F5FE6454684E717493EA80EF061
:10D85000F1FC094A02F13801CDE9121212AB3EAADD
:10D8600093E80300FFF7BEF926A83EA9FEF75AFB8E
:10D870003EA80EF094FC09E5B00A0020664E0200B6
:10D880001B3D020088360200CD3602003D3D0200FD
:10D89000614E0200E13B0200223D02007B77020064
:10D8A0000000C07F383B0200803E0200153D0200B0
:10D8B0006D3B0200B03F0200723B0200773B02006A
:10D8C00077493EA80EF0B6FC3EA914A80EF06DFDF7
:10D8D00007463EA80EF063FC002F00F08880714FD1
:10D8E0003846FEF723FC704A87F83C6039463EA86C
:10D8F000FEF72EFCD4F8DC103EA8FEF7F8FC6B4ACD
:10D9000039463EA8F8F7D3FCD4F8EC103EA8FEF751
:10D91000EEFC674A39463EA8F8F79FFCD4F80011A0
:10D920003EA8FEF7E4FC634A39463EA8F8F787FCB8
:10D93000D4F8E4103EA8FEF7DAFC5F4A39463EA868
:10D94000F8F77DFCD4F8E8103EA8FEF7D0FC5B4A5F
:10D9500039463EA8F8F79DFC28463EA994F8F060A9
:10D96000F9F703FF2E9D35B12F992846F8F747FBAD
:10D970000A232B712E60524A4A493EA8F8F758FCF8
:10D98000D4F878113EA8FEF7B2FC4E4A45493EA8AD
:10D99000F8F78DFCB4F97C113EA8FEF710FD4A4A59
:10D9A00040493EA8F8F744FCB4F97E113EA8FEF7C2
:10D9B00006FD464A3B493EA8F8F779FCB4F9141134
:10D9C0003EA8FEF7FCFC424A36493EA8F8F737FC71
:10D9D000B4F916113EA8FEF7F2FC3E493EA80EF03F
:10D9E00029FC3D4B3EAACDE91D371DAB38E73B492D
:10D9F0003EA80EF01FFC3EA914A80EF0D6FC074668
:10DA00003EA80EF0CCFB002F00F0118217A8FEF705
:10DA1000A7FA002800F00682314B2E9331AB3993E0
:10DA20004FF480233A934FF6FF73DDF86880ADF82A
:10DA3000EC30ADF8F6301C9B8DF8BC60284608EB46
:10DA4000030730968DF8F460FEF770FB4FF00A0282
:10DA50003CA93EA88DF8F460CDE93E5640968DF87D
:10DA600004618DF81161CDF8088143974595FFF762
:10DA700079FA06463EA8FEF7FBFA16F0FF0F33D000
:10DA800018493EA80EF0D6FB3EA926A8FEF74AFA92
:10DA90003EA80EF084FB2EA8F8F792FBFFF7F6BB2A
:10DAA0006A4E02006C0A00207C4E020034370200ED
:10DAB0008D4E02006B3702008E370200984E020036
:10DAC000A54E020011380200B34E0200E1390200F7
:10DAD000183A0200803E0200A40A0020C14E020053
:10DAE00018000020CF4E0200D4F8DC300293D4F8A6
:10DAF000EC300393D4F8003104937049D4F87831B2
:10DB000094F8F0B0B4F97C81B4F97E71B4F9146181
:10DB100005932846D4E939A9B4F91641F8F799FFD5
:10DB200040B1664A29463EA8FEF712FB3EA8F9F727
:10DB3000BBFA029062492EA8F8F78BFF40B1604A09
:10DB40002EA93EA8F8F7B3FB3EA8F9F7ADFA03906B
:10DB50005C492EA8F8F77DFF40B15A4A2EA93EA88D
:10DB6000F8F77BFB3EA8F9F79FFA049056492EA8D8
:10DB7000F8F76FFF40B1544A2EA93EA8F8F75FFBB3
:10DB80003EA8F9F791FA824650492EA8F8F761FFAE
:10DB900040B14E4A2EA93EA8F8F751FB3EA8F9F72E
:10DBA00083FA81464A492EA8F8F753FF40B1484A04
:10DBB0002EA93EA8F8F76DFB3EA8F9F775FA834643
:10DBC00044492EA8F8F745FF40B1424A2EA93EA885
:10DBD000F8F72EFB3EA8F9F767FA05903E492EA804
:10DBE000F8F737FF40B13C4A2EA93EA8F8F75FFB93
:10DBF0003EA8F9F759FA804638492EA8F8F729FFC8
:10DC000040B1364A2EA93EA8F8F712FB3EA8F9F714
:10DC10004BFA074632492EA8F8F71BFF40B1304AAD
:10DC20002EA93EA8F8F743FB3EA8F9F73DFA0646B1
:10DC30002C492EA8F8F70DFFA8BB2546029BC83B30
:10DC4000B3F52F7F2DD8039B013B632B29D8049B71
:10DC5000053BB3F5157F24D2BAF1640F21D8B9F191
:10DC6000640F1ED8CA451CDCBBF1010F19D8059BF7
:10DC7000013B772B15D8A8F13203B3F5E17F10D81B
:10DC8000A7F13203B3F5E17F0BD8B84509DCA6F163
:10DC90002803C82B05D8AE4203DAA5F12803952B3B
:10DCA00024D91149EDE60F4A2EA93EA8F8F7C7FA84
:10DCB0003EA8F9F7F9F90546C0E700BF7C4E02001F
:10DCC000343702008D4E02006B3702008E3702009F
:10DCD000984E0200A54E020011380200B34E020019
:10DCE000E1390200183A0200E84E0200AD492EA8C0
:10DCF000F8F7AFFE044630B1029AAB4B1046C3F8BA
:10DD0000DC20F7F775FAA9492EA8F8F7A2FE48B16A
:10DD1000039BA54A02901846C2F8EC30F7F770FA58
:10DD2000029B1C46A2492EA8F8F793FE48B1049B1B
:10DD30009D4A02901846C2F80031F7F75DFA029B3F
:10DD40001C469C492EA8F8F784FE40B1964A0290E2
:10DD50005046C2F8E4A0F7F757FA029B1C469649D2
:10DD60002EA8F8F776FE824630B18F4B4846C3F8AE
:10DD7000E890F7F74DFA544690492EA8F8F769FE57
:10DD8000814630B1884B584683F8F0B0F7F744FA33
:10DD90004C468B492EA8F8F75CFE814638B1059AAF
:10DDA000814B1046C3F87821F7F76DFA4C46854948
:10DDB0002EA8F8F74EFE814630B17B4B4046A3F8C3
:10DDC0007C81F7F764FA4C467F492EA8F8F741FEAC
:10DDD000804630B1744B3846A3F87E71F7F75BFA92
:10DDE00044467A492EA8F8F734FE074630B16E4B08
:10DDF0003046A3F81461F7F763FB3C4674492EA83C
:10DE0000F8F727FE50B1684B2846A3F81651F7F7EC
:10DE10005BFB654B012283F8842101E0002CF8D1E3
:10DE20006C492EE626A8FEF75FF8FFF72FBA6A497D
:10DE30003EA80EF0FFF93EA914A80EF0B6FA074668
:10DE40003EA80EF0ACF9002F00F08F8017A8FEF767
:10DE500087F80028E6D0614B2E9331AB39934FF40D
:10DE600080233A934FF6FF73DDF86880ADF8EC300D
:10DE7000ADF8F6301C9B8DF8BC60284608EB030714
:10DE800030968DF8F460FEF751F94FF00A023CA984
:10DE90003EA88DF8F460CDE93E5640968DF80461B9
:10DEA0008DF81161CDF8088143974595FFF75AF831
:10DEB00006463EA8FEF7DCF816F0FF0F0CD04849E6
:10DEC0003EA80EF0B7F93EA926A8FEF72BF83EA80B
:10DED0000EF065F92846DFE5424B3F9356AE052329
:10DEE00040934FF0FF3346F8E43D4FF001083146D0
:10DEF0003EA83E958DF80481FEF730FB3A4B3F93E8
:10DF0000074604233EA83E9540938DF80481F9F717
:10DF1000A8F8A8B103791A1F424501D9022B0FD1E5
:10DF20003EA8F9F79EF8014618B13046FEF760F8B2
:10DF30001D99072F02D891F900301BB92B49BFE773
:10DF40002B49F6E73E0106F14C000F2220442644FF
:10DF500013F09AF80023F8B286F85B30F7F7E6F989
:10DF6000012384F884311B49AAE722493EA80EF018
:10DF700061F93EA914A80EF018FA05463EA80EF065
:10DF80000EF9002D41D017A8FDF7EAFF00283FF455
:10DF900049AF94F80431012B30D117493EA80EF057
:10DFA00049F961E47C4E0200200800203437020069
:10DFB0008D4E02006B3702008E370200984E020031
:10DFC000A54E020011380200B34E0200E1390200F2
:10DFD000183A0200154F0200214F020018000020DD
:10DFE000CF4E0200153D0200614E0200314F02008B
:10DFF000803E0200504F0200604F0200F6F744FDE1
:10E00000012384F884310749C8E7074926A80EF0A0
:10E0100005F8064926A80EF001F826A80DF0EEFF37
:10E02000FFF734B9154F02009A4F0200387702000B
:10E03000BFF34F8F0549064BCA6802F4E0621343F1
:10E04000CB60BFF34F8F00BFFDE700BF00ED00E0E6
:10E050000400FA05F0B5224E224D234995B0304612
:10E060000DF0DCFF284602F041FA284602F06AFA79
:10E070000127C8200EF0DAFF002400970423A8220D
:10E08000C02102A80DF010FE23462246214600942E
:10E0900008A80DF009FEFF231A46194600940EA8A1
:10E0A0000DF002FE0EAB08AA02A9284602F0BAF84B
:10E0B0000E49284602F0E8FA0D49054630460DF0B3
:10E0C0008EFF0A22294630460DF0FEFF094B0A4812
:10E0D0001F700A4B83F88C4103F0ACF815B0F0BD0B
:10E0E000381A002008150020837C0200A97C020059
:10E0F000BF7C0200540B0020240B002020080020CD
:10E10000F0B585B00F6806460D4601A811461446C5
:10E110000EF0BEF8194901A80EF010F90146384674
:10E120000EF08DF9074601A80EF039F8002F06DA37
:10E13000134930460EF07EF8304605B0F0BDA468B5
:10E14000286801343C44224626210EF055F9031E6E
:10E15000B8BF2B682968B8BF9B68224601A80EF09B
:10E1600071F9202201A82B210EF08CF901A930466B
:10E170000EF00AF801A80EF012F8DDE7B130020047
:10E18000803E02000E4C0F4D0F4908B520460DF0A1
:10E1900045FF002140F24112284612F02CF90B4AAB
:10E1A00000232B7082F88C31F7F79CF90849204640
:10E1B0000DF034FF4FF47A700EF038FFFFF738FFA0
:10E1C000381A0020EC050020307C020020080020D6
:10E1D000507C020070B537493748384D384C86B00E
:10E1E0000DF01CFF00233749374885F88C3102F0C9
:10E1F000D3F92378002B5AD094F90130002B56D054
:10E2000032492D48304E0DF0EAFE611C2A480DF0CF
:10E2100005FF2D4802F06AF92B4802F093F9C82057
:10E220000EF004FF04F12102611C274802F062F89D
:10E230000EF040FF04460EF03DFF001BB0F5FA5F04
:10E240002ED2304602F026F8032825D120491A485C
:10E250000DF0E4FE1F4918480DF0C1FE1A4968464A
:10E2600002F0D8F8694614480DF0E2FE1A49124847
:10E270000DF0D4FE194B00221A700123184A85F8BC
:10E280008C31184B1360184A03F140011160174A92
:10E290006033136006B070BDC8200EF0C7FECAE739
:10E2A000134905480DF0BAFEFFF7D4FEF2E7114915
:10E2B000F7E700BF7E770200381A00202008002010
:10E2C000EC050020AE77020008150020BE770200A2
:10E2D000E5770200177802002E780200540B002028
:10E2E0005C0B00204D060020600B0020580B002026
:10E2F0006378020094780200014B1878704700BFE1
:10E30000540B00205021014802F0D0BE240B002005
:10E310000248034B40F8103B02F0B6BA240B002031
:10E32000B082020070B5AF4B1B78A8B0002B00F094
:10E330005781AD4920A802F0CBFE249B013300F0A9
:10E340004C81192120A80DF0EFFEA84902A80DF07C
:10E3500071FF20A802F07CFB054638B120A802F02E
:10E36000C5F941B202A80DF0DEFFF2E7049B002BD5
:10E3700000F030819E499F480DF050FE02A99D4853
:10E380000DF042FE9C499B480DF048FE9B491DA89C
:10E390000DF050FF1DA902A80EF007F804461DA8B5
:10E3A0000DF0FDFE002C00F0038195491DA80DF035
:10E3B00041FF1DA902A80EF042F804461DA80DF069
:10E3C000EEFE002C7CDD05AE049B221D02A930462A
:10E3D0000EF038F88B4901961DA80DF02BFF1DAAF1
:10E3E00001A908A8FFF78CFE1DA80DF0D8FE8649EC
:10E3F0001DA80DF01FFF1DAA01A90BA8FFF780FEA5
:10E400001DA80DF0CCFE81491DA80DF013FF1DAA1B
:10E4100001A90EA8FFF774FE1DA80DF0C0FE7C49EF
:10E420001DA80DF007FF1DAA01A911A8FFF768FE9E
:10E430001DA80DF0B4FE77491DA80DF0FBFE1DAA26
:10E4400001A914A8FFF75CFE1DA80DF0A8FE7249F3
:10E450001DA80DF0EFFE1DAA01A917A8FFF750FE99
:10E460001DA80DF09CFE6D491DA80DF0E3FE1DAA30
:10E4700001A91AA8FFF744FE1DA80DF090FE0A9B03
:10E4800013B10D9B002B37D165495A480DF0C6FDDD
:10E490001AA80DF084FE17A80DF081FE14A80DF047
:10E4A0007EFE11A80DF07BFE0EA80DF078FE0BA8E5
:10E4B0000DF075FE08A80DF072FE30460DF06FFEEF
:10E4C000584920A80DF0AAFD574920A80DF0A6FD37
:10E4D00020A80DF093FD554920A80DF09FFD20A820
:10E4E00002F03AFC524943480DF098FD4FF4FA709F
:10E4F0000EF09CFDFFF79CFD4E4C08994E481F22E4
:10E5000012F0C2FD3F220B9984F8205004F1210043
:10E5100012F0BAFD3F220E9984F8605004F16100B8
:10E5200012F0B2FD1F22119984F8A05004F1A1004D
:10E5300012F0AAFD3F22149984F8C05004F1C100E2
:10E5400012F0A2FD1F22179984F8005104F2011065
:10E5500012F09AFD1AA884F820510DF0C7FF1AA8EE
:10E560000DF0B8FF1C9B142B03D914211AA80DF031
:10E57000ADFF1C9B1F2B03D91F211AA80DF0A6FF6E
:10E580001F221A992D4812F07FFD002384F8403194
:10E590002B4A012323702B4B13602B4A03F14001BC
:10E5A00011602A4A60331360F6F79CFF28496CE734
:10E5B0001C4920A80DF032FD1B4920A80DF02EFDAE
:10E5C00020A80DF01BFD234920A80DF008FD20A870
:10E5D00002F0C2FB02A80DF0E2FD20A802F054F9FF
:10E5E00028B070BD540B0020240B0020803E020098
:10E5F000C9780200381A0020ED7802000F79020075
:10E60000157902001A7902001F79020024790200AC
:10E610002F7902003879020041790200497902001D
:10E62000557902006E770200BF790200D7790200A7
:10E630000E7A0200EC050020ED0500200D070020F9
:10E640005C0B00204D060020600B0020580B0020C2
:10E65000807902002E7A02000020704743090122CF
:10E6600000F01F0002FA00F02033044A42F82300B1
:10E67000BFF34F8FBFF36F8F704700BF00E100E023
:10E6800003681B78092B0BD80A4A52F823303BB198
:10E690001A7F2AB10279012A03D1032283F82E209E
:10E6A0007047022A01D10122F8E7032AF8D1022299
:10E6B000F4E700BF0014002003681B78022B0BD87E
:10E6C0000A4A52F823303BB11A7F2AB10279012A53
:10E6D00003D1032283F82E207047022A01D10122A0
:10E6E000F8E7032AF8D10222F4E700BFF413002070
:10E6F000036801211B6B184710B403689C6B01234E
:10E70000A4465DF8044B604707B5037F8DF80710FA
:10E7100063B1437FC3B190F82C309BB1D0F838344B
:10E72000FE2B07D9012380F82D304360002003B071
:10E730005DF804FBC2189DF8071082F8331201330C
:10E74000C0F838340120F2E7D0F82831002BF9D096
:10E7500001220DF10701A4309847F3E7C0F84014F7
:10E760007047C0F84414704790F83C34D0F8340433
:10E77000C01A704790F83C34D0F834148B420246EB
:10E780003FBFC118013391F8320382F83C3428BFEF
:10E790004FF0FF30704790F83C34D0F83424934267
:10E7A0003ABFC01890F832034FF0FF30704790F82E
:10E7B0002E30022B03D090F82E30032BF7D1704768
:10E7C00038B5037F0446CBB1437F4BB3D0F81C313F
:10E7D000A3B190F98B00FFF741FF94F98A00FFF78E
:10E7E0003DFF94F98C00FFF739FF94F98D00FFF796
:10E7F00035FFD4F81C3104F13C009847A369154D4E
:10E80000102235F83310002008F022FA6369102234
:10E8100035F83310002008F01BFA0023237738BDA9
:10E82000D0F83031002BE9D090F9E500FFF716FF62
:10E8300094F9E400FFF712FF94F9E600FFF70EFFEA
:10E8400094F9E700FFF70AFFD4F8303104F1A4008F
:10E85000D3E700BF68850200F8B5037F04460D4684
:10E86000164693B1437F4BB18F18BD420BD023683E
:10E8700015F8011B1B6820469847F6E7D0F82831A9
:10E880000BB1A43098473046F8BD1E46FBE7FFFFAA
:10E8900038B5037F04460D4633B1437F23B1D0F82A
:10E8A0001C310BB13C309847637FDBB1294BC4F876
:10E8B00080501A6A94F824305BB327490F23002252
:10E8C00084F833308D424FF0010384F8312084F80E
:10E8D000343015D10E2384F83030FF2384F83230E1
:10E8E00084F82F20237F53B1D4F800313BB104F1D9
:10E8F0007C0104F13C00984708B10023237738BD20
:10E90000022284F83020CC2284F8322084F82F3080
:10E91000E8E7124B1B68C2F302618B400E49C2F359
:10E9200002328D4223FA02F30D4AB3FBF2F303F1F4
:10E93000FF3208D00B4B9D42D4D141F20F03238705
:10E9400084F83720CEE741F61A320133228784F863
:10E950003730C7E700E00140A0860100BC19002065
:10E96000006CDC02801A060017B4D0F82431019143
:10E970004BB10169019A00F59A742144A43003B0A7
:10E980005DF8044B1847012003B05DF8044B704755
:10E990007FB54368019303681A78022A46D81A782B
:10E9A0003B4B53F82240002C40D0237F002B3DD01E
:10E9B000037A012B03D1032384F82E3036E0022B97
:10E9C0001DD1012384F82E30019E04F59A7532463C
:10E9D000294604F2323011F0EAFC0021C4F8346414
:10E9E000216184F83C14FF22284611F004FDD4F87C
:10E9F0004034DBB1019804B0BDE870401847032BE8
:10EA000001D10223D8E7042B12D184F82E302369D8
:10EA1000019A1344FE2B2DD801212046FFF7A4FFB5
:10EA20000290029B13B923690133236104B070BDC6
:10EA3000052B09D184F82E30D4F84434002BF5D0BE
:10EA400004B0BDE870401847062B18D1042384F8A1
:10EA50002E302369019A1344FE2B0BD801992046CE
:10EA6000FFF782FF0390039B002BDFD1019A2369FC
:10EA70001344DAE700212046FFF776FFD6E7072B9D
:10EA800001D10523D6E7082BD0D1062394E700BF98
:10EA9000F413002070B580F82530234B83620025E5
:10EAA0009DF8103080F83D344FF47A76DF23C0E9CA
:10EAB0000156C0E905121D4E066001220561057769
:10EAC000427780F8245080F82C5080F82D50C0F800
:10EAD0000051C0F80451C0F80851C0F80C51C0F8FA
:10EAE0001051C0F81451C0F81851C0F81C51C0F8AA
:10EAF0002051C0F82451C0F82851C0F82C51C0F85A
:10EB00003051C0F83454C0F8385480F88A3080F856
:10EB10008B3080F88C3080F88D3080F8E43080F8CD
:10EB2000E53080F8E63070BDA0860100EC7C020084
:10EB30002DE9FF414369002B044603DA002004B0AD
:10EB4000BDE8F0818269002AF8DB8B42F6DA8A425E
:10EB5000F4DAD9B20222684602AE10F08DFB3046DC
:10EB60000322217E10F088FB00203DF810100025C4
:10EB70008B1109B336F81520F2B183EA9217FF061C
:10EB80001AD181EA0207FF0716D403F01F0312F01F
:10EB90000100236217D1022BD0DCA3691D4D84F83C
:10EBA000240035F833101C4A1C4808F051F86369FA
:10EBB000194A35F8331028E00135032DD9D1013039
:10EBC0000328D2D1BAE7092BB8DC12F4F04FA369BD
:10EBD000134F104E11484FF0010584F824500CBF1C
:10EBE0004FF080624FF0A0623A4311F4F04F36F8D4
:10EBF00033100CBF4FF080684FF0A06808F028F881
:10EC0000636936F8331048EA0702044808F020F830
:10EC1000012094E76885020010040107A430002059
:10EC20001000010073B501250577044605F031FD9C
:10EC300001462046FFF77CFF237F184020770028FD
:10EC400000F09280637F002B00F0898023686B497D
:10EC50009B6A2046984794F82430226A002B57D0AC
:10EC6000674B43F82240674BC4F80031664BC4F849
:10EC70000431664BC4F80831654BC4F80C31654B60
:10EC8000C4F81031644BC4F81431644BC4F8183123
:10EC9000634BC4F81C3104F12F03C4F8A030614B5E
:10ECA000C4F89830236A554A84F87C300023C4E9BC
:10ECB000202394F82520C4E924339A4204F17C03EC
:10ECC0000CBF01220222C4F89C300C2384F8882057
:10ECD00084F88930637F04F17C0604F1D80500963E
:10ECE0000195002B7BD094F82430002B72D00BF0D0
:10ECF00011FB6A4606210BF009FD237F1840D4F86A
:10ED000000312077314604F13C00984750BB2BE09E
:10ED1000454984F8355041F82240444AC4F800215E
:10ED2000434AC4F80421434AC4F80821424AC4F8BB
:10ED30000C21424AC4F81021414AC4F81421414A26
:10ED4000C4F81821404AC4F81C2104F13502C4F863
:10ED5000A0203E4AC4F8982084F83630A2E794F800
:10ED600024301BB10023237702B070BD226A2E49E4
:10ED700084F8D82041F82240204AC4F8DC20B4F8B6
:10ED8000F820A4F8E02094F825203149C4F8201197
:10ED9000002A3049C4F824110CBF012202222E4956
:10EDA00084F8E22040F60C42C4F82811A4F8E820C8
:10EDB0002A492B4AC4F82C11C4F8EC202949C4F87C
:10EDC000301104F1D80284F8E33084F8EA30C4E961
:10EDD0003C237FE70BF09EFA6A4605218BE70BF098
:10EDE00099FA07216A460BF091FC237F184020779F
:10EDF000D4F82031294604F1A40086E7A08601005A
:10EE000000140020A9650100B9640100CD63010070
:10EE1000DD620100FD620100056301001163010074
:10EE20002963010081E60000F4130020B17701009E
:10EE3000C9750100FD7501002D780100897401007C
:10EE4000917401009D74010079780100B9E6000019
:10EE5000ED6E0100F96C0100316D0100656D01007E
:10EE600091E90000716D010010B5036804465B6A0A
:10EE70009847012363772046BDE81040FFF7D2BED4
:10EE800038B5036804465B6A0D46984700236377EC
:10EE9000A4F8F8502046BDE83840FFF7C3BEFFF79E
:10EEA000EFBF2DE9F0471E46037F044692463BB371
:10EEB000D0F8103163B300F13C0990F8882048463F
:10EEC0009847054668B9D4F8047157B19DF82430C5
:10EED00084F82E0083F00103324651464846B84775
:10EEE00005460EF0EDF880460EF0EAF8089BA0EB20
:10EEF0000800984204D294F82E300BB9002DF3D0BC
:10EF000094F82E30012B0CBF30460020BDE8F0876E
:10EF10000125E6E72DE9F0479A46037F089F04465E
:10EF20009146002B39D0D0F8103123B300F13C08C2
:10EF300090F8882040469847054668B9D4F808619B
:10EF400056B19DF8243084F82E0083F00103524618
:10EF500049464046B04705460EF0B2F806460EF068
:10EF6000AFF8801B874208D994F82E302BB9002DBA
:10EF7000F5D004200FE00125EEE7002DF9D194F83B
:10EF80002D3063B994F82E305BB194F82E30032BFA
:10EF900014BF00200220BDE8F0870620FBE7012017
:10EFA000F9E70520F7E737B590F8FC5090F83834CA
:10EFB0000191826A0092294600F233220446FFF74B
:10EFC000A9FF002384F82C3003B030BD037F4BB180
:10EFD0000023012280F82D30C0F8FC1080F82C208E
:10EFE000C0F838347047FFF7F1BFFFF7EFBF2DE9E6
:10EFF000F3411646027F9DF8205004460F4698467E
:10F00000002A31D0B5B10368DB6A9847032D28BFC9
:10F010000325013DEDB2FF2D236807D0E90028FA52
:10F0200001F11B68C9B220469847F2E71B6B00212B
:10F03000204698479DF82430FF2E28BFFF26003336
:10F0400018BF01230193A36A009304F23232F3B292
:10F0500039462046FFF725FF0023C4F8340484F81E
:10F060003C3402B0BDE8F0811046FAE707B50193E1
:10F0700000230093FFF7BBFF03B05DF804FBFFFF25
:10F0800013B5002423460094122213210548FFF7EC
:10F0900001FD009423461B221A210348FFF7FAFCC6
:10F0A00002B010BD640B0020AC0F002070B500252D
:10F0B0000446294600F8045B102211F09CF9104B1D
:10F0C000656103F1200604F11805186859682A469D
:10F0D00003C20833B3421546F7D10A4B04F1380294
:10F0E00003F1080618685968154603C50833B3428A
:10F0F0002A46F7D118689B882860AB80204670BDEF
:10F10000347D0200547D0200037813B1043005F011
:10F110003DBB7047074B1A6A074B1B68C2F302607E
:10F120008340C2F30222D3404FF47A70B3FBF0F075
:10F13000704700BF00E00140BC19002008B5FFF790
:10F14000E9FF4FF00063B3FBF0F008BD08B5FFF72F
:10F15000E1FF8903B1FBF0F008BDF8B506460D46A6
:10F16000FFF7ECFF88421AD306F11807002437F89E
:10F17000021B39B13046FFF7E9FF854202D901345D
:10F18000102CF4D13046FFF7C5FF042C05D94FF4FD
:10F190000013B3FBF0F0854203D9E0B2F8BDFF20C5
:10F1A000FCE70F20FAE72DE9F0410C3106469046C6
:10F1B00000F13807002437F8020B36F811504543A8
:10F1C0003046FFF7A7FFB5FBF0F0404503D3706171
:10F1D000E0B2BDE8F0810134072CECD12046F8E71D
:10F1E00070B5037886B005460E462BBBFFF7B5FF1A
:10F1F000FF28044602D1002006B070BD0146324609
:10F200002846FFF7D0FF2E1D03238DF804008DF84C
:10F21000054001A9012430468DF806308DF80730ED
:10F220008DF808408DF8094005F084FA0028E2D1F5
:10F23000304605F0ABFA2C700120DDE70148FFF7FE
:10F2400035BF00BF2814002008B50368002B02DA80
:10F25000094810F0B4F88B4208D949008B4205D216
:10F260000029B6BF6FF00043016003600068BDE88D
:10F270000840013010F070B8747E020010B50446EA
:10F28000406828B163781BB940F2AC4110F090F8A7
:10F29000204610BD08B4F3B507AB044600F10C05D9
:10F2A00053F8042B01938021284611F0F3FFD4F882
:10F2B0009000A8B194F89430012B11D90F490CF0AB
:10F2C0008EFED4F89060336828465F6811F0C2FE65
:10F2D000294602463046B847D4F890000CF08EFE1E
:10F2E0002846646811F0B6FE2946024620460BF017
:10F2F000C3FF02B0BDE8F04001B07047C47D02001A
:10F30000034653F8080B984201D010F045B87047F7
:10F31000F8B50646456808460F4611F09BFEA84220
:10F32000024628BF2A46044622B13946306811F009
:10F330002FF800B9281BF8BD012A30B404D191F987
:10F340000030037030BC7047002AFBD030BC11F095
:10F350002EB8FFFF00F1080373B5044603600D46A5
:10F36000D1B1084611F076FE0F280646019006D965
:10F37000002101A8FFF768FF019B2060A3603246CF
:10F3800029462068FFF7D8FF019B226863600021AF
:10F390002046D15402B070BD014810F00DF800BFF6
:10F3A0008C7E02002DE9F347DDF82880164642687E
:10F3B0009A46A8EB0603571A13440268019300F11A
:10F3C00008039A420D46044614BF81680F2101A824
:10F3D000FFF73AFFBF1B81461DB12A462168FFF7A0
:10F3E000ABFFBAF1000F08D0B8F1000F05D04246CC
:10F3F000514609EB0500FFF79FFF47B121682E44F6
:10F4000005EB08003A4631444844FFF795FF204693
:10F41000FFF776FF019BC4F80090A36002B0BDE83F
:10F42000F087F7B50268466800F108039A4218BFF2
:10F43000836806F1010508BF0F239D4204460F466D
:10F4400006D90123009300231A463146FFF7AAFF8D
:10F4500023689F552368656000225A5503B0F0BDAC
:10F46000012A30B404D191F90030037030BC7047E8
:10F47000002AFBD030BC10F0A5BFFFFF2DE9F74FED
:10F480008146144640680C9E02F10042013A121A6D
:10F490009642984602D937480FF091FF4A46A6EBAC
:10F4A000040B52F8083B934218BFD9F808200BEB25
:10F4B000000A08BF0F22524552D35F189845A0EBAF
:10F4C0000101A1EB040522D3034498451FD876BB64
:10F4D00095B1B44210D02A463919B819FFF7C0FFC8
:10F4E000B44209D23C4408EB06039C4227D332467F
:10F4F00041463846FFF7B4FFD9F80030C9F804A0F8
:10F500000022484603F80A2003B0BDE8F08F35B169
:10F51000B44204D02A463919B819FFF7A1FF002ECA
:10F52000EAD0324641463846FFF706FFE4E7B442E8
:10F530001DD3324641463846FFF792FFC8E744459F
:10F5400003D8324608EB0B01EDE7A4EB0804224692
:10F5500041463846FFF784FF321BB9193819E3E7F3
:10F560000096434622464846FFF71CFFC4E7002D9D
:10F57000B8D0B0E75B7E020037B5044608460D46BA
:10F5800011F068FD2B460090626800212046FFF7CD
:10F5900075FF03B030BDFFFF2DE9F04F8FB00AAB10
:10F5A00003910646089398490398002309938DF820
:10F5B00028309246FFF7ACFE031C0490D6F890006A
:10F5C00018BF0123069328B196F8943013B18F49E0
:10F5D0000CF005FD0DF06EFD4FF00008CDE901883F
:10F5E0000123DFF850B205904746994644460793F9
:10F5F0000DF060FD059BB268C01A904200F21C81BC
:10F60000079B5BB17068026812699047079B0028EE
:10F61000EDD0706803685B69984745B2D6F89000F2
:10F6200038B196F8943023B10A2D24D178490CF0E2
:10F63000D6FCD6F8900060B196F89430022B08D929
:10F6400074490CF0CCFC0A222146D6F890000CF04C
:10F650003BFD631E072B29D8DFE813F03A005C005E
:10F6600081008D009000BA002D01A500092C00F04A
:10F67000E5800123BBE70D2D01D16749D7E7202D98
:10F6800001D16649D3E71F2D0CDC65490CF0A7FCBE
:10F6900029460A22D6F890000CF02FFD6149D6F8D1
:10F6A0009000C4E729460CF09EFCC2E72B2D05D143
:10F6B000294608A8FFF7B5FE0124DAE71BF9073051
:10F6C000AB4240F09F80DDF8188001370824D0E776
:10F6D0003A2D294608A801D03D2D3DD1FFF7A1FEC6
:10F6E000049B8BB1039B099A5B689A4206D15AB17D
:10F6F000039B0898196810F04BFE28B14A4908A8E6
:10F70000FFF73AFF4FF0010847495046FFF734FF33
:10F710000224AEE77C2D11D1DAF8000010F02DFDA7
:10F720000023CAF80430DAF8003002904FF00002EB
:10F730001A7000280CBF052403249AE70D2D00F051
:10F74000B1800A2D00F0B08096F88C3013B1202DD6
:10F7500000F0AC8029465046FFF763FE89E7294652
:10F760005046FFF75EFE019B029A013301939342DC
:10F7700008BF05247DE70A2D08BF05242B49504604
:10F78000FFF7C6FD60B12A495046FFF7C1FD0028CA
:10F7900004BF4FF0010909244F2D2AD1012795E715
:10F7A00081460924F8E71BF907207B1C584607937C
:10F7B000AA4218BF072411F04DFC079B98426FD155
:10F7C00007464FF00009B8F1000F19D1092435E0C0
:10F7D0001BF907207B1C58460793AA4218BF072431
:10F7E00011F038FC079B98425AD107464FF00109A7
:10F7F000E9E7B8F1000F3FF439AF092C7FF439AFD6
:10F800004FF00008002434E7157E0200227E02003B
:10F81000287E0200437E02002D7E0200327E02001E
:10F82000377E02002B7E0200803E02007B770200C2
:10F83000957D0200397E02004FF00309D6F8900052
:10F84000B8B196F89430022B13D91E490CF0C7FBBF
:10F850000A222146D6F890000CF034FC1A49D6F85A
:10F8600090000CF0BCFB0A224946D6F890000CF040
:10F870002BFCD6F89000012386F88C3048B196F81E
:10F88000943033B111490CF0AAFBD6F890000CF07B
:10F89000B5FB08A8FFF734FD48460FB0BDE8F08F70
:10F8A0001F46E6E60424E4E60524E2E6B8F1000F8C
:10F8B0007FF4DFAE9BE6002398464FF002091C461A
:10F8C00095E600BF3E7E02004B7E0200517E0200A4
:10F8D00030B50446406803688DB05B68984706AA57
:10F8E0001D496846FFF736FD08AB069306AA0023BC
:10F8F0006946204607938DF82030FFF74DFE0546F8
:10F90000D4F8900088B194F89430012B0DD91349A4
:10F910000CF065FB0699D4F890000CF07FFB7DB9E4
:10F920000F49D4F890000CF079FB06A8FFF7E8FC2B
:10F930006846FFF7E5FCB5FA85F040090DB030BD2B
:10F94000012DD4F8900001D10649ECE7032D0CBF3E
:10F9500005490649E7E700BF157E0200627D020007
:10F960007C7D02008A7D02009B7D0200AE7D02004C
:10F9700008B42DE9F3431646044609AB306853F842
:10F98000042B0193884604F10C050021716001707D
:10F990008021284611F07EFCD4F89000B0B10CF024
:10F9A0002DFB2449D4F890000CF019FBD4F890708A
:10F9B0003B682846D3F8049011F04CFB29460246D8
:10F9C0003846C847D4F890000CF018FB2846676802
:10F9D00011F040FB2946024638460BF04DFC3246FA
:10F9E00041462046FFF7D8FD0546D4F8900068B19F
:10F9F00011490CF0F4FA3168D4F890000CF00EFBC9
:10FA000065B90E49D4F890000CF008FBB5FA85F002
:10FA1000400902B0BDE8F04301B07047012DD4F8B1
:10FA2000900001D10649EFE7032D0CBF05490649B7
:10FA3000EAE700BFFF7D0200097E02007C7D020034
:10FA40008A7D02009B7D0200AE7D02002DE9F0431D
:10FA50000446406891B01646002834D02378002B25
:10FA600031D10368194DDB69DFF86C90DFF86C80E9
:10FA7000174F98470AAA174904A8FFF76BFC60685C
:10FA80000368DB6898474FF4FA72AA602378A3B939
:10FA9000002E12DD03AA49460AA8FFF75BFC3B468D
:10FAA00004AA0AA9CDF800800848FFF761FF20707A
:10FAB0000AA8FFF725FC013EE8E742F2107304A80C
:10FAC000AB60FFF71DFC11B0BDE8F083701400209F
:10FAD000FE440200803E0200DC7D0200EC7D02005C
:10FAE000074B084858600022012142F210701A703A
:10FAF0005970986083F88C1083F89420704700BF89
:10FB000070140020902300200148FFF7B7BB00BF0E
:10FB10007014002008B50368002B02DA09480FF0C2
:10FB20004EFC8B4208D949008B4205D20029B6BF52
:10FB30006FF00043016003600068BDE808400130D9
:10FB40000FF00ABC747E020073B542F210730360BA
:10FB500000F5F8730025C0F8E831012600F50273BE
:10FB6000044680F8E451C0F8EC5180F8F051C0F838
:10FB70000032C0F8045280F8085204230096A822EC
:10FB8000C02100F506700CF08FF833460096A822CD
:10FB9000C02104F50C700CF087F8FF2300951A467D
:10FBA000194604F512700CF07FF8204602B070BDC3
:10FBB00070B50446064B44F8043B0B1D05460E4643
:10FBC0000FCB84E80F00337D2B75284670BD00BF36
:10FBD0008487020070B50B4600F10802026053F8FA
:10FBE000084BA3420FD11C4601F1180554F8046BD1
:10FBF00042F8046BAC42F9D14A6842600B600023C2
:10FC00004B600B7270BD04608A688260F4E72DE976
:10FC1000F74303464668044653F8080B9842884663
:10FC2000174602EB06052CD0A1688D420DD827B1EE
:10FC30003A4641463044FFF77FFB23686560002267
:10FC400020465A5503B0BDE8F083019501A8FFF79F
:10FC500061FF81461EB132462168FFF76DFBB8F1A6
:10FC6000000F06D02FB13A46414609EB0600FFF7D8
:10FC700063FB2046FFF744FB019BC4F80090A360A0
:10FC8000DBE70F2DD3D901950F21DFE708B5D1E9C7
:10FC90000012FFF7BCFF08BD38B5044608460D4604
:10FCA00011F0D8F961686FF000435B1A8342024695
:10FCB00002D204480FF083FB29462046FFF7A7FF36
:10FCC00038BD00BF5180020008B4F0B50D461146A2
:10FCD00082B0044601F10E0020F0070000AF07F1EA
:10FCE0001C03ADEB000D6E4653F8042B3B60304611
:10FCF000A84704F108030F2805462360786006D959
:10FD00000021381DFFF706FF7B682060A3602A46AC
:10FD100031462068FFF710FB7B6822686360002192
:10FD200020460837D154BD46BDE8F04001B07047C9
:10FD300013B5054B0091102204490446FFF7C4FF98
:10FD4000204602B010BD00BFC0450200951202005F
:10FD500073B505460E4619B912B10D480FF02CFBCC
:10FD6000941B0F2C019406D9002101A8FFF7D2FEA5
:10FD7000019B2860AB60224631462868FFF7DCFA19
:10FD8000019B2A686B600021D15402B070BD00BF96
:10FD90008C7E020038B500F10803044603600D466E
:10FDA00049B1084611F056F92A1820462946FFF7AE
:10FDB000CFFF204638BD4FF0FF32F6E72DE9F04384
:10FDC000DFF81093C14CB7B00546884606A8C04975
:10FDD0001E461746FFF7DEFF032248464FF4E13187
:10FDE000FFF734FE002140460CF0AEF8017830A851
:10FDF000FFF79EFF214630A8FFF74EFF01460CA8F3
:10FE0000FFF7E8FE30A8FFF77BFA012140460CF02F
:10FE10009BF801782AA8FFF78BFF21462AA8FFF755
:10FE20003BFF014630A8FFF7D5FE30A90CA8FFF72D
:10FE30002DFF30A8FFF764FA2AA8FFF761FA022124
:10FE400040460CF081F801782AA8FFF771FF21469F
:10FE50002AA8FFF721FF014630A8FFF7BBFE30A913
:10FE60000CA8FFF713FF30A8FFF74AFA2AA8FFF7FC
:10FE700047FA032140460CF067F8017830A8FFF7F5
:10FE800057FF30A90CA8FFF701FF30A8FFF738FA99
:10FE9000002138460CF058F8017830A8FFF748FFE9
:10FEA000214630A8FFF7F8FE014612A8FFF792FEA0
:10FEB00030A8FFF725FA012138460CF045F8017803
:10FEC0002AA8FFF735FF21462AA8FFF7E5FE0146DD
:10FED00030A8FFF77FFE30A912A8FFF7D7FE30A8A1
:10FEE000FFF70EFA2AA8FFF70BFA022138460CF0AA
:10FEF0002BF801782AA8FFF71BFF21462AA8FFF755
:10FF0000CBFE014630A8FFF765FE30A912A8FFF727
:10FF1000BDFE30A8FFF7F4F92AA8FFF7F1F9032195
:10FF200038460CF011F8017830A8FFF701FF30A92E
:10FF300012A8FFF7ABFE30A8FFF7E2F90021304628
:10FF40000CF002F8017830A8FFF7F2FE214630A845
:10FF5000FFF7A2FE014618A8FFF73CFE30A8FFF706
:10FF6000CFF9012130460BF0EFFF01782AA8FFF707
:10FF7000DFFE21462AA8FFF78FFE014630A8FFF7D3
:10FF800029FE30A918A8FFF781FE30A8FFF7B8F9BD
:10FF90002AA8FFF7B5F9022130460BF0D5FF01780A
:10FFA0002AA8FFF7C5FE21462AA8FFF775FE0146DD
:10FFB00030A8FFF70FFE30A918A8FFF767FE30A89A
:10FFC000FFF79EF92AA8FFF79BF9032130460BF0B3
:10FFD000BBFF017830A8FFF7ABFE30A918A8FFF7E8
:10FFE00055FE30A8FFF78CF900213E980BF0ACFFCE
:10FFF000017830A8FFF79CFE214630A8FFF74CFEA1
:020000021000EC
:1000000001461EA8FFF7E6FD30A8FFF779F90121A8
:100010003E980BF099FF01782AA8FFF789FE214648
:100020002AA8FFF739FE014630A8FFF7D3FD30A913
:100030001EA8FFF72BFE30A8FFF762F92AA8FFF7EA
:100040005FF902213E980BF07FFF01782AA8FFF7A5
:100050006FFE21462AA8FFF71FFE014630A8FFF7D2
:10006000B9FD30A91EA8FFF711FE30A8FFF748F927
:100070002AA8FFF745F903213E980BF065FF0178A8
:1000800030A8FFF755FE30A91EA8FFF7FFFD30A8E6
:10009000FFF736F900213F980BF056FF017830A8A2
:1000A000FFF746FE214630A8FFF7F6FD014624A8DB
:1000B000FFF790FD30A8FFF723F901213F980BF0DF
:1000C00043FF01782AA8FFF733FE05E0A77C020072
:1000D000803E02007014002021462AA8FFF7DCFDB4
:1000E000014630A8FFF776FD30A924A8FFF7CEFD22
:1000F00030A8FFF705F92AA8FFF702F902213F9877
:100100000BF022FF01782AA8FFF712FE21462AA849
:10011000FFF7C2FD014630A8FFF75CFD30A924A817
:10012000FFF7B4FD30A8FFF7EBF82AA8FFF7E8F8CF
:1001300003213F980BF008FF017830A8FFF7F8FD86
:1001400030A924A8FFF7A2FD30A8FFF7D9F808F1DD
:1001500004030FCB05F5077484E80F0098F81430FA
:1001600085F82C323B1D0FCB05F50D7484E80F008C
:100170003B7D85F84432331D0FCB05F5137484E8BD
:100180000F00337D85F85C32204930A8FFF702FE6E
:100190000C9B189A0193CDE902321D4B009306AADD
:1001A0001C4B30A94846FFF7E3FB30A8FFF7A8F83F
:1001B000194930A8FFF7EEFD249B05931E9B04937D
:1001C000189B0393129B02930C9B0193134B009378
:1001D00006AA134B30A94846FFF7CAFB30A8FFF721
:1001E0008FF824A8FFF78CF81EA8FFF789F818A845
:1001F000FFF786F812A8FFF783F80CA8FFF780F83E
:1002000006A8FFF77DF837B0BDE8F083A97F0200AC
:10021000C57F0200B87F0200D67F0200F17F020096
:10022000DE7F02002DE9F041ACB000241F46FF2321
:1002300006468846154600941A46194602A80BF051
:1002400033FD234622460094214608A80BF02CFDDE
:1002500041460EA8FFF7ACFC394614A8FFF7A8FCEE
:1002600020AC02A91AA8FFF7A3FC2946204626AD18
:10027000FFF79EFC08A92846FFF79AFCCDE9004548
:100280001AAB14AA0EA93046FFF798FD2CB0BDE8B2
:10029000F081FFFF10B503228CB04FF4E13111481B
:1002A000FFF7D4FB10496846FFF774FD0F4906A815
:1002B000FFF770FD0E4B0B486A4606A9FFF758FB87
:1002C000044606A8FFF71CF834B101200CF0AEFE7E
:1002D00000980FF052FFC4B26846FFF711F82046AD
:1002E0000CB010BD70140020803E02008D7F020013
:1002F000997F0200F0B591B004460E4604A8284943
:10030000284D1746FFF746FD03224FF4E1312648FA
:10031000FFF79CFB25490AA8FFF73CFD0123019349
:10032000234B00930AA9234B1F4804AAFFF720FB85
:100330000AA8FEF7E5FF20490AA8F7B9FFF72AFD4A
:10034000CDE900561D4B184804AA0AA9FFF710FB77
:1003500005460AA8FEF7D4FFDDB10CF0ABFE05465A
:100360000CF0A8FE2368401B984212D22046FFF7EB
:1003700091FF0328F4D104460CE0FFF70BFDCDE913
:10038000016700950E4B084804AA0AA9FFF7F0FA86
:10039000DEE7042404A8FEF7B3FF204611B0F0BD49
:1003A000803E0200767F020070140020257F02004C
:1003B0005E7F0200577F02006B7F0200E07E02003A
:1003C000837F020010B58CB00E496846FFF7E2FC4F
:1003D0000D4906A8FFF7DEFC0C4B0D486A4606A93E
:1003E000FFF7C6FA044606A8FEF78AFF1CB100987C
:1003F0000FF0C3FE04466846FEF782FF20460CB0AD
:1004000010BD00BF803E02000D7F0200177F02007A
:100410007014002070B503228EB005464FF4E13110
:100420002848FFF713FB0024274902A8FFF7B2FC76
:10043000234622462146009428460BF035FC2349EA
:1004400008A8FFF7A7FC224B009302AA214B1D48E6
:1004500008A9FFF78DFA064608A8FEF751FFD6B1A6
:1004600002980FF08AFE01281BD11B4908A8FFF74C
:1004700091FC1A4B00930194194B124802AA08A947
:10048000FFF776FA044608A8FEF73AFF1CB1029976
:1004900028460BF03BFD02A8FEF732FF28460EB0BF
:1004A00070BD02980FF069FE0228F4D10D4908A82A
:1004B000FFF770FC0C4B034802AA08A9FFF758FA93
:1004C000E0E700BF70140020803E0200257F02009C
:1004D000307F0200FE4402003F800200478002009D
:1004E000577F0200268002003180020010B5104CB8
:1004F00010498EB002A8FFF74DFC032220464FF4AE
:10050000E131FFF7A3FA0C4908A8FFF743FC0B4BB6
:10051000009302AA0A4B08A92046FFF729FA08A867
:10052000FEF7EEFE02A8FEF7EBFE0EB010BD00BF18
:1005300070140020803E0200DC7D0200EC7D020091
:10054000FE44020010B5104C10498CB06846FFF70D
:1005500021FC032220464FF4E131FFF777FA0C49E2
:1005600006A8FFF717FC0B4B6A4606A92046FFF7C3
:10057000FFF9044606A8FEF7C3FE6846FEF7C0FE74
:1005800020460CB010BD00BF70140020803E020059
:10059000B67E0200C37E020010B58EB00C4602A8E3
:1005A0000B49FFF7F7FB0B4908A8FFF7F3FB0A4BD2
:1005B000009302AA094B019408A90948FFF7D8F94A
:1005C00008A8FEF79DFE02A8FEF79AFE0EB010BD29
:1005D000803E0200F67E0200007F0200E07E020004
:1005E0007014002070B590B00C4604A81E491E4639
:1005F0001546FFF7CFFB03224FF4E1311B48FFF70D
:1006000025FA1B490AA8FFF7C5FB02230193194BE2
:10061000009304AA184B15480AA9FFF7A9F90AA8DC
:10062000FEF76EFE15490AA8FFF7B4FB144B0194C0
:100630000093CDE90256134B0C4804AA0AA9FFF710
:1006400097F904460AA8FEF75BFE24B104980FF060
:1006500094FD012806D0092404A8FEF751FE204687
:1006600010B070BD0724F7E7803E02007014002030
:10067000257F02005E7F0200577F0200FB7F0200A1
:1006800016800200098002000123014AFFF7AABF79
:10069000803E02000148FFF757BA00BF081500204E
:1006A00010B5054C04F50070FEF72AFE04F5F47051
:1006B000FEF726FE10BD00BF0815002000690130BE
:1006C00018BF0120704708B503685B6B984780F03E
:1006D0000100C0B208BD13B502AB026803F8011DEA
:1006E000546819460122A04702B010BD07B503683F
:1006F00001225B6A0DF10701984701280CBF9DF8A4
:1007000007004FF0FF3003B05DF804FB00690B6990
:10071000C31A58425841704770470020704740F252
:100720000C41C0680EF044BE10B5102104460EF016
:100730003FFE204610BD08B5FFF7F6FF08BD7FB5A8
:1007400003680446164601A81D6A0BF01FFB3246DB
:1007500001992046A847044601A80BF020FD204639
:1007600004B070BD036810B504469B689847A36841
:10077000013BA3602BB923682046DB68BDE810402D
:10078000184710BD00F1080370B5044603600E461B
:10079000B1B1084610F05EFC0F28054604D90130BF
:1007A0000EF0DAFDA5602060012D20680BD196F9CE
:1007B000003003702368656000225A55204670BDE2
:1007C00004480EF0F9FD002DF4D02A4631460FF012
:1007D000EEFDEFE78C7E0200036813B962B6BFF34B
:1007E0006F8F704713B5EFF31083009301230193CC
:1007F00072B6019B5A1E019233B104686846FFF736
:10080000EBFF204602B010BD6846FFF7E5FFF8E7B2
:1008100013B50446EFF3108300930123019372B6DE
:10082000019B5A1E0192684633B1FFF7D5FF601C49
:10083000C0F3090002B010BDFFF7CEFFFAE7FFFFDB
:100840000023C0E905334FF47A72C0E90132C36175
:100850000B6903618B698361CB69044A02601BB138
:100860005A6801325A60C361704700BF00820200BB
:1008700010B50446006828B14368013B43600BB9DA
:10088000FFF770FF204610BD10B5044B044640F83A
:100890001C3BFFF7EDFF204610BD00BF00820200A9
:1008A00030B50369002B8FB0044607DB0368DB6AB1
:1008B000984718B9236820469B6A984723690133F3
:1008C00021D1124902A8FFF75DFF03224FF4E13165
:1008D0000F48FFF7BBF80F4908A8FFF753FF0E4B6F
:1008E000009302AA0D4B0A4808A9FFF741F80546F4
:1008F00008A8FEF705FD1DB102980FF03EFC20612F
:1009000002A8FEF7FDFC0FB030BD00BF803E020024
:1009100070140020D9810200E7810200FE44020029
:1009200070B5044692B00D461646FFF7B9FF23692D
:10093000002B25DB1E4906A8FFF724FF03224FF4F6
:10094000E1311C48FFF782F86369DBB11A490CA852
:10095000FFF718FF63690295CDE9036323690193EB
:10096000164B009306AA164B12480CA9FFF700F885
:1009700004460CA8FEF7C4FC06A8A4B9FEF7C0FC08
:10098000002013E00F490CA8FFF7FCFECDE902564A
:10099000236901930C4B009306AA0C4B05480CA944
:1009A000FEF7E6FFE4E7FEF7ABFC012012B070BDF6
:1009B000803E02007014002018810200388102007D
:1009C000288102004A8102006B8102005E810200E0
:1009D00070B50369002B90B005460E4614462ADB1D
:1009E000164904A8FFF7CEFE03224FF4E131144864
:1009F000FFF72CF813490AA8FFF7C4FE02942B69ED
:100A00000193114B009304AA104B0D480AA9FEF75D
:100A100041FC0AA8FEF774FC224631460848FEF75E
:100A200057FF054604A825B1FEF76AFC204610B022
:100A300070BDFEF765FC0024F8E700BF803E0200B1
:100A400070140020F280020009810200FF80020081
:100A500030B50369002B8FB0054635DB84695CB186
:100A600004F58160FFF7BEFE002808DDA86900F5E7
:100A70008160FFF7B7FE044620460FB030BD154930
:100A800002A8FFF77FFE03224FF4E1311248FEF780
:100A9000DDFF124908A8FFF775FE2B690193104B83
:100AA000009302AA0F4B0C4808A9FEF761FF044609
:100AB00008A8FEF725FC4CB102980FF05EFB041E5F
:100AC00004DA02A8FEF71CFC0024D5E702A8FEF712
:100AD00017FCD1E7803E02007014002099810200CB
:100AE000A5810200577F02002DE9F04F0369002B1A
:100AF00093B00746C0F287808369002B00F08380A3
:100B0000424906A8FFF73EFEBA69EFF310830C9343
:100B100001230D9372B60D9B591E0D911BB1D2F896
:100B20000854C5F580653A4E0CA8FFF755FE002421
:100B3000032230464FF4E131FEF788FF013D86F88D
:100B40008C4034490CA8FFF71DFE02953B690193C8
:100B5000314B00933046314B06AA0CA9FEF708FF33
:100B600006460CA8FEF7CCFB002E41D0079B002BBD
:100B700047D04FF00109CA46AC4239D2079B9C428C
:100B800036D2069BBE6913F804B0EFF31083CDE9AB
:100B9000043972B6059B5A1E059223B3EFF31083F6
:100BA000CDE90C3A72B60D9B5A1E0D923BB1D6F8A8
:100BB0000834A3F58063D3F1000848EB03080CA8C0
:100BC000FFF70AFEB8F1000FE4D1D6F8000406F8EA
:100BD00000B0FFF71DFED6F80834C6F80004013354
:100BE000C6F80834D6E704A8FFF7F6FD0134C3E7DA
:100BF0004FF0FF3406A8FEF783FB204613B0BDE894
:100C0000F08F1C46F6E74FF0FF34F6E7803E020017
:100C100070140020BE800200CE800200FF8002001F
:100C200038B5044680690D4650B100F58160FFF784
:100C3000D9FDA84204D22046BDE83840FFF754BF92
:100C400038BD2DE9F74F07468A4611461646FFF78D
:100C5000E7FF3B69002B33DBBC6994B34FF0010B1A
:100C600056440024D946B2452BD0BBF1000F28D002
:100C7000BD69D5F808344BB995F800809B460AF851
:100C8000018BBBF1000FEED00134ECE7EFF31083E2
:100C9000CDE9003972B6019B5A1E019263B1D5F8B5
:100CA000040415F80080FFF7B3FDD5F80834C5F843
:100CB0000404013BC5F808346846FFF78DFDDEE704
:100CC0000024204603B0BDE8F08F10B50446012192
:100CD000FFF7A6FF2369002B0ADBA36943B1D3F812
:100CE00008241AB1D3F80424985C10BDFF20FCE757
:100CF0004FF0FF30F9E7FFFF10B50369002B8EB00E
:100D000004461DDB0F4902A8FFF73CFD03224FF408
:100D1000E1310D48FEF79AFE0C4908A8FFF732FDB5
:100D2000236901930A4B009302AA0A4B064808A9BB
:100D3000FEF71EFE08A8FEF7E3FA02A8FEF7E0FAA7
:100D40000EB010BD803E020070140020E080020052
:100D5000E8800200577F020010B50369002B8EB0B7
:100D6000044620DB154902A8FFF70CFD03224FF4CF
:100D7000E1311348FEF76AFE124908A8FFF702FDA9
:100D800023690193104B009302AA104B0C4808A949
:100D9000FEF7EEFD08A8FEF7B3FA4FF0FF3323612C
:100DA00002A8FEF7ADFAA3690022C3F80024C3F835
:100DB0000424C3F808240EB010BD00BF803E02001A
:100DC00070140020A0800200AE800200577F020055
:100DD00010B503688EB01B6904469847002829DCCB
:100DE0002369002B28DB154902A8FFF7CBFC03225F
:100DF0004FF4E1311248FEF729FE124908A8FFF727
:100E0000C1FC23690193104B009302AA0F4B0C48BD
:100E100008A9FEF7ADFD044608A8FEF771FA1CB15B
:100E200002980FF0AAF9C4B202A8FEF769FA2046A8
:100E30000EB010BD0124FAE70024F8E7803E02005E
:100E400070140020B3810200C5810200577F0200A8
:100E500030B50C4695B0054602A80AF01DFF23697F
:100E6000002B34DB1E4908A8FFF78CFC03224FF44B
:100E7000E1311C48FEF7EAFD1B490EA8FFF782FC92
:100E800023690193194B009308AA194B15480EA921
:100E9000FEF76EFD04460EA8FEF732FAA4B10899DB
:100EA0002C4602A80BF032F8124B44F8043B03AB7B
:100EB0000FCB84E80F009DF81C302B7508A8FEF7B7
:100EC0001FFA284615B030BD08A8FEF719FA00230E
:100ED00000931A46194628460AF0E6FEF1E700BFDD
:100EE000803E020070140020818102008C8102008B
:100EF000577F02008487020010B50369002B8EB073
:100F0000044626DB144902A8FFF73CFC03224FF4F9
:100F1000E1311248FEF79AFD114908A8FFF732FCAB
:100F2000236901930F4B009302AA0F4B0B4808A9AA
:100F3000FEF71EFD044608A8FEF7E2F91CB1029870
:100F40000FF01BF984B202A8FEF7DAF920460EB0C2
:100F500010BD0024FAE700BF803E0200701400209C
:100F60008480020091800200577F020013B50023A5
:100F70000446D1E90002C1E900332368206002A8D9
:100F80000093636840F8043D6260FFF771FC2046FF
:100F900002B010BD73B54FF47A730025C0E9015358
:100FA000174B03604FF0FF33C0E904350446C0E936
:100FB000065540F20C400EF0CFF94FF48062064621
:100FC00029460FF018FA1020C6F80054C6F8045449
:100FD000C6F80854CDE900650EF0BEF90123C0E95A
:100FE0000133084B0360C6600190694604F11800A4
:100FF000FFF7BCFF01A8FFF73BFC204602B070BD25
:10100000008202007080020073B54FF47A730025ED
:10101000C0E90153164B03600446C0E90415C0E95A
:10102000065540F20C400EF097F94FF480620646E8
:1010300029460FF0E0F91020C6F80054C6F8045411
:10104000C6F80854CDE900650EF086F90123C0E921
:101050000133084B0360C6600190694604F1180033
:10106000FFF784FF01A8FFF703FC204602B070BD24
:101070000082020070800200704708B503685B6957
:10108000984780F00100C0B208BD13B502AB0268FA
:1010900003F8011D546819460122A04702B010BD93
:1010A00080688B68C31A58425841704710B50023B6
:1010B0004360064B03604FF0FF330446C0E9023142
:1010C0001030FFF767FF204610BD00BFB08202005E
:1010D0002DE9F0418B68013392B007460C4663D08E
:1010E0000AAA334904A8FEF735F903224FF4E13187
:1010F0003048FEF7ABFC03AA2F490AA8FEF72AF9ED
:10110000A36801932D4B009304AA2D4B29480AA9EB
:10111000FEF72EFC05460AA8FEF7F2F8002D40D097
:1011200004980FF02AF8236A8342014604F110085C
:101130000AD141463846FFF783FB04A8FEF7E0F8E2
:10114000384612B0BDE8F0810AA8FFF75DFF0B9B9F
:1011500063610C9BA3610D9BE361119E0E9BE56A8D
:1011600023620F9B6362AE42109BA36215D016B13F
:101170007368013373607DB16B68013B6B605BB971
:101180002B6828469B689847AB68013BAB601BB94E
:101190002B682846DB689847E6620AA8FFF774FBCD
:1011A000C7E704A8FEF7ACF83846FFF7F3FEC7E739
:1011B000803E0200701400208082020092820200B1
:1011C000577F020030B58368013391B004460D4665
:1011D00024D10AAA124904A8FEF7BCF803224FF44E
:1011E000E1311048FEF732FC03AA0F490AA8FEF7C6
:1011F000B1F80E4B0195009304AA0D4B09480AA9BA
:10120000FEF7B6FB05460AA8FEF77AF81DB104986A
:101210000EF0B3FFA06004A8FEF772F811B030BD65
:10122000803E0200701400204482020052820200BC
:10123000577F0200C168FFF7C5BFFFFF70B5836825
:10124000002B92B005460E4614462CDB0CAA17491B
:1012500006A8FEF77FF803224FF4E1311448FEF7A9
:10126000F5FB05AA13490CA8FEF774F80294AB68C5
:101270000193114B009306AA104B0D480CA9FEF7E1
:1012800009F80CA8FEF73CF8224631460848FEF75C
:101290001FFB054606A825B1FEF732F8204612B01E
:1012A00070BDFEF72DF80024F8E700BF803E020075
:1012B000701400206282020070820200FF8002002F
:1012C000012070472DE9D04F9B4603681B6B924667
:1012D0000446DDE90889984702460B4650465946C0
:1012E0000EF0C4FD134302D00020BDE8D08F236868
:1012F00020461B6B984702460B46404649460EF077
:10130000B5FD1343F0D123681AEB08069B6C204609
:101310004BEB09079847B94208BFB0422CBF0120E8
:101320000020E2E701682DE9F041C96B14461D4633
:101330000646884702460B46204629460EF096FD93
:10134000134302D00020BDE8F081DDE90623A71891
:1013500045EB0308336817F1FF32D96B304648F18B
:10136000FF33884702460B46384641460EF07EFD65
:101370001343E7D1336830469B6C9847414508BF1B
:10138000B8422CBF01200020DDE72DE9D04F9B465D
:1013900003685B6B92460446DDE90889984702467C
:1013A0000B46504659460EF061FD134302D0002013
:1013B000BDE8D08F236820465B6B984702460B46FA
:1013C000404649460EF052FD1343F0D123681AEB14
:1013D00008069B6C20464BEB09079847B94208BFAB
:1013E000B0422CBF01200020E2E70020704700201F
:1013F00070474FF0FF30704703689B6B184770478A
:10140000704703681B68184703685B68184710B487
:101410000468A468A4465DF8044B604790F88030E7
:1014200010B5044653B9036A43B100F16C0134307E
:10143000984710B9012384F8803010BD0620FCE7DE
:1014400090F8803010B504463BB1036B2BB13430BB
:101450009847002384F8803010BD0620FCE7D0E9CF
:1014600006017047D0E904017047FFFF004870474C
:10147000CC82020010B5882104460DF099FF204669
:1014800010BDFFFF1649016230B51649164C416286
:101490001649174A8162002516490260C0E90245D3
:1014A00000224FF400540025C162134980F88020C7
:1014B000C0E9044501634FF48064FF21002580F8F2
:1014C0006C200267C0E91D22DF22C0E9064580F8D2
:1014D0007C1080F87D2080F87E1080F87F2030BD61
:1014E000818601009989010000001040F9880100FF
:1014F000E08202000D8801001584010010B50A4C3D
:101500002378BFF35B8FDB070CD420460DF035FF4B
:1015100040B10648FFF7B6FF20460DF03AFF0448F9
:101520000BF0E1FC014810BD681700207017002087
:10153000FF13010083689A1806D20069034493429E
:1015400094BF002001207047002070472DE9F84F1C
:1015500016461F46DDE90A2312F1FF3243F1FF333D
:1015600092197B4105468A46FFF7E4FF98B332465D
:101570003B462846FFF7DEFF834660B349B395F844
:101580008020D5F80880B2B92A68284612689047AA
:1015900004465146A8EB0A00DDE90A890023A1EBC5
:1015A0000A024B4508BF424509D20B1833441B7849
:1015B00001F8013BF0E74FF0000B0224E9E7BBF133
:1015C000000F03D02B6828465B6898472046BDE88B
:1015D000F88F0224FAE71620F9E72DE9F84F1646AE
:1015E0001F46DDE90A2312F1FF3243F1FF3392195E
:1015F0007B4104468B46FFF79DFF38B332463B469E
:101600002046FFF797FF054600B394F88030CBB92A
:10161000236820461B6898478046D4F824A0BAF176
:10162000000F07D0A2680A9B3244594604F13400E7
:10163000D04780461DB122682046526890474046F8
:10164000BDE8F88F00254FF00208E6E71620F7E71F
:1016500037B585698168C46A11446A42114054B142
:101660000DF107032A463430A04728B99DF807300A
:1016700013B9184600E0062003B030BD8168836AC4
:10168000114482695242114013B10122343018478B
:10169000062070472DE9F84FDDE90A6716F1FF3A99
:1016A00047F1FF3B90461AEB020299464BEB0303CE
:1016B0000546FFF73FFFB0B342464B462846FFF7CB
:1016C00039FF80B395F880304BBB2B6828461B68E8
:1016D00098470446F0B9AC69EB6922464046494652
:1016E0000EF0C4FBA4EB020A42464B462846FFF725
:1016F000C5FFB6EB0A0642464B46284667F100078F
:10170000FFF7A6FFD5F818A0044618B9012E77F107
:101710000003E9DA2B6828465B68984700E0062456
:101720002046BDE8F88F1620FBE7FFFF10B5094CF7
:101730002378BFF35B8FDB0709D420460DF01DFE35
:1017400028B120460DF025FE03480BF0CCFB0348E2
:1017500010BD00BFF817002071170100FC17002012
:1017600010B50446006808B10DF018FE204610BD03
:101770000148FFF7F5BF00BFFC170020F0B585B0AA
:101780000D46FFF7BBFE012600270368CDE9006781
:101790002A461C6A0DF10F010023A0479DF80F0097
:1017A00005B0F0BD70B504460D461646FFF7A6FE1F
:1017B00003685B6B9847216891B1B6FBF0F300FBBF
:1017C0001362637923B98B5CFF2B1CBF0123637108
:1017D000237923B98B5CAB421CBF012323718D5449
:1017E00070BD0368F7B50446002B30D00379002B99
:1017F0002BD0FFF783FE03685B6B9847637906463F
:101800000027ABB9FFF77AFE0368A2682168CDE92B
:1018100000675D6A0023A847B0FA80F56D0920686B
:1018200008B10DF0BBFD00232360284603B0F0BDD6
:10183000FFF764FE0368A268CDE90067996A002398
:1018400088470028DED00025E9E70125E7E70125E4
:10185000EBE72DE9F3470D4604469046FFF74EFEB1
:1018600003681B6B984743422B40451B1D44A360F4
:10187000C8F8005025688146A5B90DF09BFD25717B
:1018800020606571FFF73AFE4E4600270368A268A4
:101890002168CDE900671E6A2B46B047012002B0DF
:1018A000BDE8F0870220FAE713B502AB026803F83F
:1018B000011D546819460122A04702B010BD836D76
:1018C000062B0CBF006E0020704707B5036801228D
:1018D0005B6A0DF10701984701280CBF9DF80700CE
:1018E0004FF0FF3003B05DF804FB704701207047F4
:1018F00010B5144B03600446D0F8BC0020B10EF0C4
:10190000DBFC0023C4F8BC30D4F8B00020B10EF0EA
:10191000D3FC0023C4F8B03004F190000AF03FFC7F
:1019200004F16C000AF03BFC04F130000AF037FCD3
:1019300004F124000AF033FC04F118000AF02FFC33
:10194000204610BD5883020010B50446FFF7D0FFB3
:101950002046CC210DF02CFD204610BD70B54FF473
:101960007A730025214EC0E90153214B03600446E0
:10197000C0E90415314618300AF05CFC314604F128
:1019800024000AF057FC314604F130000AF052FC02
:1019900001234EF6602284F83C3047F23053C4E90C
:1019A00010234FF48073A4F848303146E56484F87E
:1019B0005050C4E9155504F16C000AF03BFC314667
:1019C00004F190000AF036FC2046C4F8A850C4E99F
:1019D0002C55C4F8BC50A4F8C050C4F8C45084F8C6
:1019E000C85029460AF0A0FB204670BD803E020088
:1019F0005883020010B50446FFF7B0FF204610BD23
:101A00004161704710B58B6D062B044604D16C31D3
:101A10000AF03EFC204610BD01490AF00BFCF9E734
:101A2000803E020018300AF03DBC38B50446154629
:101A300024300AF037FC294604F13000BDE8384074
:101A40000AF030BC0164704738B50446D0E9290378
:101A5000184415460EF0ABFCD4F8A8302B44C4F85B
:101A6000A830284638BD07B502AB012203F8011D96
:101A70001946FFF7E9FF03B05DF804FB38B51D46D2
:101A8000049BC0F8A43042EA01110023C0F8A8303A
:101A9000C9B20446FFF7E7FFD4E9291205F07F0336
:101AA000ED0918BF43F08003501CC4F8A8008B5404
:101AB000002DF1D1D4F8A80038BD07B54BBA02A962
:101AC000022221F8023DFFF7BFFF03B05DF804FBDF
:101AD000F8B50F46114606461446FFF7EEFF2246BC
:101AE000054639463046FFF7AFFF2844F8BD006988
:101AF00003685B69184700690368DB6A184710B51B
:101B00000446FFF7F8FF08B194F8500010BD0069D3
:101B100003681B69184738B504460BF0CBFA054635
:101B20002046FFF7F4FF20B12046BDE83840FFF71C
:101B3000DEBF2046FFF7DFFF38B10BF076FA0BF07F
:101B4000B9FA401BB0F57A7FEAD34FF0FF3038BDC9
:101B5000006903689B691847836D062B01D1FFF765
:101B6000F7BF4FF0FF307047006903685B681847A4
:101B700070B5D0F8C43004460E4615461BB1BDE81A
:101B80007040FFF761BF90F8AC301BB1BDE870400A
:101B9000FFF7EABFD0F8B430B0F848001A448242E8
:101BA00028BFC51AD4F8B0301BB90EF07DFBC4F8BD
:101BB000B000D4E92C032A46314618440EF0F7FB56
:101BC000D4F8B4302B44C4F8B430284670BD10B5F6
:101BD0000446D0E92912FFF7C7FFD4F8A8301B1A32
:101BE00000225842C4F8A820584110BDF0B583B077
:101BF00090F89D60022E02AF04463CD8D0F8985071
:101C000066BBAB1C03F10C0222F00702ADEB020D28
:101C100002A894F89C2016B142EA4602D2B294F887
:101C20009E600EB142F008020B4400900321204652
:101C3000FFF724FFAAB2D4F890102046FFF748FF20
:101C400094F89D3023B1B4F8A0102046FFF735FF7B
:101C50002046FFF7BCFF0437BD46F0BDB0F8A0003A
:101C6000013080B22B1D10B1A4F8A000CAE70122F8
:101C7000A4F8A020C6E70020EDE770B50446903038
:101C80001E4615460AF00EFB9DF8103084F89D3074
:101C90009DF8143084F89E306A1C4FF00003C4F89D
:101CA000B43018BF012384F89C6084F8AC3002D1B2
:101CB0000125284670BD29462046FFF797FF0546B7
:101CC0000028F5D1236820469B6A9847F1E713B5B1
:101CD0009DF81040CDE9003413464FF0FF32FFF776
:101CE000CCFF02B010BD30B585B003AB0446002276
:101CF0000D46009304210223FFF7C0FE294620462B
:101D0000FFF7DBFE2046FFF762FF05B030BD30B5C0
:101D100085B003AB044600220D4600930521022343
:101D2000FFF7ACFE29462046FFF7C7FE2046FFF727
:101D30004EFF05B030BD90F87D20012A03D1B0F8E8
:101D40008010FFF7D0BF022A03D1B0F88010FFF750
:101D5000DEBF70472DE9F041836D062B04468846AF
:101D6000174603D000263046BDE8F08103681B69A2
:101D700098474546B84294BF08EB00074744BD4228
:101D8000A5EB080607D02046FFF7C5FE431C02D08E
:101D900005F8010BF3E7002EE4D0256EAD1B256698
:101DA000002DE0D12046FFF7C6FFA565DBE730B583
:101DB00085B003AB0093022304461A460D46062164
:101DC000FFF75CFE29462046FFF777FE2046FFF727
:101DD000FEFE05B030BD30B585B003AB0446002231
:101DE0000D46009307210223FFF748FE29462046AF
:101DF000FFF763FE2046FFF7EAFE05B030BD1FB5D2
:101E000003AB0093002304461A460C21FFF736FE6D
:101E10002046FFF7DCFE04B010BDFFFF2DE9F047C0
:101E20000446FFF774FE30B92046FFF764FE10B990
:101E3000A06584F85000BA4F072606252046FFF714
:101E400066FE002800F088802046FFF750FE81469D
:101E50005FFA80F80BF02EF9A36DC4F88C00072B05
:101E600076D8DFE813F0080016008E00DB000601CC
:101E700025014A014A0100200123C4E91803C9F3DE
:101E8000031908F00F0884F85C9084F85D80A3655E
:101E90005EE0626E216E08F07F0302FB0313D20145
:101EA000B2F5001F2366626605D9236820469B6A47
:101EB000BDE8F047184719F0800FBFD194F85C20B7
:101EC000911EC9B2092907D840F22D2020FA01F14C
:101ED000C9070BD4032A12D0062A25D194F85D2015
:101EE000022AE2D1022BE0D102232DE094F85D100A
:101EF0000029DAD1022BD8D1032A06D0F4E794F8CE
:101F00005D3003F00603062BCFD094F85D30DA097C
:101F100084F87C20C3F3410203F0010384F87E308F
:101F200084F87D2003230FE0092A05D194F85D2071
:101F3000002ABAD1032BD6E70D2AB6D194F85D203A
:101F4000002AB2D1002BB0D1A3650023C4F8883099
:101F5000A36D062B7FF472AF94F85030002B00F085
:101F6000DC800BF0A7F8D4F8B830226CC31A934287
:101F7000C0F0CC80C4F8B8002046BDE8F047FFF7B9
:101F80003EBFD4F888305A1C2344C4F8882083F814
:101F90008280236E9A427FF451AF94F85C20002334
:101FA000022AA36503D194F88330A366D0E70B2AF5
:101FB00012D84FF40B63D340DB4313F001030BD172
:101FC00094F8820094F88320B4F8A01042EA00222A
:101FD00091427FF433AFE8E7062A0ED194F8AC3093
:101FE000002B7FF42BAF94F8821094F883302046B6
:101FF00043EA0121FFF7EFFEAAE7092A7FF41EAFAB
:1020000094F8821094F88330B4F8A02043EA0123B6
:102010009A427FF413AF94F88430C6E7D4F888303E
:102020005A1C2344022AC4F8882083F882807FF453
:1020300005AFB4F882305BBA9BB2A367236E04F19C
:102040006C08023B2366394640460AF02BF9A16F23
:1020500040460AF0C3F894F87D10226EA36F01B1D8
:1020600002339A42FFF421AF0023C4F888300423DE
:102070000DE74FFA89F104F16C000AF054F9D4E944
:102080001D2393427FF464AF206EC01A94F87D3014
:1020900020660BB10523FAE66369A565002B3FF4C2
:1020A0005BAF9847236E002B7FF452AF0023EEE620
:1020B000D4F888305A1C2344022AC4F8882083F8B4
:1020C00082807FF4BBAE94F8822094F88330206E37
:1020D000A56543EA0223A4F88030636902382066CC
:1020E00003B19847236E002B7FF432AF2046FFF7F1
:1020F00022FE6369002BD9D12AE7236E0BB1013B85
:102100002366236E002BD1D0A66521E7D4F88C304E
:10211000C01AB0EB420FBFF4C8AEBDE8F08700BFF5
:10212000803E02002DE9F04182B0044602AF08462D
:10213000164688460EF08EFF022E054653D8B4F898
:10214000A03001339BB253B3A4F8A03005F11103C2
:1021500023F00703ADEB030D02AB0222009308212D
:102160006B1D2046FFF78AFCB4F8A0102046FFF74D
:10217000A4FCAAB241462046FFF7AAFC31462046FD
:10218000FFF771FC2046FFF722FD054648B923689A
:1021900020469B6A98472846BD46BDE8F08101234A
:1021A000D2E74FF0FF33A366802363650AF082FF16
:1021B00006460AF07FFF636C801B98420FD22046D0
:1021C000FFF799FC58B12046FFF728FEA56E6B1C5F
:1021D0000BD0022D65658CBF00250125DBE7236848
:1021E00020469B6A98470025D5E70AF01EFFE0E7E6
:1021F0002DE9F0478CB002AF044689461546984653
:10220000FFF779FC18B1206903689B6A984700239F
:102210002669A36584F85030A4F8A030336875B1FE
:102220001B6A4246294630469847E8B96FF00103D9
:10223000E364002528462837BD46BDE8F087D3F87B
:102240001CA0674B3B6109F104030FCB07F1140598
:1022500085E80F0099F8143087F82430424607F1DA
:1022600010013046D047E0E70AF024FF04F11801DE
:10227000C4F88C00381D0AF00BF8D7F80C90E66A09
:10228000D4F83880B9F1000F0FD10AF013FF554A86
:102290000346112107F110000EF02EFE07F1100188
:1022A000381D09F0FFFF4FF01009B4F8C0500C358D
:1022B0004D44002E6BD0B31C1D448023B8F1000F99
:1022C00004D008F1020243F04003154494F8C8A07A
:1022D00043EA0A0A94F83C301BB14AF002035FFA61
:1022E00083FA4FF4806304223F493B8207F11200D6
:1022F0000EF05DF80423BB754FF47A72236CB3FBC8
:10230000F2F31A0A42EA03233B8305F10C0323F09C
:102310000703ADEB030D02AB009300222B46012116
:10232000204687F817A0FFF7A9FB0A2207F1100142
:102330002046FFF789FB1FFA89F279682046FFF7EC
:10234000C7FBB4F8C02022B1D4F8BC102046FFF778
:102350007BFB26B1B2B2616A2046FFF7B9FBB8F148
:10236000000F05D01FFA88F2216B2046FFF7B0FB63
:102370002046FFF72CFC054658B9206903689B6A84
:1023800098470323E364381D09F009FF52E73346F9
:1023900094E74FF0FF33A3660AF08CFE05460AF07F
:1023A00089FE636C401B98420CD22046FFF7A3FBCA
:1023B00040B12046FFF732FDA36E013302D10AF08F
:1023C00034FEECE7A36EE3641BB9012584F850509A
:1023D000D9E7206903689B6A98470025D3E700BFC7
:1023E000848702003C8302004A830200F0B587B074
:1023F0000A4B00930B1D06460D4617460FCB01AC4A
:1024000084E80F002B7D8DF8143000223B4669468E
:102410003046FFF7EDFE07B0F0BD00BF8487020035
:1024200070B586B0164604460D466846002109F090
:1024300053FC33462A4669462046FFF7D9FE06B0CC
:1024400070BD1FB503AB0093002304461A460E214E
:10245000FFF714FB2046FFF7BAFB04B010BD10B520
:102460000368DB6A0446984710B12046FFF7E9FF8E
:102470000023206984F850300368BDE810409B6A4F
:10248000184738B590F8AC3004469BB9D0F8B41072
:10249000FFF7ACFB28B9236820469B6A98470020C9
:1024A00038BDD4E92C122046FFF75EFBD4F8B430D7
:1024B0009842F0D1002384F8AC3094F89D30002B82
:1024C0003FD0022B1CD14FF0FF33A3660AF0F2FD80
:1024D00005460AF0EFFD636C401B98420BD2204684
:1024E000FFF709FB38B12046FFF798FCA36E5A1C92
:1024F00021D0002BD3D1B4F8A0102046FFF757FC11
:102500004FF0FF33A3660AF0D5FD05460AF0D2FD71
:10251000636C401B9842C2D22046FFF7ECFA0028B9
:10252000BDD02046FFF77AFCA06E431C06D0B0FA5F
:1025300080F04009B4E70AF078FDCAE70AF075FDBB
:10254000E4E70120ACE738B5056872B6EDB20021CA
:1025500028460AF02BFC62B67D24013C14F0FF04EF
:1025600028D002200AF05EFD28460AF043FC00282D
:10257000F3D072B6002128460AF030FC012128462B
:102580000AF014FC62B64FF4F0700AF04BFD72B61C
:10259000002128460AF00AFC46200AF043FD28469E
:1025A0000AF028FCB0FA80F4640962B64FF4CD70EA
:1025B0000AF038FD204638BD10B511F0010104784D
:1025C00015D072B6002120460AF008FC01212046F1
:1025D0000AF0ECFB0A200AF025FD012120460AF052
:1025E000FDFB62B63720BDE810400AF01BBD72B695
:1025F00020460AF0F3FB012120460AF0D7FB4120D8
:102600000AF010FD012120460AF0E8FB62B6052021
:10261000E9E710B5046872B6E4B2204601210AF079
:10262000C5FB002120460AF0D9FB03200AF0FAFC82
:10263000002120460AF0BAFB0A200AF0F3FC2046EB
:102640000AF0D8FB044662B635200AF0EBFC2046BF
:1026500010BD2DE9F041054688461646082701249D
:1026600018EA040F14BF012100212846FFF7A4FF38
:102670006400013FE4B2F3D14EB972B63146287816
:102680000AF094FB314628780AF0A8FB62B6BDE850
:10269000F081F8B507460826002501243846FFF7E3
:1026A000B8FF00B125436400013EE4B2F6D12846EC
:1026B000F8BD70B500220C4655210646FFF7C9FF4C
:1026C000651E073415F8011F00223046FFF7C1FFD1
:1026D000A542F7D170BD0022CC21FFF7BABF00237D
:1026E0008374C0E902330382704738B50D4604464F
:1026F000002128460AF05AFB00232560636020462B
:10270000BDE83840FFF7EBBF2DE9F047867C044673
:102710008946154616B9FFF716FF20B90020A074A8
:102720002082BDE8F0876DB33246F0212046FFF7E6
:1027300090FF01260027BA4635462046FFF769FF7D
:1027400080462046FFF765FFB8F1010F1DD1012833
:102750003BD1402DE2D984F810A0BAF1000F01D18D
:102760000123A374237A002BD8D004F1080309F1C4
:10277000FF31103413F8012B01F8012FA342F9D1D6
:102780000120CEE72A46EC21D0E7804504EB070381
:1027900010D1227CAA4212D91A7A164214BF4FF0E5
:1027A00001084FF00008B8F1000F0ED1082D00D835
:1027B0006574AA461A7A22EA06021A720BE00CBF66
:1027C0004FF001084FF00008EDE7E2194FF0010863
:1027D000137A33431372414620467600FFF7ECFE2E
:1027E00016F0FF0604BF0137FFB205F1010508BF6F
:1027F0000126072FEDB2A0D9ABE7FFFF10B5094ABC
:102800000144002388420AD010F8014B634003F0D2
:102810000F0402EB1313145D1B7C6340F2E71846B0
:1028200010BD00BF9483020000220921C260C27162
:1028300002720270C17042700121C261FF220171F7
:1028400041718171028370470023C3710372037069
:102850000923C3700123C160037143718371704701
:1028600010B50B460446FFF7DFFF20461946FFF779
:10287000EBFF10BD43781BB1002180780AF0AEBA9F
:10288000704743781BB1012180780AF0A7BA7047DE
:102890000B78282B0AD005D8102B07D0222B05D077
:1028A000002070473B2B01D0422BF8E701207047F6
:1028B00010B50C4620460721FFF7A0FFE3791B1A4D
:1028C0005842584110BD38B504460D46C068FFF760
:1028D0003AFE95B9E068FFF7FEFE0022B421E068F9
:1028E000FFF7B7FEE068FFF794FE0546E068FFF7E4
:1028F0002AFEB5FA85F0400938BD2946E068FFF7A1
:10290000D8FEEAE70A44914205D011F8013B002BBA
:10291000F9D0002070470120704770B50446C068A8
:102920000E461546FFF70FFEB8B13146E068FFF7D7
:10293000C0FE0022BE21E068FFF78BFE6E1E083548
:10294000E068FFF7A6FE06F8010FAE42F8D1E06896
:10295000FFF7F9FD431E5842584170BD38B5054692
:102960001446FFF7DAFF68B1092221462846FFF72F
:10297000C9FF40B908212046FFF740FF237A1B1A00
:102980005842584138BD0020FCE738B50446C068BD
:102990000D46FFF7D8FD98B1E06895B9FFF79BFEAB
:1029A0002278E0684821FFF754FE23786BB91420A1
:1029B0000AF03CFBE068FFF7C6FD431E5842584151
:1029C00038BD2946FFF775FEEAE72046FFF752FFBC
:1029D00014200AF02BFB2046FFF753FFEAE770B5FF
:1029E00004460D46C0681646FFF7ADFD2946E0686F
:1029F000FFF75FFE00224E21E068FFF72AFE00226B
:102A0000B178E068FFF725FE0022F178E068FFF773
:102A100020FE2B78102B04D000223179E068FFF7DC
:102A200018FEA3792BB129462046BDE87040FFF778
:102A3000ACBFE068BDE87040FFF785BD1FB50B78FF
:102A4000102B0C4616D001AAFFF788FF60B1227840
:102A50009DF808303B2A01D11A060BD43F2B0BD02E
:102A600004D81F2B0AD0002004B010BD5F2B07D064
:102A70007F2BF8D10C20F7E70A20F5E70920F3E7D0
:102A80000B20F1E7F7B5044603250026E068FFF7C1
:102A900026FEE671267232200AF0C8FA01270122CA
:102AA0006946E068FFF730FE10B369462046FFF73D
:102AB000FFFE0028F3D0E3790133E3716946204635
:102AC000FFF7E6FE0028EAD0237A01332372237849
:102AD0002BB969462046FFF7F6FE00B1277069461C
:102AE0002046FFF7ABFFE3788342D8D2E070D6E709
:102AF000E3791BB9013D15F0FF05C7D103B0F0BD67
:102B0000F0B51E460B78102B85B004460F461546CF
:102B10001DD001AAFFF722FFF8B10C2D28BF0C250C
:102B2000092D38BF0925A5F10A03DBB2022B9CBF92
:102B30001B4AD35C9DF8082088BF1F239A4206D009
:102B400001AA394620468DF80830FFF748FF1EB924
:102B5000E379E570012B02D8012005B0F0BDE068F3
:102B6000FFF7BDFD0025E279EBB29A42F4D9E37894
:102B70000C2BF1D0012201A9E068FFF7C5FD60B17F
:102B800001A92046FFF794FE38B101A92046FFF7BE
:102B900055FFE378834238BFE0700135E3E700BFBB
:102BA000B483020010F5DC5FC6BF00EE100ABAEE77
:102BB000EC0A9FED010A70470000FEC20938C0B25E
:102BC00002289ABF024B33F8100040F2EE20704703
:102BD000B88302000171704708B5C068FFF719FD9E
:102BE000431E5842584108BD70B543790446154606
:102BF0007BB103786BB940F2ED262046FFF7ECFF7E
:102C0000B0B90AF057FA401BB04211D80AF00DFAD9
:102C1000F3E70846FFF7D2FF05462046FFF72AFEF6
:102C200028460AF003FA2046BDE87040FFF729BEA7
:102C300070BD38B500230C460360012303700546C0
:102C4000C868FFF780FCE068FFF745FD2278E06880
:102C50004421FFF7FEFC0AF02DFA23796860024652
:102C60001BB1E1782046FFF7BFFF284638BDFFFFC4
:102C700030B555780978264C137815F0800F08BFC9
:102C800000243B2918D192F90400002814DAD8074F
:102C90000BD59378D90737D49A0737D413F0040F9C
:102CA0001C4B1D4808BF184630BDD80000F4FC601E
:102CB00040EAC5202043F7E7D80040EAC52028298C
:102CC00040EA040010D1502B07D1052DECD19279A8
:102CD000124B0C2A08BF1846E6E7FF2BE4D1104B35
:102CE000072D08BF1846DFE71029DDD1D17900296B
:102CF000DAD093790B4A02EAC000CB1A2038DB0104
:102D000093FBF1F31844D5E70748CDE70748CBE735
:102D10000000F8FF80E4FFFF0082FFFF8082FFFFDA
:102D20000083FFFF80FF07000081FFFF8081FFFF1E
:102D3000F0B5054685B00E4617460024E3B29F4223
:102D40000ED301AA31462846FFF708FE01340028B9
:102D5000F4D001AA31462846FFF78AFF05B0F0BD3E
:102D60000048FBE780E4FFFF08B5FFF7E1FFBDE89F
:102D70000840FFF717BF0022C0E90022C0E9022285
:102D800002610262704738B54568044635B128468D
:102D900000F046FC142128460CF00AFB206810B114
:102DA00010210CF005FBA06810B103685B68984720
:102DB000E06810B103685B689847206910B1036848
:102DC0005B689847204638BD1FB5044600688DF8FB
:102DD0000D2058B100238DF80C10CDE900330222EC
:102DE000012303A900F082FB04B010BD01F07F01B4
:102DF0008DF80C1000900346022203A9606800F0D1
:102E000042FDF1E7F8B590F84C509DF818C09DF8D8
:102E10001C709DF8206061F3871562F3020563F36F
:102E2000C50590F8503080F84C506CF3471380F88B
:102E3000503090F8483067F3C50366F30203044648
:102E40006FF3C71380F848300022F421FFF7BCFF6E
:102E500094F8502020465209F221FFF7B5FF94F86C
:102E60004820C2F3C20302F007019B0043EA41136A
:102E700043EAD2122046F521FFF7A6FF94F84C2032
:102E8000C2F3C20302F007019B0043EA411343EA85
:102E900092122046F421BDE8F840FFF795BF1FB518
:102EA000046874B100230122CDE9002303AB8DF83F
:102EB0000C102046194600F088FB9DF80C0004B069
:102EC00010BD0122FF23CDE9002361F07F0103AB98
:102ED0008DF80C104068194600F00CFDEDE71FB5A9
:102EE00004689CB102238DF80C100021CDE900315B
:102EF00003AB01221946204600F067FB9DF80C0049
:102F00009DF80D3043EA002004B010BD0223FF22DB
:102F1000CDE9003261F07F0103AB8DF80C10012286
:102F20001946406800F0E6FCE8E708B5FFF7D7FF70
:102F300040BA80B208BD1FB50468BCB103238DF848
:102F40000C100021CDE9003103AB012219462046C7
:102F500000F03BFB9DF80D309DF80C001B0243EA8E
:102F600000439DF80E00184304B010BD0323FF2258
:102F7000CDE9003261F07F0103AB8DF80C10012226
:102F80001946406800F0B6FCE4E738B588210446ED
:102F9000FFF7CBFF8A21A0842046FFF7C6FF8C21D4
:102FA000E0842046FFF7C1FF8E2120852046FFF7F1
:102FB000BCFF902160852046FFF7B7FF9221A085D6
:102FC0002046FFF7B2FF9421E0852046FFF7ADFFD2
:102FD000962120862046FFF7A8FF9821608620468C
:102FE000FFF7A3FF9A21A0862046FFF79EFF9C21B2
:102FF000E0862046FFF799FF9E2120872046FFF7B5
:1030000094FFA12160872046FFF749FFE12184F862
:103010003C002046FFF789FFE321E0872046FFF7C9
:103020003EFFE42184F840002046FFF738FFE52109
:1030300005462046FFF733FF6DB200F00F0040EA6F
:103040000510A4F84200E6212046FFF728FFE521FD
:1030500005462046FFF723FF6DB2001140EA051038
:10306000A4F84400E7212046FFF719FF84F8460042
:1030700038BD08B5F321FFF712FF00F0010008BDCD
:1030800030B5D02185B00446FFF709FF6028A06164
:103090001FD1B622E0212046FFF796FE0A2009F054
:1030A000C5FF2046FFF7E5FF05460028F6D120467C
:1030B000FFF76BFF052300931A4603212046CDE955
:1030C0000155FFF79FFE642009F0B0FF012005B015
:1030D00030BD0020FBE7F8B5044640680E461746B1
:1030E000B8B9206810B110210CF062F910200CF072
:1030F00033F9314605463A4600F0CAF92560012108
:10310000284600F0E3F938B12046BDE8F840FFF763
:10311000B7BF00F08EFAF6E70020F8BD90F84C300B
:103120005B0710B5044631D0FA21FFF704FFA18CEC
:103130009FED187A0011082390FBF3F3A3EB4102F3
:10314000B4F926305343102290FBF2F0401AB4F940
:1031500028204043001350434FF4006293FBF2F3E6
:103160004FF4804290FBF2F0226A03441344E3617F
:1031700003EB830380334FF4807293FBF2F307EE8B
:10318000903AF8EEE77A87EE870A10BD9FED020AC3
:10319000FBE700BF0000C8420000C07F90F84C3041
:1031A00013F0380F2DE9F74F064600F00D81FFF7B9
:1031B000B5FFF7213046FFF7BEFEF469B4F5FA32E9
:1031C0004FEAE47545F1FF33CDE90023DDE9003234
:1031D0005343009A0199A2FB0289B6F92C200746B5
:1031E000009809EB43095143D31700FB0311A2FBDD
:1031F00000230B441D0345EA12551403B6F92E2093
:10320000D31702FB09FC08FB03CCA2FB0823634491
:10321000002A73F1000102DAFF3243F100034FEAA2
:10322000122A4AEA036A4FEA232B14EB0A00B6F883
:103230002AA045EB0B01041CA4FB0A2341F5004521
:103240000AFB05339B46002A7BF10003924603DA12
:103250001AF1FF3A4BF1010B4FEA6B024FEAEB73A5
:1032600052EA030100F0B280B6F934A000984FEAA8
:10327000EA7B0AFB09F108FB0B11AAFB08898944C8
:10328000B6F932A001994FEAEA7B0AFB01F1AAFBE9
:10329000004500FB0B110D44600410EB080A4FEAD7
:1032A00045414FEA2710C0F5801041EAD43141EB87
:1032B000090B4FEAE0794FEAC97141EA50010191E7
:1032C000C107B6F930000091002414EB0A084FEA58
:1032D000C00545EB0B09DDE9004540F63547B4EB89
:1032E000080465EB0905A4FB070107FB05110CF0B9
:1032F0006DFD002871F100038046894605DA41F62C
:10330000FF720023101843EB0101B6F93A204C1369
:10331000450B45EAC14502FB04F7D31705FB0377CC
:10332000A2FB05233B44544305FB0344A2FB0523B6
:103330002344002A73F1000104DA6FF07E44002573
:1033400012196B41B6F938A0540E44EAC31414EBB9
:1033500008024FEA63650AFB09F14FEAEA7B45EB95
:10336000090308FB0B15AAFB08012944002871F189
:10337000000403DA164C002500196941C40C44EA24
:10338000413417194FEAE14543EB0508002F78F166
:10339000000302DAFF3748F10008B6F936303A0A7E
:1033A00042EA08604FEA28211022C3FB02010CF018
:1033B00097F90022074B0CF0C1F90CF0B7FC00EEB6
:1033C000100A03B0BDE8F08F0348F8E70020F6E7E5
:1033D000FFFF07000000703F0000C07F38B590F885
:1033E000503013F0E00F04464DD0FFF797FEFD215B
:1033F0002046FFF774FDB4F94230E2691B05C3EBC8
:103400008030B4F94430A2F5963202FB130394F8ED
:1034100040004FF4004150434FF4006590FBF5F03D
:1034200094F9465008446A434FF4806592FBF5F2E4
:103430004243B4F93E0092FBF5F202F5001242431A
:1034400003F5804302F5005293FBF1F34FF4804003
:1034500092FBF0F2534393FBF1F294F83C10524389
:10346000D2114A43102192FBF1F29B1A23EAE37333
:10347000B3F1C85FA8BF4FF0C8531B1300EE103A5A
:10348000BAEECB0A38BD9FED010AFBE70000C07F12
:1034900042600022027220220170C2607047037AEB
:1034A00010B5044663B1606821780368DB6A984709
:1034B000606803685B6B9847B0FA80F0400910BD04
:1034C000012100F003F80028EDD1F8E738B50446F3
:1034D00040680368DB690D4698470120207225B1DA
:1034E0002046BDE83840FFF7DABF38BD2DE9F84384
:1034F000DDE908759846C36816462A449A42044690
:10350000894602D90020BDE8F88340682178036825
:10351000DB6A984785B96068036832465B6849464C
:1035200098478642EED16068036841461B6B984716
:10353000B0FA80F04009E6E7002FECD0606803683D
:103540002A465B6839469847A842DBD1E3E72DE974
:10355000F04104464068164602688846956B21781B
:10356000F2B2A84786420CD10025AFB2BE4205F1A7
:10357000010509D9606803685B69984708F8070086
:10358000F3E70020BDE8F0810120FBE72DE9F843D7
:1035900007468846164699460025B54212D2FB6872
:1035A000741B9C4228BF1C46331BAB4294BF4B4646
:1035B0000023224608EB05013846FFF7C8FF10B18B
:1035C0002544EAE70120BDE8F883F7B500241E464C
:1035D000CDE900449DF82430089F0546FFF786FF9B
:1035E00040B101233A463146284603B0BDE8F040D9
:1035F000FFF7CCBF03B0F0BD30B543749DF90C307C
:103600000374049B83609DF81430037300259DF8B8
:1036100018308173C0E90055C2734373857430BD9F
:1036200010B50446406810B108210BF0C1FE2046D9
:1036300010BD38B5044690F90E00411C07D0012199
:10364000C0B209F0B3FB0121A07B09F0C7FB2568DC
:1036500035B12B682846DB6A98470120A07438BD35
:103660000121E07B09F0A2FB637BE07B012B94BF8F
:103670002946012109F0B2FB94F91000421C07D041
:103680000121C0B209F092FB0121207C09F0A6FBC8
:1036900094F91100431CE0D00021C0B209F086FB70
:1036A000DBE7FFFF2DE9F74F044600680F4613469E
:1036B00028B103681B6903B0BDE8F04F1847227BAF
:1036C000504D002A0CBF0122802200920A780099F6
:1036D000FB18114208BF4FF0010AA2680193B5FB25
:1036E000F2F518BF4FF0000AEDB2019BBB4200F0AB
:1036F000858097F800B0009E4FF0000815B128466D
:1037000009F090FC637B13F0FD0F38D194F91000A1
:10371000421C32D01BEA060F14BF4FF001094FF0D4
:103720000009D14503D04946C0B209F057FB012139
:10373000E07B09F053FB15B1284609F073FC94F9BE
:103740001100431C05D0C0B209F054FB08B146EA91
:1037500008080021E07B09F041FBCA46237B002BCF
:103760004AD17600F6B2002EC8D194F91130013357
:1037700018BF87F800800137B7E7D146D7E7032B9A
:1037800024D194F91000411C04D00BEA0601C0B208
:1037900009F024FB0021E07B09F020FB15B128464D
:1037A00009F040FC0121E07B09F018FB15B1284627
:1037B00009F038FC94F91100431CCFD0C0B209F0D5
:1037C00019FB0028CAD046EA0808C7E70121E07BB8
:1037D00009F004FB15B1284609F024FC94F9100007
:1037E000421C04D00BEA0601C0B209F0F7FA00212E
:1037F000E07B09F0F3FADDE77608B4E703B0BDE853
:10380000F08F00BF20A1070007B502AB012203F82B
:10381000011D1946FFF746FF9DF8070003B05DF84C
:1038200004FB036810B443B119684268CC691846B8
:1038300006CA23465DF8044B18475DF8044B7047F1
:10384000006810B103681B6A1847704790F90E00B2
:10385000431C03D0C9B2C0B209F0C0BA704710B55A
:103860000446FFF7DEFF20460021BDE81040FFF7C9
:10387000EDBF10B501210446FFF7E8FF2046BDE883
:103880001040FFF7DDBF2DE9F0411D4606460C460E
:103890001746FFF7E4FF069B05EB0308454508D1F3
:1038A0002744BC420BD014F8011B3046FFF7ACFF95
:1038B000F7E715F8011B3046FFF7A6FFEEE73046A5
:1038C000FFF7D7FF0120BDE8F08170B50D46044633
:1038D0001946284616460CF08EFD2046FFF7BFFF1E
:1038E000324629462046FFF7DDFE2046FFF7C1FF9E
:1038F000012070BD2DE9F0410D46904606461C465C
:103900009DF81C70FFF7ABFFA84445450AD1069B04
:10391000E518AC420CD039463046FFF775FF04F885
:10392000010BF6E715F8011B3046FFF76DFFECE7DA
:103930003046FFF79EFF0120BDE8F08170477047D9
:1039400070477047704790F82C20436B10B50446C1
:103950002AB16C309847002384F82D3010BD3C30DC
:10396000F8E7F8B5427C036804460E46CFB29B6880
:103970000D0A62B939469847236860F307069B68C9
:1039800029462046984760F30F26B0B2F8BD294675
:103990009847236860F30F269B683946204698476E
:1039A00060F30706F1E7FFFF01790368034A033379
:1039B000012918BF0221D154704700BF2800002000
:1039C0007047FFFF70B590F82C3086B004468DF834
:1039D0000F103BB3836A1A4D0222EA540723009367
:1039E000866B01230DF117020DF10F016C30B0470A
:1039F00009F060FB0646A36AEB5C012B07D009F0D7
:103A000059FB801BB0F57A7F01D200BFF3E7A36AB0
:103A1000EB5C022B10D1236820461B6B98470020DB
:103A200006B070BD436C9DF80F201A71DA78D20988
:103A3000FCD01B798DF817309DF81700F0E700BF18
:103A400028000020F7B5134604460846002900F078
:103A5000898094F82C2022B3A26A434D0226AE54EA
:103A600007220092A66B0A4604F16C00B04709F0E9
:103A700021FB0646A36AEB5C012B07D009F01AFB79
:103A8000801BB0F57A7F01D200BFF3E7A36AEB5C3D
:103A9000022B67D123681B6B204603B0BDE8F040C2
:103AA000184703F0030C9B085AD0616C0D7862F341
:103AB000861520220D70CA720A8A022565F30B2230
:103AC0000A820A7842F040020A70CA789506FCD54C
:103AD00002684A60012B18D0CA789206FAD542686B
:103AE0004A6002276FF0030E0EFB070E3E46F51BE1
:103AF0009E420CD2CA78D209FAD050F826204D68DE
:103B00004A604EF826500136F1E71F46EAE79D422B
:103B100007D2CA78D209FAD04A6840F82520013580
:103B2000F5E70B786FF386130B704023CB720B8A8B
:103B3000072262F30B230B820B7843F040030B70D8
:103B4000AD0043196044284483420BD0626C19785D
:103B50001171D178C909FCD0127903F8012BF3E770
:103B60001D46EDE703B0F0BD2800002010B5CC21C4
:103B700004460BF01DFC204610BDFFFF70B5134D31
:103B80000560C361124D9DF8103045600126002587
:103B900080F82030DF23057246728572C560057497
:103BA00046748574C0E90512C0E9095580F82C50A7
:103BB00080F82D50C0E90C55856380F8993080F865
:103BC0009A3080F89B3080F89C3070BDCC83020026
:103BD00040420F002DE9F04F8FB01E46B2F10008B1
:103BE0009DF86430DDF860B0019304460ADB002ED6
:103BF00008DBBBF1000F05DB884503DA8E4201DAF2
:103C00008B4504DB0023237063602372ADE00DF16C
:103C1000200A04225FFA88F150460AAF0BF02CFB11
:103C20000CAD0522F1B238460BF026FB06225FFAF6
:103C30008BF128460BF020FB0022CDE90222CDE9D2
:103C4000047500929146CDF81CA0079B009933F8AB
:103C500011304FEAA31A03F001000AF01F05069085
:103C60004FF0000C4FF0030E23B30498009930F886
:103C70001100F8B1059830F81100D8B1049830F867
:103C80001C708AEA9710C00614D105986FF00101E4
:103C900001FB0E00C0888AEA9011C9060AD1069A73
:103CA00012B3019A022A19D0019ABAB1CDE9027071
:103CB0002A469946BEF1010ED6D10CF1010CBCF199
:103CC000030FCFD1009B0133032B0093BDD11546C9
:103CD000B9F1000F04D0DDE902704B4607B130B9ED
:103CE00000232370656090E7019A012ADBE713F057
:103CF000010933D0092DF3DC17F4F04F274F0CBF27
:103D00004FF080624FF0A06213F4F04F0CBF4FF001
:103D1000806A4FF0A06A42F4803210F4F04F37F816
:103D200038101F480CBF4FF080694FF0A06902F0B7
:103D30008FFF4AF4803237F83610194802F088FFB6
:103D400049F4803237F83B10154802F081FF4FF0FC
:103D5000010984F800906560012356E7022D08DD13
:103D600084F80090656084F8089020460FB0BDE8A4
:103D7000F08F0A4F0B4A37F83810094802F068FFF5
:103D800037F83610074A064802F062FF054A37F84E
:103D90003B10034802F05CFFDBE700BF68850200D0
:103DA000A4300020000001060B79013BDBB2022B9E
:103DB00098BF094A10B59EBFD45C084AD25C4B79C3
:103DC00088BF0022B3FA83F388BF14465B090370EF
:103DD0004270847010BD00BFBE830200C183020028
:103DE00073B500F198030364D0F8B0300366D0F8DF
:103DF000B430836690F8983003F5800303F5E463EC
:103E000004460E4600251B024566436401A8FFF7E1
:103E1000CBFFB4F8C3303068ADF80030694600F02D
:103E20006BFF636C1D70EFF31082012383F3108826
:103E30002C4994F898604868C6F11306B34020EA0C
:103E400003034B604B6882F3108894F8BF1094F81A
:103E5000BE20636C8A40D2B25A7020229A709DF8BC
:103E600000209A72DA7A9DF8041042F04002DA7269
:103E700093F82020C84360F3000283F8202010222A
:103E80001D735D739D73DA7394F8A1201AB91A78C3
:103E900042F008021A701D821A8A9DF8060060F32B
:103EA00000021A821A8A9DF8050060F341021A8204
:103EB0001A8A9DF8010060F383021A821A8A072089
:103EC00060F30B221A821A8A61F30C321A82DA78B2
:103ED000DD701A7842F040021A70034BE36302B0BF
:103EE00070BD00BFFC6F04404950535237B50446C3
:103EF00068460D46FFF758FFD4F8C830ADF80430D7
:103F000001A91B0C002228688DF8063002F0F2F897
:103F1000626F9DF801309DF80240507B91799B01C2
:103F200043EAC41303439DF8000041EAC0019DF831
:103F3000050000F0030040F0800010709DF80400C0
:103F40005070DBB25373CBB2937103B030BD90F8B5
:103F50002C300BB1FFF7CABFFFF742BF2DE9F0438A
:103F6000044689B000F095FB94F820300193E36992
:103F700000930146D4E9052302A8FFF72BFE9DF824
:103F80000820039B9DF81060636284F82C20002AAF
:103F90007BD0454A2263454A6263454AA263DA1CE4
:103FA000A26204F1C802C4F8B820424A84F89830EA
:103FB0000C2384F89D3084F89E3084F89F3084F878
:103FC000A030012384F8A43084F8BC3084F8C330D6
:103FD00094F8C430C4F8B020002565F3010384F8D8
:103FE000C43094F8C93084F8A15065F3010384F813
:103FF000C930271D0B2384F8C83084F8A25084F8F8
:10400000A35084F8A550C4E92A55C4F8B45084F8E4
:10401000BD5084F8BE5084F8BF5084F8C05084F876
:10402000C15084F8C25084F8C55084F8C65084F852
:10403000C75084F8CA5039462046FFF788FF6268A7
:10404000E26094F82C3022892282A27AA274BBB159
:10405000636A8DF81C3004F16C0704F19808059729
:10406000CDF8188006F056F90A2105AA06F04EFB95
:10407000236B814641463846984790B906EA0906BF
:1040800084F82D6009B0BDE8F0830B4921630B492A
:1040900061630B49A16304F1BC01A362C4F8B810C9
:1040A00084E72E46ECE700BF115D0100F55B0100DF
:1040B000F1600100A9390100154A01009D47010086
:1040C000054A010037B590F82D306D46044685E865
:1040D000060013B90368DB6A9847E268009B9A42BE
:1040E00005D12369019A534033F07F4309D0294613
:1040F0002046FFF72CFF0098A988AA79E06021826A
:10410000A27403B030BDFFFF07B5012300930B225B
:104110000D230C210248FFF731FD03B05DF804FBCD
:10412000081800207FB5DFF82CC0164600250122B4
:10413000CDE902254FF0FF32CDE9002C0A46314689
:104140000446FFF759FA072320462575637504B026
:1041500070BD00BF40420F0010B50446FFF769FA7A
:10416000207510BD037D13B504460BB9FFF7F4FFAE
:104170000422FF230DEB02012046FFF7A6FBBDF84A
:1041800004009DF8063040BA80B243EA00209DF852
:10419000073043EA002002B010BDFFFF10B504460F
:1041A000FFF7E0FF637D03420ED10028B6BF084B46
:1041B000801443EA90400BF057FA0022054B0BF0B5
:1041C000BDFA41EC100B10BD00200349F9E700BF18
:1041D00000C0FFFF0000D03F0000F87F002210B5B4
:1041E0004260427340F20242028240F20122C282E5
:1041F00040F60402028342F21002044C428348F269
:10420000400204600173828310BD00BF0884020075
:1042100070B505461AB3847D6B7B0BB16B7E1C4376
:10422000CE0744BFAB7E1C43880748BFEB7EA8681F
:1042300048BF1C434A0744BF2B7F1C430B0748BFA2
:104240006B7F297E48BF1C43036821431B68984746
:10425000A868036821461B68BDE8704018471446EB
:10426000DAE770B50446806803680D461646DB6AD7
:10427000217B9847324629092046FFF7C9FF20468F
:10428000324605F00F01FFF7C3FFA0680368BDE8E1
:1042900070405B6B184708B50122FFF7E2FF012071
:1042A00008BD08B500220121FFF7DBFF4FF4C8600D
:1042B000BDE8084008F0B6BE10B4847B8C420346CB
:1042C0000DD9C47B94420AD913445DF8044B9B7CFE
:1042D000194461F07F010022C9B2FFF7C2BF5DF847
:1042E000044B7047417C41F00402427441F00C01E0
:1042F0000022FFF7B6BF017C41F00202027441F0D8
:1043000006010022FFF7ADBF70B504468068036860
:104310000D461646DB6A217B9847204632462946E1
:10432000FFF776FFA0680368BDE870405B6B184735
:1043300070B504460D460AB1827D15430BB1237E4C
:104340001D43637B0BB1637E1D43A068217B036823
:10435000DB6A9847A068036829461B689847A068ED
:104360000368BDE870405B6B18470023417301226E
:104370001946FFF7DDBF38B550290446836008466B
:1043800028BF5020042AA073104628BF0420E073E1
:1043900021754FF48040403160826175022A1A68AD
:1043A0001846D26934BF00250825904700231A46D5
:1043B00019462046FFF7BCFF4CF2503008F032FEA1
:1043C00040F202432382002203212046FFF79CFF94
:1043D00041F2941008F026FE002203212046FFF748
:1043E00093FFC82008F01EFE002203212046FFF79D
:1043F0008BFFC82008F016FE204600220221FFF79E
:1044000083FF45F0200100222046FFF72AFF2046C7
:10441000FFF768FF2046FFF744FF2046BDE838401D
:10442000FFF769BF00290CBF6FF01800002070472C
:10443000012070476FF0150070476FF0150070474E
:1044400011207047704700207047036801221B69E4
:1044500000211847036800221B69114618476FF0B6
:10446000150070471D2070476FF015007047012040
:104470007047002070471046704700230B700120E2
:1044800070477047704710B5042104460AF090FF4A
:10449000204610BD002070473F2870B5054621DC3E
:1044A000114C54F820305A1C0ED102280CDCFFF7B6
:1044B000F1FF034630B90D4E3378BFF35B8FDB0756
:1044C00004D50B4B44F82530184670BD30460AF031
:1044D00054FF0028F5D030460AF05BFF054808F08D
:1044E00002FDEEE70023EFE738000020D41800209B
:1044F000380100208344010038B50546FFF7CCFFA2
:104500000B4B002443F8254030B90BF03FFE092344
:1045100003604FF0FF3038BD03685B699847051EA4
:1045200004DA0BF033FE6D420560F2E72046F2E755
:1045300038000020FFF7E0BF38B50C461546FFF7FE
:10454000ABFF38B90BF022FE092303604FF0FF34B4
:10455000204638BD03682146DB682A469847041E7A
:10456000F6DA0BF013FE64420460EFE708B5131EA1
:1045700006DA0BF00BFE162303604FF0FF3008BD88
:1045800004D0FFF7D9FF40EAE070F8E71846F6E7F5
:1045900038B50C461546FFF77FFF38B90BF0F6FD2E
:1045A000092303604FF0FF34204638BD03682146DD
:1045B0009B682A469847041EF6DA0BF0E7FD644232
:1045C0000460EFE7002A08B503DBBDE80840FFF709
:1045D000DFBF0BF0DBFD162303604FF0FF3008BD9B
:1045E00010B5FFF759FF044628B90BF0CFFD09239A
:1045F0000360204610BD0368DB699847041EF8DAA3
:104600000BF0C4FD644204600024F2E7FFF7E8BF4A
:1046100038B50C461546FFF73FFF38B90BF0B6FD2D
:10462000092303604FF0FF34204638BD036821465C
:104630001B692A469847041EF6DA0BF0A7FD644270
:104640000460EFE7FFF7E4BF38B50D46FFF724FF3E
:10465000044630B90BF09AFD092303604FF0FF3098
:1046600038BD0368DB699847002814BF4FF4005336
:104670004FF400436B60236820469B6A984728618B
:104680000020EDE7FFF7E0BF08B508F029FC0020A7
:1046900008BD27207047704737B5FFF7FCFF0121A1
:1046A0000D2008F083FB00210D2008F097FB6846E1
:1046B000072203210AF0E0FDBDF800301C4CC3F3D3
:1046C00084130125684607220521E5540AF0D4FD2C
:1046D000BDF80030C3F38413684607220621E55471
:1046E0000AF0CAFDBDF80030C3F384136846072200
:1046F0000921E5540AF0C0FDBDF80030C3F384136E
:10470000684607220A21E5540AF0B6FDBDF80030DC
:10471000C3F3841307220B216846E5540AF0ACFD6D
:10472000BDF80030C3F38413E55403B030BD00BFBF
:10473000C21900200B7930B4DB01114C114DDBB2F2
:10474000A3714B788A781B01120302F44052DBB24A
:1047500013430A788446A85CCA78120202F44072B5
:1047600000F003001343034363804B79064ADB01E7
:10477000DBB22372002030BCCCF80020704700BFB1
:1047800000420440A086020054445700024B00201F
:10479000FF2218701A7070470042044043680022DC
:1047A00010B502605A69044622B1936810681B6A0A
:1047B000984763681A6922B1936810681B6A984722
:1047C000636893F90220002A0EDB53092448012173
:1047D000203302F01F0201FA02F240F82320BFF357
:1047E0004F8FBFF36F8F636893F90120002A0EDBB0
:1047F00053091B480121203302F01F0201FA02F283
:1048000040F82320BFF34F8FBFF36F8F636893F996
:104810000330134859090122203103F01F0302FA23
:1048200003F340F82130BFF34F8FBFF36F8F6368FE
:1048300093F90430590903F01F039A4001F1200352
:1048400040F82320BFF34F8FBFF36F8FA3681A7810
:104850006FF386121A700020DA78D87010BD00BF8E
:1048600000E100E030B5836A85B004468C4601ADB6
:10487000ABB193E8070085E807006268117883F818
:1048800004C0E26A9A6019601846626A9047A36A97
:104890001BB195E8070083E8070005B030BD2B4643
:1048A000EBE700BFF8B504461D46A6689DF8180062
:1048B000337813F040037BD1C4E903120F466168DB
:1048C00084F82000D1F814C0E561C4E90533BCF1D7
:1048D000000F20D00F28A56159D9DCF804301968E1
:1048E000CB78022060F30513CB708B78022060F345
:1048F00083038B70ABB2CB818A60002A70D0DCF866
:104900000830DCF800005B68984700283ED16168F9
:1049100094F82000A6680B69FBB15A6865610F28FE
:1049200011683ED9CA78022060F30512CA70CA78AD
:104930000220ADB260F38302CD81CA704F60002FB8
:1049400055D0327818686FF3451232709A68536800
:104950009847D8B9A66894F82000F27A338A0F28CD
:10496000D2B29BB226D9013022F04002800805382D
:1049700042F0200223F4706343EA002080B2F27216
:104980003082337843F0600300203370F8BD07288D
:1049900017D8DCF804100968C87863F30510C870EC
:1049A000A3E7072816D8CA786FF30512CA70BEE7C6
:1049B0000820F8BD072894BF42F0400202F09F0291
:1049C000D8E7DCF804301968CB78012060F30513D0
:1049D000CB708AE7CA78012060F30512CA70A6E797
:1049E0008B7862F383038B70044B8B6087E7D2B2C2
:1049F00067F38302CA70024A4A60A2E7D81800200F
:104A0000DC18002010B49DF8044001945DF8044BBC
:104A1000FFF748BF2DE9F04F0B780F6903F58003CE
:104A200003F5E4631B0283B00D46044603F104085A
:104A3000002F00F00B81D7E901131A680B684FF0C3
:104A400000601860C3F80880386890470646002860
:104A500040F0F8806B6973B1D3E9011218680B68F4
:104A60001268C3F804804FF400261E609047064683
:104A7000002840F02E812B7803F5800303F5E463D2
:104A80001B02D5E90612002065606162E262A06245
:104A9000A3606F7A002F40F0F080B82108204FF01B
:104AA000100E6B7BEE7A2A6AAD7A1B0343EA46034B
:104AB0002B4315780DB140F0B10192F801C0907808
:104AC0004FEA4C1646EA4C0621EACC11314323F05A
:104AD00070051679D378009198401B011EB1022E03
:104AE00014BF2026302692F805C0BCF1000F06D076
:104AF000BCF1010F14BF4EF0010E4EF0030E92F800
:104B000008C092F806B00CF0030C43EA8C032B4368
:104B1000002F40F0B580917A92F8099092F80B80BE
:104B2000019143F46043EFF3108A012585F3108867
:104B3000676897F800C06B4FCCF1130CD7F80011E1
:104B400005FA0CFC21EA0C0CC7F800C1D7F800717B
:104B50008AF31088A7689DF8001097F803C0C0B2C8
:104B60004FF0000C87F803C039707870BE70D279AE
:104B7000BA729BB2019A616887F80C905FFA8EFE58
:104B80007A7387F80E8087F80FE03B8287F820B0B1
:104B900091F90230634579DA534891F90130002BDD
:104BA00021DB4A7903F1604505F561451201D2B276
:104BB00085F8002303F1C00640F823404B4D5A0905
:104BC00055F82670920002F160426FF3104745F8E5
:104BD000267002F5614203F01F03012505FA03F375
:104BE000C2F88031136091F904200B7A404D3F4E9A
:104BF000AF181B01DBB287F8003302F1C00740F8A1
:104C0000224056F827C053099B0003F160436FF31D
:104C1000104C46F827C003F56143012602F01F023D
:104C200006FA02F2C3F880211A6091F90320CB79C9
:104C300015441B01DBB285F800332E4B40F82240AF
:104C400000262360304603B0BDE8F08F4A69002A91
:104C50003FF417AFD2E9011310681A680B684FF4DC
:104C600000261E60C3F804809047064600283FF4E3
:104C700002AF304603B0BDE8F08FB021864610E7A2
:104C80004FF00008CDF80480C1464CE78A79174EF2
:104C900003F1604000F561401201D2B280F80023B8
:104CA000114803F1C0075A0940F82340920003F06D
:104CB0001F0305FA03F302F1604256F8275002F58C
:104CC00061426CF3104546F82750C2F880311360FA
:104CD00063E7BB6838681B6A9847304603B0BDE895
:104CE000F08F00BF006F04403019002000600040CA
:104CF00000E100E049505352214A224B126A1B68DE
:104D0000C2F3026C03FA0CF3C2F30232D340421E28
:104D10001344B3FBF0F0B0F5805F20D8012820D910
:104D2000B0F5007F00B523D9B0F5806F24D9B0F578
:104D3000006F95BF082210224FF0020E4FF0030EB5
:104D400091F801C0431E6EF3010C1344B3FBF2F360
:104D5000013B81F801C00B7000205DF804FB0620C8
:104D600070474B7800206FF301034B700870704759
:104D700002224FF0000EE3E704224FF0010EDFE7BE
:104D800000E00140BC19002010B4EFF30383103B96
:104D90005BB203F1C001204A204C52F821006FF3AE
:104DA000104042F8210054F82330D3E906218A420A
:104DB0001BD0186940B393F820400F2C0BD9996889
:104DC000496840F82210D96901328A429A610CD0B0
:104DD0005DF8044B7047072C19D8996809798154FC
:104DE000D96901328A429A61F2D15B680C4993F920
:104DF00003305DF8044B5809012203F01F0302FA47
:104E000003F341F82030704798684068DCE79C68FD
:104E1000A48820F81240D7E7006000403019002035
:104E200000E100E0F0B5EFF30383103B5BB203F168
:104E3000C0022F492F4C51F822006FF3104041F867
:104E4000220054F823305868026A002A30D092F8C1
:104E500001C0DC695A69BCF1010F17D094420FD030
:104E6000D96841B393F820000F280AD8072898681A
:104E700095BF895C31F812100171818001325A614D
:104E8000F0BD986851F822104160F7E704F1FF3E49
:104E9000724513D001690029E0D090F9031016483B
:104EA0004D0901F01F010CFA01F140F82510D5E77A
:104EB0005A69DC69D2E798684160DFE790F903E05E
:104EC0000EF1C0064FEA5E10800051F8267000F126
:104ED000604000F561400EF01F0E0CFA0EF56FF306
:104EE000104741F82670C0F880510560B6E700BF52
:104EF000006000403019002000E100E010B4EFF342
:104F00000383103B5BB2324A324C03F1C00152F8CA
:104F100021006FF3104042F8210054F8230082680A
:104F2000D278920706D54268527A012A02D05DF8FB
:104F3000044B70475909284C0122203103F01F030C
:104F400002FA03F344F82130BFF34F8FBFF36F8FA2
:104F5000436893F90230002B2FDB5909203103F00D
:104F60001F0302FA03F344F82130BFF34F8FBFF35E
:104F70006F8FD0E90114237891F902106FF3861333
:104F80000029237014DB01F1C00C114C4B099B006C
:104F900001F01F018A4003F1604354F82C1003F51F
:104FA00061436FF3104144F82C10C3F880211A605C
:104FB0005DF8044B0121FFF755BC82685DF8044B96
:104FC00013786FF3861313700121FFF74BBC00BFFA
:104FD000006000403019002000E100E070B5EFF300
:104FE0000384103C314B64B253F82460736893F926
:104FF0000230002B42DB5A092D492032012003F0F8
:105000001F0300FA03F341F82230BFF34F8FBFF3C1
:105010006F8FD6E9012392F902101A7800296FF3F5
:1050200086121A7015DB01F1C00C224D4A0992005C
:1050300001F01F0100FA01F102F1604255F82C0065
:1050400002F561426FF3104045F82C00C2F8801160
:105050001160DA780021D5B21207D97021D4EB079C
:1050600012D405F01405142D16D0124BC03453F889
:1050700024206FF3104243F8242070BDB3681A78DF
:105080006FF386121A70E4E70421304605F0140528
:10509000FFF7E8FB142DE8D108213046FFF7E2FBCB
:1050A000E3E705213046FFF7DDFBD8E730190020A4
:1050B00000E100E000600040036A70B504469878A3
:1050C00000F07B0098700D46217841B32261E269BF
:1050D000E5601069002841D0226982B1A378816817
:1050E00000688E68E16803F00303013B22FA03F3D2
:1050F000002222619BB2B04780B9236A21789A7856
:1051000042F080029A7039BB94F802C00CF0030C94
:10511000BCF1020F1AD02A78DA70002070BD94F822
:1051200002C0E0690CF0030E0069A2EB0E022261DE
:1051300005EB0E02E2600028CED19A780CF0030C49
:1051400042F08002BCF1020F9A70E4D12A8842F446
:105150007E420020DA8170BD002070BD9A7842F056
:1051600080029A7070BD00BF036A91F801C09A78FE
:1051700000B502F07B0E02F00B029A700022C260B2
:105180008878587010461A786CF301021A70CA7841
:105190009A7493F807C00A780CF0A30102F05C023D
:1051A0000A43DA7183F802E05DF804FB10B5D0E938
:1051B0000721002343608B7092F905202F49044694
:1051C00050090123203002F01F0203FA02F241F8D5
:1051D0002020BFF34F8FBFF36F8FE26992F90B204E
:1051E0005009203002F01F0203FA02F241F8202099
:1051F000BFF34F8FBFF36F8FE26992F90720500919
:10520000203002F01F0203FA02F241F82020BFF31F
:105210004F8FBFF36F8FE26992F90920500902F0B6
:105220001F02934000F1200241F82230BFF34F8F5C
:10523000BFF36F8FE369DA6822B1936810681B6A65
:105240009847E3691B691BB19A681868136A984705
:10525000EFF31081012383F31088E369084A1C7877
:10526000D2F800014FF00043E3400343C2F800319D
:10527000D2F8003181F31088002010BD00E100E079
:10528000006F0440F0B5846A85B005460F46944629
:105290006E46B4B194E80F0086E80F00EB691B7806
:1052A00084F804C02360EB6A2046C4E902736B6A89
:1052B0009847AC6A1CB196E80F0084E80F0005B06F
:1052C000F0BD3446EAE700BF8C46516830B4029C1A
:1052D0000D6880B91C609CF8010038B9E8784FF07F
:1052E000010C0B346CF30510E8701C6093681068B7
:1052F0001B6830BC184704F10C001860EBE700BFD6
:105300002DE9F0470D4609780323CB4013F0010344
:1053100001F1007218BF1023037002F56052837808
:105320005201012161F301030262A9696A694262C3
:105330000022C0E90A21C56183706B7882B00446FF
:1053400023B98378022262F30103837095F90B007D
:10535000594B95F80AC04209203200F01F0601217E
:1053600001FA06F643F82260BFF34F8FBFF36F8F49
:10537000524A534E00F1C0074FEA0C1C52F827E086
:105380006FF3104E42F827E01F185FFA8CFC87F885
:1053900000C346F8204095F9050095F804C0470978
:1053A000203700F01F0E01FA0EFE43F827E0BFF38E
:1053B0004F8FBFF36F8F00F1C00703EB000852F867
:1053C00027E04FEA0C1C5FFA8CFC6FF3104E42F89A
:1053D00027E088F800C346F8204095F9070095F8C3
:1053E00006C04709203700F01F0E01FA0EFE43F8F1
:1053F00027E0BFF34F8FBFF36F8F00F1C00703EBC0
:10540000000852F827E04FEA0C1C5FFA8CFC6FF39F
:10541000104E42F827E088F800C346F8204095F97E
:10542000090095F808C04709203700F01F0E01FA5F
:105430000EF143F82710BFF34F8FBFF36F8F00F1CA
:10544000C0074FEA0C1152F827C003446FF3104C09
:1054500042F827C0C9B283F80013EA6846F8204032
:1054600072B153681B684FF4002143F8041B216A92
:1054700005310091E1692078FFF726FF0646B0B9B3
:105480002A69FAB153681B684FF0006143F8081BA2
:10549000216A03310091E1692078FFF715FF064684
:1054A00080B1EB681BB19A681868136A9847304658
:1054B00002B0BDE8F08700BF00E100E000600040FE
:1054C00030190020EFF31080012383F31088984BEC
:1054D0002E78D3F800214FF00041F14022EA01027A
:1054E000C3F80021D3F8003180F31088236AE06903
:1054F00000229A701A715A729A72DA725A83297853
:1055000040F20722CA40D20744BF4022DA74062282
:105510001A7722787AB1C168013A002900F0FE803A
:105520000126120391B2314341F006029A829A8A0F
:1055300092B29142FBD1EA78A978D20042EA0112F4
:105540006978032900F0D780002914BFF221E221F5
:10555000ED69D2B21A7099712A7B520002F00202F0
:105560005A736A78A97800261E7295F800C0D20195
:10557000490101F02001D2B20A43ACF10201012934
:1055800040F2BD80D2B2DA716A68917859701978A8
:10559000567866F301011970D17899741278D97927
:1055A00002F05C0201F0A3010A43DA710027C4E9AA
:1055B0000377C4E9057790F905105E4E01F1C00E3E
:1055C0004A0956F82E80920067F3104802F16042B3
:1055D00046F82E8002F561424FF0010E01F01F01E6
:1055E0000EFA01F1C2F88011116090F90B1001F16F
:1055F000C0094A0956F829A0920002F1604202F55A
:10560000614267F3104A01F01F0146F829A00EFA23
:1056100001F1C2F88011116090F9071001F1C00981
:105620004A0956F829A0920002F1604202F561424F
:1056300001F01F0167F3104A46F829A00EFA01F1A4
:10564000C2F88011116090F9091001F1C0004A09F7
:1056500056F82090920002F1604267F3104946F834
:10566000209002F561420CF0030C01F01F010EFACC
:1056700001F14CF0700CC2F88011116083F802C087
:105680006B8923814FF6FF7843452DD0EFF31081CE
:105690008EF31088284A13681BB92848C37040232A
:1056A000C37013680133136081F310882189244883
:1056B0000B0A1B0153FA81F150F8213023F001133A
:1056C00023F4404343F0040340F82130EFF310810A
:1056D000012383F31088136813B11368013B13602F
:1056E0001368B3B181F31088164B6360002630460F
:1056F00002B0BDE8F08742F04002F22128E7BCF199
:10570000020F08BF42F01002FF21D2B25970DA71C5
:105710004CE70A4A8020D370D070E3E7C169097A68
:105720001140090201F4706141F00106F9E600BF81
:10573000006F0440006000402C190020000D044060
:1057400000080440554943532DE9F04F1E46FF23FE
:10575000B37033786FF382038BB033708023F370B0
:10576000554B0992554A1B6A12680191C3F30261B5
:105770008A40C3F30233DA40514B07900021100AEC
:1057800006920891059002910093A2FB03BA099B2F
:10579000009A93426EDA9DF8203003930027494B1C
:1057A000039ADD5DC5F34003C5F3800504932B43E5
:1057B000934256D1444B33F81780079B03FB08F8FC
:1057C000069BB3FBF8F2541EFF2C4AD802FB08F9E3
:1057D0001DE0059BB9FBF3F37F2B03FB00F040D9E1
:1057E0000028B8BFFF300012A0F5C330A038002851
:1057F000009AB8BF4042824240DC029BF37033788B
:1058000043F00403A9EB0809337054B3013C4A4642
:105810004FEAE973584651460AF0D8FA019A002A2D
:10582000D7D1A0F5C333A03B002B009AB8BF5B4291
:105830009A4216DD0093234BB470DA5D3378C2F3DD
:10584000000161F38613049961F3041365F3C30344
:1058500033707378C2F3C10262F301037370019B6A
:10586000029301370D2F9AD1089BF3B1009B099A3F
:1058700093421DDC00200BB0BDE8F08F0293114B6A
:10588000049AD95D33780090C1F3000060F3861369
:1058900062F3041365F3C30333707378B470C1F318
:1058A000C10161F301037370A7E7012308936EE759
:1058B00003200BB0BDE8F08F00E00140BC190020D0
:1058C000A0860100A8860200B8860200F0B5EFF3BA
:1058D0000383103B5BB203F1C001344A344C52F8ED
:1058E00021006FF3104042F8210054F82300C369EF
:1058F0001B6913B1036913B1F0BD036983B9D0E922
:105900000824937803F07F03002143F0040393708D
:10591000C160002CF0D0BDE8F0408022FFF7B2BC9F
:1059200005785DB3066AF18AC1F30421A9421ED24B
:105930008478C2681F4F04F0030E74460BE092F89F
:1059400000C086F80FC001311B1B2244A942C0E9E8
:1059500003230CD25BB1BEF1020FF0D1B2F800C04C
:105960004CEA070C1FFA8CFCA6F80EC0EBE7327964
:105970006FF3C7123271002BBED1C0E7827802F0FC
:1059800003010229C1680BD0046A0D78E57002F0AA
:1059900003029B1A0A44C0E90323002BACD1AEE7F3
:1059A0000C88056A44F47E44EC81F0E70060004016
:1059B0003019002000FEFFFF10B582B0EFF3038323
:1059C000103B5BB203F1C001574A584C52F821001A
:1059D0006FF3104042F8210054F82340E369DB687C
:1059E00013B1A369002B49D122894FF6FF739A4264
:1059F00075D12278236AF2B1D98AC80612D01B8ADF
:105A0000C3F308030193A369FBB9636A2BB10422B2
:105A100001992046FFF736FC22782AB1236AD98AF9
:105A2000C906E8D1BE221A7123894FF6FF7293424C
:105A300031D102B010BDA17801F003010229DED0FE
:105A40005B790193A369002BDFD0A278606902F033
:105A5000030201A90AF0ABFCD4E90521A37803F005
:105A600003031A44C91AC4E9052129B9636A1BB1A1
:105A700001222046FFF706FC2278CEE7636A002168
:105A8000C4E90511002BD4D00122204602B0BDE8A4
:105A90001040FFF7F7BB1A0A1201254952FA83F3A7
:105AA00051F8232022F0011222F4404242F0040275
:105AB00041F82320EFF31082012383F310881D4B5C
:105AC000196811B11968013919601B681BB91A49A5
:105AD0008020CB70C87082F3108802B010BDEFF345
:105AE0001081012383F31088124B1A681AB91248E7
:105AF000C2704022C2701A6801321A6081F31088A5
:105B000022890B49130A1B0153FA82F251F8223001
:105B100023F0011323F4404343F0050341F82230FE
:105B2000236A227867E700BF006000403019002038
:105B3000000804402C190020000D044010B5EFF3BC
:105B40000384103C0B4B64B253F82400D0E90821C5
:105B5000937803F07B03937019B102220021FFF7C1
:105B600091FB054BC03453F824206FF3104243F8E7
:105B7000242010BD301900200060004010B5EFF364
:105B80000384103C194B64B253F82400037843B9E2
:105B9000837803F00303022B03D0036A5979C9B257
:105BA00003E0036A198AC1F3080193F804C01CF0EA
:105BB000100F0CF0380206D093F81CC01CF0010F37
:105BC00008BF42F0400293F804C00CF0C70C83F801
:105BD00004C0436A0BB1FFF755FB054BC03453F8C3
:105BE00024206FF3104243F8242010BD3019002008
:105BF0000060004010B5D0E901320021917093F9A6
:105C000002303149044658090122203003F01F03B5
:105C100002FA03F341F82030BFF34F8FBFF36F8FC9
:105C2000636893F901305809203003F01F0302FA2A
:105C300003F341F82030BFF34F8FBFF36F8F6368DA
:105C400093F904305809203003F01F0302FA03F3DC
:105C500041F82030BFF34F8FBFF36F8F636893F924
:105C600003305809203003F01F0302FA03F341F810
:105C70002030BFF34F8FBFF36F8FEFF3108182F3AC
:105C800010886368114A93F800C0D2F800014FF001
:105C9000004323FA0CF30343C2F80031D2F8003179
:105CA00081F3108863685A6922B1936810681B6A8F
:105CB000984763681B691BB19A681868136A98470C
:105CC0000020206010BD00BF00E100E0006F044034
:105CD00030B5436A85B004468C4601ADABB193E85C
:105CE000070085E807006268117883F804C0A26A9B
:105CF0009A6019601846226A9047636A1BB195E85A
:105D0000070083E8070005B030BD2B46EBE700BF76
:105D10002DE9F84F0C460B78D1E9052103F100730A
:105D200003F560530162E16981625B010021C0E912
:105D3000014306464162002A00F021815168106843
:105D40000D6805336B6093684FF400221B682A606E
:105D500098470546002840F00F8122697AB1B36860
:105D6000516810680D680333AB6093684FF00062B0
:105D70001B682A6098470546002840F00681726833
:105D8000156A95F902106B78AF780029517AAABF8D
:105D9000FF274FF0040E4FF0000E0129917A18BF33
:105DA0004FF0000C03F0030306BF4FF0020C052078
:105DB0006046012943F08003D17A00F0F080012988
:105DC00014BF40F0800040F0C000517B002914BF98
:105DD0004FF0E2084FF0EA08EFF3108A012181F357
:105DE000108892F800B0714A4FF0004929FA0BFB75
:105DF000D2F8009129EA0B09C2F80091D2F80021EB
:105E00008AF31088B2685FFA83F90023937092F8DE
:105E100004A04FF0840A82F804A04FF4784AA2F854
:105E200014A082F8009082F802C082F806802D78D3
:105E30005570C0B2977482F807E050734020137217
:105E400053729372D3725383D0740220107794F9F3
:105E500001206079564D574F05EB020C0001C0B28E
:105E60008CF8000302F1C00E47F8226052484FEA56
:105E7000521C50F82E804FEA8C0C0CF1604C0CF543
:105E8000614C63F3104802F01F0240F82E8001FAC3
:105E900002F2CCF88021CCF8002094F9022094F88A
:105EA00006C005EB020E4FEA0C1C5FFA8CFC8EF864
:105EB00000C302F1C00E47F822604FEA521C50F8AE
:105EC0002E804FEA8C0C0CF1604C0CF5614C63F3A6
:105ED000104802F01F0240F82E8001FA02F2CCF8BE
:105EE0008021CCF8002094F9032094F807C005EB3A
:105EF000020E4FEA0C1C5FFA8CFC8EF800C347F8C8
:105F0000226002F1C00E4FEA521C50F82E804FEA78
:105F10008C0C0CF1604C0CF5614C63F3104802F0F2
:105F20001F0240F82E8001FA02F2CCF88021CCF852
:105F3000002094F904C0227A65441201D2B285F897
:105F400000230CF1C00447F82C604FEA5C1250F8B3
:105F50002450920002F1604263F3104502F5614261
:105F60000CF01F0C40F8245001FA0CF11D46134BA5
:105F7000C2F88011116033602846BDE8F88F2269AD
:105F8000002A7FF4EDAE2246FAE66369002BF3D0D7
:105F90009A681868136A98472846BDE8F88F002960
:105FA0007FF413AF40F040000FE700BF006F0440E4
:105FB00000E100E0301900200060004053494353E5
:105FC000F8B504468068807810F0300034D11D4662
:105FD000E3616368C4E9031216461A69C4E905005F
:105FE00092B1536865611B68A8B2D88131B359601A
:105FF000D978022060F38301D9701946936810683C
:106000005B689847B8B963685A6952B14EB19368F2
:1060100010689F68A561ABB232460021B84750B9FD
:106020006368206988B11869A8B1A268937843F0C1
:10603000F00300209370F8BD0820F8BDD87861F314
:1060400083002949D8705960D7E7A268937843F054
:10605000A0039370F8BD5A69A168002A8A7814BF1A
:10606000F025702542EA05028A70E4D193F90130E7
:1060700001215A0903F01F0301FA03F320321B49DF
:1060800041F82230BFF34F8FBFF36F8F6369E2692E
:10609000934206D2D4E9020109B3C95CC17001334D
:1060A00063616368597A01290CD093F901300F4973
:1060B0005809012203F01F0302FA03F341F82030CC
:1060C0000020F8BD012AF0D961698A42EDD9D4E9EE
:1060D000020232B1525CC27001316161E5E7C17008
:1060E000DDE7C270F8E700BFE018002000E100E043
:1060F000FFF766BF70B5204C204B246A1B68C4F3C1
:10610000026E03FA0EF3C4F3023E0D4623FA0EFEAE
:106110004FF0000C66460CF1010C4FEA4C0300FAFC
:1061200003F303EB0E04013C94FBF3F4013CFF2C5E
:1061300002DDBCF1040FEDD1B2B19EFBF3F4013CE2
:1061400084F30804611C81FB03010902724641EAE1
:1061500010610023000209F039FEB0F5807F71F173
:106160000003B4BFC2B200226B782C7066F3010347
:10617000AA706B70002070BD00E00140BC190020C7
:1061800010B4EFF30383103B5BB203F1C001144A78
:10619000144C52F821006FF3104042F8210054F8DB
:1061A00023305A69D9698A4206D2D3E90240A8B19C
:1061B000805CE07001325A618A4202D05DF8044B83
:1061C00070471A69002AF9D19A685DF8044B9378F0
:1061D00003F07B0343F0040393707047E070E9E73A
:1061E000006000403019002010B4EFF30383103B2F
:1061F0005BB203F1C001174A174C52F821006FF34C
:10620000104042F8210054F823305A69D9698A4273
:1062100006D2D3E90240D0B1805CE07001325A610D
:106220009A698A4207D2986819694079541C9C611E
:106230008854D3E90621914206D19A68937803F0F5
:106240003B0343F0040393705DF8044B7047E07028
:10625000E4E700BF006000403019002010B5EFF304
:106260000384103C0A4B64B2012153F82400826875
:10627000937803F003039370FFF72AFDC034054BB6
:1062800053F824206FF3104243F8242010BD00BFC0
:10629000301900200060004010B5EFF30384103C7B
:1062A0000C4B64B24FF0840C53F8240083689A7846
:1062B00002F003029A701A7983F804C00421FFF7F0
:1062C00007FDC034044B53F824206FF3104243F809
:1062D000242010BD30190020006000400269002316
:1062E000F0219370D17290F82A10C269036280F88D
:1062F000303080F82C1042621846704741600272BC
:1063000000207047C0E90E3241630020704700BF93
:10631000C368044A9B1AB3FA83F35B090B7000202D
:10632000704700BF4332495310B502690023F02182
:1063300093709370D17290F82A10026880F82C1034
:1063400004469169C0696062236284F83030E3607A
:1063500021B18B6808681B6A9847226853691BB192
:106360009A681868136A9847EFF31081012383F342
:1063700010882368074A1C78D2F800014FF00043C8
:10638000E3400343C2F80031D2F8003181F31088B2
:10639000002010BD006F044003685969A1B190F856
:1063A0002D3070B5044603F0FF0563B98A68038C8D
:1063B00096680868A1692A46B047E269C4E90852AC
:1063C000012384F8333070BD704700BF38B590F8B2
:1063D00008C080F82E30BCF1010FC0E90612054656
:1063E00047D090F82AC085F82BC0002385F82D30BF
:1063F00085F82F3085F8313085F8333095F82D1039
:1064000085F82C30C5E9082311B1012385F8313016
:106410002A682B695269B42199706AB152680021C7
:106420001268997095F82D40FCB94FF00061116029
:106430002321B42299729A7095F830201AB951220A
:10644000DA72002038BD0022BCF1010F85F830203F
:1064500019D0012295F82910D9700CF1FF3C85F86C
:106460002BC085F82C20002038BD116011495160E7
:10647000DEE7436880F82AC000215B0080F829101D
:1064800080F82830AFE72846FFF786FF95F82A30D6
:1064900095F82C20012B07D1013295F828102B6993
:1064A00095F82BC0D2B2D7E701322B6995F82BC0F3
:1064B000D2B2CFE7D286020038B590F808C080F893
:1064C0002E30BCF1010FC0E90612054647D090F806
:1064D0002AC02A620023012185F82D1085F82F306B
:1064E00085F8313085F8333085F82C306B6295F8BB
:1064F0002D3085F82BC00BB185F831102A682B6937
:106500005269B42199706AB1526800211268997079
:1065100095F82D40FCB94FF0006111602321B422A1
:1065200099729A7095F830201AB95122DA720020C7
:1065300038BD0022BCF1010F85F830201BD00122AC
:1065400095F82910D9700CF1FF3C85F82BC085F81F
:106550002C20002038BD116012495160DEE74368ED
:1065600080F82AC05B00002143F0010380F8291065
:1065700080F82830ADE72846FFF70EFF95F82A305F
:1065800095F82C20012B07D1013295F828102B69A2
:1065900095F82BC0D2B2D5E701322B6995F82BC004
:1065A000D2B2CDE7D28602002DE9F0430B788A689B
:1065B000426003F1007303F560535B010160036106
:1065C0000A7B02720D46D1E906214163296AC16343
:1065D000002183B004468163C2B1516895F90EC0B1
:1065E0000F6803C905336E464FF4002E7B60C7F871
:1065F00000E086E80300019B83F800C09368106800
:106600001B6831469847002840F0AC806B69D3B1D5
:106610005A682768166897F90F7092E80300226994
:106620000332B2604FF0000C6A46C6F800C082E840
:1066300003001146019A17709A6818681368984702
:10664000002840F0AD80EFF310804FF0010C8CF388
:106650001088584B2E78D3F800214FF00041F140BC
:1066600022EA0102C3F80021D3F8003180F3108838
:1066700022682369516A504F0020F0229870DA7224
:106680008A7802F003021A700A78FA2692009E7144
:1066900042F020024E785E70D2B2DA714A791A72F4
:1066A000CA789A740A79454ED20042EA0C02D2B2F4
:1066B0005A7223229A72587395F90F306A7BF11837
:1066C0001201D2B281F8002303F1C00847F8234039
:1066D0003B494FEA531E51F828904FEA8E0E0EF1B7
:1066E000604E0EF5614E60F3104903F01F0341F850
:1066F00028900CFA03F3CEF88031CEF8003095F9EB
:10670000103006EB030E03F1C0088EF8002347F8A3
:1067100023404FEA531E4FEA8E0E51F828900EF197
:10672000604E0EF5614E03F01F030CFA03F360F3A5
:10673000104941F82890CEF88031CEF8003095F914
:106740000E30834211DA0020C4E908001D4B84F8A2
:106750002D00A06184F82E00E06184F82F00E36032
:1067600084F8300003B0BDE8F0831E4403F1C00597
:1067700086F8002347F823405A09920051F8256013
:1067800002F1604202F5614203F01F030CFA03F3C9
:1067900060F3104641F82560C2F880311360D2E7FB
:1067A000AB69002BDED09A681868136A98470028F6
:1067B000D8D148E7006F04403019002000E100E024
:1067C000006000404332495370B5866B82B0044686
:1067D0000B466D463EB396E8030085E80300E26B86
:1067E0003371236832605A6912B194F82D10A1B147
:1067F0009B6913B194F82D2052B9636B30469847CA
:10680000A36B1BB195E8030083E8030002B070BDE1
:106810009A68186813699847EFE7936810681B69CE
:1068200098472368E4E72E46D9E700BFEFF30383D8
:10683000103B5BB2044AC03352F823106FF310418F
:1068400042F82310704700BF0060004070B5EFF3BE
:106850000383103B5BB2614AC03352F823106FF3DD
:10686000104142F82310EFF30383103B5C4A5BB204
:1068700052F823402269137BC3F30000DB072CD4BA
:1068800094F82C3094F82A10994216D094F82D10D0
:1068900009B1022B41D02046FFF77EFD236994F811
:1068A0002820DA7094F82B2094F82C30013A013328
:1068B00084F82B2084F82C3070BD94F8333003F02A
:1068C000FF053BBB236A93BB94F82E3063B3522180
:1068D0000123D17284F8303070BD94F82D308BB123
:1068E00094F8313073B9636AA1695279CA54D4E912
:1068F000082394F82E10013A0133C4E9082379B132
:106900002269E4E7002001215423206284F82F103B
:10691000D37270BD84F8330070BD5223D37270BD42
:1069200023695422DA7270BD5423D37270BD94F877
:106930002D1041B9616AA069013B405C0131C4E995
:106940000831D07070BD94F8311000292ED0216824
:1069500084F831504869002838D08969002935D039
:10696000E069022832D98E68831E0868B668F4216F
:1069700091709BB2A2692946B0472268E3695269C7
:10698000916810688E68023B9BB22A462946B04740
:10699000E36922690220023BC4E90803012184F86B
:1069A00033100023FF209372D070CBE7636AA16994
:1069B0005279CA54D4E90832013B0132012BC4E9AF
:1069C0000832226904D0FF20D070BBE7012BE8D148
:1069D0002023FF209372D070B4E700BF0060004016
:1069E0003019002010B582B0EFF30383103B374A13
:1069F0005BB252F823000269D37A6FF3C303D372F8
:106A000090F82F30ABBB90F82A1003F0FF0C90F8F1
:106A10002C3099421BD1036A5BB990F82D1090F885
:106A20003040002914BF02210321A4B3D372FFF721
:106A3000CBFEEFF30383103B5BB2254AC03352F821
:106A400023106FF3104142F8231002B010BDB3B908
:106A5000012929D090F829C00021D17282F803C001
:106A600090F82B200133013A80F82B2080F82C304D
:106A7000DFE7F023D3720121FFF7A6FED9E790F8F4
:106A80002D4004F0FF016CB1022BE5D190F829C034
:106A90004CF0010CE0E7F023D372937803F0CF03BE
:106AA0009370C4E78C46D7E70190FFF775FC019817
:106AB00090F82A30012B05D190F828C0026990F88F
:106AC0002C30C9E7026990F82C30C3E73019002058
:106AD00000600040F0B583B0EFF30384103C154B29
:106AE00064B253F82450EF68BFB16A682B6992F919
:106AF0000D20121B18BF01226E46C3B193E803009C
:106B000086E803001A706A695A601846B8472B690C
:106B10001BB196E8030083E80300074BC03453F829
:106B200024206FF3104243F8242003B0F0BD334615
:106B3000E8E700BF3019002000600040EFF3038356
:106B4000103B5BB20649074A51F823100120C033BD
:106B5000087252F823106FF3104142F82310704767
:106B600030190020006000400B0A1B01044853FA52
:106B700081F150F82130C3F34003002013707047B7
:106B800000080440C8B2012383404AB91A040B0A22
:106B90005B0103F1804303F5802300209A60704776
:106BA0009AB2F4E738B50488002C4DD04368002130
:106BB000043303EBC40040F202450C4640F2034CA0
:106BC00040F2044E0FE0624530D153F8042C02F03D
:106BD000B852B2F1807F14BF41F0020144F00204C8
:106BE0000833834211D01A88AA42ECD153F8042CFE
:106BF00002F0B852B2F1807F03F1080314BF41F0F4
:106C0000010144F001048342EDD1C943CDB201201A
:106C100002F09CFE0D4B93F8BB2414432C4083F8E8
:106C2000BB440120BDE8384002F060BE7245D7D1B8
:106C300053F8042C02F0B852B2F1807F0CBF44F03C
:106C4000040441F00401CBE7FF25E0E700E0014048
:106C500070B584B002AB012668460C461546ADF807
:106C60000C100292ADF800600193FFF79BFFEFF369
:106C7000108286F310881D490B681BB91C48C3702D
:106C80004023C3700B6801330B6082F31088EA0362
:106C90004FEA1423E4B219D41B01164A234442F8E4
:106CA0002350EFF31082012383F310880B6813B194
:106CB0000B68013B0B600B681BB90D498020CB7042
:106CC000C87082F31088002004B070BD04EB03107C
:106CD000084A52F820606FF3104642F8206025F40D
:106CE000803642F820601B01D7E700BF2C19002036
:106CF000000D044000080440034610B400209C68C6
:106D00005A614FF0010C83F821C083F82300C3E9D6
:106D100003122279986142F010022271227960F305
:106D2000C30222715DF8044B83F82400704700BF52
:106D3000034610B400209C6883F8210083F82300E8
:106D4000C3E903125A612279986142F0100222715C
:106D5000227960F3C30222715DF8044B83F82400AA
:106D6000704700BFC0E90B3281620020704700BF4E
:106D700010B4826803682F4C00214160D17193F9EF
:106D80000F304FEA531C03F01F020CF1200C0123BB
:106D900003FA02F244F82C20BFF34F8FBFF36F8F3A
:106DA000026892F90C204FEA521C0CF1200C02F000
:106DB0001F0203FA02F244F82C20BFF34F8FBFF3F7
:106DC0006F8F026892F90D204FEA521C0CF1200CD3
:106DD00002F01F0203FA02F244F82C20BFF34F8F97
:106DE000BFF36F8F026892F90E204FEA521C0CF12C
:106DF000200C02F01F0203FA02F244F82C20BFF329
:106E00004F8FBFF36F8FEFF3108483F31088006808
:106E1000094A0078C0F109008340D2F80001034319
:106E2000C2F80031D2F8003184F3108808465DF8CA
:106E3000044B704700E100E0006F044070B5C36A86
:106E400084B004468C46164601AD9BB193E807001A
:106E500085E8070083F808C0226B1846C3E90026BE
:106E6000A26A9047E36A1BB195E8070083E8070030
:106E700004B070BD2B46EDE78268012370B580F841
:106E800020300226B323D37180F821605379044661
:106E90006FF300035371C2690D46FFF7CFFFA3687C
:106EA000DE705A7942F001025A7194F82120012AC9
:106EB00016D094F8212002B170BD052DFCD194F8B4
:106EC0002320002AF8D194F821201AB95A7A02F026
:106ED000F3025A72BF210122D97184F8232070BDB8
:106EE000042DECD0082DE4D1E9E700BF2DE9F043F3
:106EF0000B78D1E9054203F5800303F5A6631B0275
:106F00000026C0E90B62836001608462EFF31084A5
:106F1000012383F310880A78C2F109029340774A6B
:106F2000D2F8001121EA0303C2F80031D2F800318F
:106F300084F3108802688368D56980F823601F2174
:106F4000AC7819705F211970DF211970917A0129CD
:106F500000F0CD801689F10901F0060141F0010130
:106F6000F6B2D9729E72D17A5668C90041F0010119
:106F7000C9B2997162498E424FF00201D9700CBFBB
:106F80006FF07F010021002C00F0AC8041F07D010A
:106F9000C9B2013C597164B2697841F0E0011974D9
:106FA0002978584D090101F0700141F008019970EC
:106FB000917C44EA8114E4B2A0211C71D9719F2113
:106FC000197092F90F30517C4F4C0901E618C9B283
:106FD00086F8001303F1C0074C4945F8230051F827
:106FE00027C05E09B6006FF3104C06F1604641F809
:106FF00027C006F561464FF0010C03F01F030CFAA1
:1070000003F3C6F88031336092F90D3092F810E046
:10701000E6184FEA0E1E5FFA8EFE03F1C00786F8EF
:1070200000E345F823005E0951F82780B60006F119
:10703000604606F561466FF3104803F01F0341F800
:1070400027800CFA03F3C6F88031336092F90E30D2
:10705000E71803F1C00887F800E345F823005F094B
:1070600051F82890BF0007F1604707F561476FF3BB
:10707000104903F01F0341F828900CFA03F3C7F8F6
:1070800080313B6092F90C201444530984F800E3EA
:1070900045F8220002F1C0049B0051F8245003F18E
:1070A000604303F5614302F01F020CFA02F26FF332
:1070B000104541F824500026C3F880211A600222AE
:1070C00080F82460124B80F82120C0E9056680F822
:1070D0002260C6600661436080F82060C661304669
:1070E000BDE8F08341F05D01C9B2597154E71189DF
:1070F000DE724900C9B2997235E700BF006F0440E3
:1071000040420F003019002000E100E00060004024
:107110005343324930B583B0EFF30383103B5BB286
:10712000454AC03352F823106FF3104142F8231040
:10713000EFF30383103B5BB2404A52F8234094F8CC
:107140002230B3B9A368012284F82220DA7CD2B2BB
:107150008DF805209DF8052012F0010F5A7A14BF12
:1071600002F0F70202F0F3025A72AC22DA7103B0B5
:1071700030BD94F820304BB9A3681B7A13F0080F88
:10718000204614BF08210421FFF776FE2269A2B928
:10719000A368D97CC9B28DF806109DF8061019793C
:1071A00041F010011971197941F00801197119792B
:1071B00062F30411197103B030BDA369A1689A424A
:1071C00009D0E268C97C581CA061D154E36901333D
:1071D000E36103B030BD022584F821504B79E269A8
:1071E0006FF300034B7120460621FFF727FEA368CB
:1071F0002169DD705A7942F001025A7191B9DA7C45
:10720000D2B28DF807209DF807201A7942F01002BB
:107210001A711A7942F008021A711A7961F304128C
:107220001A71A4E7A269E168DB7C501CA0618B5451
:10723000E3690133E3619AE7006000403019002000
:1072400038B5EFF30383103B5BB2244AC03352F8E6
:1072500023106FF3104142F82310EFF30383103B28
:107260005BB21F4A52F8234094F8203093B194F84F
:10727000213003F0FF0263B9A369216999420ED05E
:10728000E269E068A168C05C887401330132C4E936
:10729000063238BD05212046FFF7EEFDE7E72368FB
:1072A0000E4993F90E3003F1C000002B51F8205025
:1072B00062F3104541F8205009DB5A09094803F0F0
:1072C0001F030121603201FA03F340F82230A26863
:1072D000D37943F04003D37138BD00BF0060004054
:1072E0003019002000E100E038B5EFF30383103BD4
:1072F000204A5BB252F82340A1680B795807C3F3C8
:10730000800217D5CA796FF38612C023CA7101E0D3
:10731000013B02D0CA795206FAD4EFF30383103B43
:107320005BB2154AC03352F823106FF3104142F894
:10733000231038BD022584F821504B7962F30003F5
:107340004B71E26907212046FFF778FDA168CD70F7
:107350004B7943F001034B7194F82130002BD1D1CC
:10736000A369E269E0680132C05C88740133C4E952
:107370000632C7E7301900200060004010B582B027
:10738000EFF30383103B3E4A5BB252F8230083685D
:107390005A7A91074DD1D1B211F00C0F3CD0012295
:1073A00080F8242090F82120012A65D001698269A3
:1073B0009142C26988BF02F1FF324FF0030188BFDA
:1073C000C2614FF0000EA024DC7180F820E080F84C
:1073D00022E093F805C06EF3000C83F805C090F826
:1073E0002440002C43D1DF241C709F241C700024F7
:1073F0000223C46180F82130FFF720FDEFF30383FF
:10740000103B5BB21F4AC03352F823106FF3104198
:1074100042F8231002B010BDCA06EFD5DA7CD2B212
:107420008DF807209DF80720DA7902F0EF02DA7173
:10743000E4E70022A02180F82420D97180F82020E0
:1074400080F82220597962F30001597190F82410D4
:1074500081B9DF219F2219701A7000210223C269AD
:1074600080F82130C1610121FFF7E8FCC6E783F80D
:1074700009E0BCE75A72F0E7C2690221A1E700BF48
:107480003019002000600040416002720020704707
:10749000C0E90E3241630020704700BFC368044A50
:1074A0009B1AB3FA83F35B090B700020704700BF8F
:1074B0004349495230B5836B83B004460A466D4652
:1074C000A3B193E8030085E80300E16B1A71626BD6
:1074D000196018469047A36B1BB195E8030083E839
:1074E0000300002384F82B3003B030BD2B46ECE7BB
:1074F00030B4334B02691B6A82B003F00F2301934F
:107500000199019D137C90F82C4094B9C1F303219B
:10751000DBB2A1EB15618B409B0805D1082002B0BE
:1075200030BC7047013BF9D05178C909FAD1B32377
:10753000D3710023016890F8264080F8283080F845
:1075400027404C6A856980F82B30C56180F82D3062
:10755000036280F82E3080F82F3080F830302378A6
:107560006478012B0CBF0523042343EA4403DBB2F8
:10757000D370537943F00103537191F90F30002B0D
:1075800009DB10495C09012203F01F0302FA03F32F
:1075900041F824300269BF23D37190F82C1001F018
:1075A000FF0331B1002380F82C30184602B030BC04
:1075B000704702211846517002B030BC704700BFBE
:1075C00000E0014000E100E090F808C080F82A30B7
:1075D000BCF1010FC0E905120AD1436880F826C04A
:1075E0005B00002243F0010380F8252080F824305E
:1075F000012380F82930FFF77BBF00BF90F808C057
:1076000080F82A30BCF1010FC0E9051208D14368A7
:1076100080F826C000225B0080F8252080F8243006
:10762000002380F82930FFF763BF00BF03690268B9
:107630002DE9F04F1F241C705F241C70DF241C7088
:10764000546A55682279564EDFF8608142F0E002B4
:107650001A74E27842F0E0025A74A278120102F041
:10766000700242F008029A7022786478012A0CBFF6
:107670000522042242EA4402D2B2DA70494A954213
:107680000CBFF72277225A710027B3229F71DA715B
:1076900091F9112091F80DC0B4184FEA0C1C5FFA53
:1076A0008CFC84F800C302F1C00548F822003E4C6F
:1076B0004FEA521E54F825904FEA8E0E67F3104998
:1076C0000EF1604E44F825900EF5614E012502F052
:1076D0001F0205FA02F2CEF88021CEF8002091F9BF
:1076E0000F2006EB020E02F1C0098EF800C348F825
:1076F00022004FEA521E4FEA8E0E54F829B00EF1C6
:10770000604E0EF5614E02F01F0205FA02F267F3B9
:10771000104B44F829B0CEF88021CEF8002091F922
:10772000102006EB020E02F1C0098EF800C348F8E3
:1077300022004FEA521E54F829B04FEA8E0E0EF185
:10774000604E0EF5614E02F01F0267F3104B44F8D5
:1077500029B005FA02F2CEF88021CEF8002091F986
:107760000E100E444A0986F800C348F8210001F1C2
:10777000C00001F01F018D4054F82010920002F16A
:10778000604267F3104144F8201002F561424FF067
:107790009F0AC2F88051156083F800A0BDE8F08F01
:1077A00000E100E040420F0000600040301900207E
:1077B0000A7802F5800202F5A662120270B5026133
:1077C0008A68016042600A7B0272CA6942630025CE
:1077D0000A6AC26304468563EFF3108C012282F3C8
:1077E00010880B78C3F109039A400E4BD3F800615F
:1077F00026EA0202C3F80021D3F800318CF3108886
:10780000FFF714FF084B84F82950C4E9075584F8A2
:107810002A50656184F82B50A56184F82C50E360F0
:10782000284670BD006F04404349495238B5C369CA
:10783000044613B990F82C30A3B1236921680025C0
:10784000DD712046FFF7F2FEA36994F8262023623B
:10785000236984F82820B322E56184F82C500020A5
:10786000DA7138BD90F82B30002BE6D12369B322B2
:10787000DA71002038BD00BF38B5C36904461BB9B2
:1078800090F82C30002B6FD0236921680025DD7122
:107890002046FFF7CBFE94F82620A369E56184F823
:1078A0002820236284F82C50236922680020B32109
:1078B000D971D871E06092F911302E494FEA531C0A
:1078C00003F01F020CF1200C012303FA02F241F82D
:1078D0002C20BFF34F8FBFF36F8F226892F90E20D9
:1078E0004FEA521C0CF1200C02F01F0203FA02F2C4
:1078F00041F82C20BFF34F8FBFF36F8F226892F9AE
:1079000010204FEA521C0CF1200C02F01F0203FA67
:1079100002F241F82C20BFF34F8FBFF36F8F226824
:1079200092F90F204FEA521C0CF1200C02F01F02BA
:1079300003FA02F241F82C20BFF34F8FBFF36F8F91
:10794000EFF3108583F3108821680B4A0978C1F1A1
:1079500009018B40D2F800110B43C2F80031D2F874
:10796000003185F3108838BD90F82B30002B9BD068
:107970008AE700BF00E100E0006F044010B483B06C
:10798000EFF30383103B5BB2484AC03352F8231035
:107990006FF3104142F82310EFF30383103B444A86
:1079A0005BB252F8233093F82D20BAB99A69022AB3
:1079B0001A699EBF117941F040011171D9690129FD
:1079C00017D0D27CD2B28DF8072001219DF8072074
:1079D00083F82D1003B05DF8044B7047DA69002A74
:1079E000F8D0032A0ED0022A4ED0012A21D01969DC
:1079F0000DE0117941F010011171117941F0080188
:107A00001171DEE719690A7942F040020A711A6AB7
:107A10005869C97C8154D3E907210131013AC3E98E
:107A20000721002AD6D119690B7962F386130B71ED
:107A3000D0E793F82A1089B319681E4C91F90F10FA
:107A40004809203001F01F0102FA01F144F820102A
:107A5000BFF34F8FBFF36F8F1969C87940F0800073
:107A6000C871087940F01000087108794FF0040CD3
:107A70006FF3C300087181F801C048796FF300000B
:107A8000487183F82C20C2E719690A7942F0100284
:107A90000A710A7942F008020A71B8E719694A7A4C
:107AA000082002F0F7024A724870B0E70060004018
:107AB0003019002000E100E0EFF30383103B5BB2DC
:107AC000354AC03352F823106FF3104142F82310A7
:107AD000EFF30383103B5BB2304A52F8232092F855
:107AE0002730002B37D192F829309BBBD36910B4D3
:107AF000002B42D11069C1796FF3C711C023C17146
:107B000001E0013B02D0C179C909FAD11368224AC8
:107B100093F9103003F1C001002B52F821406FF3AC
:107B2000104442F8214009DB5A091D4C03F01F03A1
:107B30000121603201FA03F344F82230C3795DF881
:107B4000044B43F04003C3717047022909D192F8F6
:107B5000300030B9704792F82610032992F82810A7
:107B6000F3D0106992F824C080F812C00131013BB3
:107B700082F8281082F827307047D2E90404116A8D
:107B8000013B645C84740131C2E90731002BB2D03F
:107B90005DF8044B704700BF0060004030190020C2
:107BA00000E100E010B4EFF30383103B2B4A5BB21B
:107BB00052F8233093F829201AB193F82720012A8C
:107BC00047D0DA69D2B11969CA796FF38612C02336
:107BD000CA7101E0013B02D0CA795206FAD4EFF330
:107BE0000383103B5BB21E4AC03352F823106FF37D
:107BF000104142F823105DF8044B704793F82A10A7
:107C0000F9B11968174C91F90F10480920304FF05D
:107C1000010C01F01F010CFA01F144F82010BFF330
:107C20004F8FBFF36F8F1969C87940F08000C8711A
:107C300004204870487962F30000487183F82CC032
:107C4000C2E719694B7A082203F0F7034B724A70B6
:107C5000BAE793F83020002AB3D1B4E730190020F6
:107C60000060004000E100E038B5EFF30383103B13
:107C70004B4A5BB2E02152F8234023695A7A597289
:107C8000D506D0B202F003011FD55A78520648D467
:107C9000E269012184F82B10002A5ED000252168BA
:107CA000DD712046FFF7C2FC94F82610A269236913
:107CB000E56184F82810226284F82C50B322DA712E
:107CC00001212046FFF7F6FB12E00029E0D1010771
:107CD0001BD594F82B20002A48D194F82910B32200
:107CE000002914BF02210321DA712046FFF7E2FBCD
:107CF000EFF30383103B5BB22A4AC03352F82310E0
:107D00006FF3104142F8231038BD94F82C20002A5C
:107D1000EED04207ECD594F82B200121002AE4D1C3
:107D2000DBE70029B4D15A785506C2F38011CED5CD
:107D300084F82B105A7A216802F0F702496A5A72C5
:107D4000082058700A78012A0CBF03220222DA7038
:107D50005A7942F001025A71CAE794F82C20002A9D
:107D60009CD194F82B20002AA8D097E7E2696AB149
:107D7000002294F82600A169E26184F828002162BB
:107D800084F82C20B322DA710121AEE794F82C207C
:107D9000002AEDD194F82B20002AF3D0E8E700BFA9
:107DA000301900200060004010B582B0EFF303846A
:107DB000103C164B164964B253F8242050790B5CE2
:107DC00003F00303032B0FD0C03451F824306FF3BA
:107DD000104341F82430936823B1D268CDE90020E4
:107DE0006846984702B010BD936823B1D268CDE9C8
:107DF000002068469847064BC03453F824206FF3A0
:107E0000104243F8242002B010BD00BF30190020FA
:107E1000006000400346D3E902230020536070470E
:107E2000D0E90123D26930B4D2E9011444F000440E
:107E3000D0685C61D2E9045440F0004041F0004158
:107E40009861196100205D629C6230BC704700BF80
:107E5000002800DA704710B400F16043114C03F5BC
:107E600061430901C9B283F8001344F820200E4988
:107E700000F1C00200F01F0C400951F822408000C0
:107E800000F1604000F561406FF31044012341F8B8
:107E9000224003FA0CF3C0F880315DF8044B036014
:107EA000704700BF301900200060004070B5836942
:107EB00084B004468C46164601AD9BB193E807009A
:107EC00085E8070083F804C0E2691A609E601846DE
:107ED00062699047A3691BB195E8070083E8070032
:107EE00004B070BD2B46EDE730B4D0E90123107823
:107EF0005A6E0C4D0C4C032898BF01328A60D86A28
:107F00002A6A2368C2F3026C03FA0CF302F0070238
:107F1000C0F3C350D340C3400122002030BC4B60AB
:107F20000A70704700E00140BC19002090F800C0C2
:107F3000486EBCF1030F98BF01300AB1824227D3CB
:107F400010B4019C496BE40754BF01F01F01C1F359
:107F50000441BCF1030F09D9090981F0010172B98B
:107F6000E9B902225DF8044B5A60704701F00C0138
:107F7000A1F10401B1FA81F14909002AF0D082424D
:107F800001D30029EDD103225DF8044B5A607047FC
:107F9000BCF1030F98BF02F1FF321A60704700284E
:107FA000DFD0F0E72DE9F04184B0144606460F46D5
:107FB0004FF0FF3300220094039202933A4602AB43
:107FC000D0E90101FFF7B2FFB368039A1D6B04F01B
:107FD00003085AB914F0080F0CBF02210421A007AE
:107FE0001DD503EB81010298C864086561061ED5A2
:107FF000196CB8F1010F41F48001196406D025F421
:10800000403545EA0245B8F1000F03D025F0407530
:1080100045EA026500201D6304B0BDE8F0814144DB
:10802000123103EB8101029848606106E0D4B8F197
:10803000010F12D025F44035022C45EA0245E2D169
:10804000002AE3D00120009019463A4602AB70683E
:10805000FFF76CFF039AB368D8E7022CD6D1002A49
:10806000D4D0EFE72DE9F0470B7C0D46012101FA52
:1080700003F2C260920716BF002201740274D5E9B0
:10808000052103F5800303F5F0631B024261002222
:10809000EE694560C0E9062184B004468360EFF3D1
:1080A0001080012383F31088854B297C0229D3F8A3
:1080B000081134BF6FF020076FF040073940C3F854
:1080C0000811D3F8083180F31088A3686F684FF463
:1080D00025411960DA62DA639A642A78297A032AD8
:1080E0004FEAC15107F1FF3C00F0D58084BF41EA5F
:1080F0000241BC46D6E9068ED9624FF000411961B3
:108100000020596199614FF0FF31586203909862E5
:108110000291C3F81C80C3F820E0D6F82C80C3F885
:1081200068C0C3F864C0002A40F0A0807908013913
:108130000291404601224FF0030C596599650028D1
:108140005DD095F800E0B76A002F71D0B97897F844
:108150000390090641EA097197F8049041EA094140
:108160009963B968C3F88C10002965D0012148B91A
:1081700097F81C9097F81BA04FEA496949EA4A29E9
:1081800048EA0908C3F8881040B996F8211096F813
:108190002000490741EA403148EA01084FF4AA01AA
:1081A000BEF1010F196402D10021D9641965E1689B
:1081B000D960C3F83480C3F830C01A63697C95F97C
:1081C00012002246FFF744FE96F8221096F924008A
:1081D0002246FFF73DFE96F8231096F92500224629
:1081E000FFF736FE2FB1397897F901002246FFF7E5
:1081F0002FFE344B2360002004B0BDE8F0873178B7
:10820000F9B995F800E0B17800299CD0F778BEF173
:10821000020F4FEA071141EA87113FD04BD90327DC
:108220003943B76A48EA014848F08078002F8DD179
:108230009F63C3F88870A7E7F968003918BF012168
:1082400095E795F800E07178BEF1020F4FEA8119C9
:108250004FEA011724D029D9032148EA010848EA46
:10826000090848EA070848F48078CCE7012A19D0C1
:1082700000901946EA68606802ABFFF757FEDDE937
:108280000210020442EA006242F0030CA368F06AA2
:1082900042F0010251E741F480312BE70927BFE7A3
:1082A0000921DAE740464FF0030C46E7002914BFE6
:1082B00009210621D1E7002F14BF09270627AFE7C0
:1082C000006F04405450470030B4436893F91220C3
:1082D000DB69002A11DB51092E4D02F01F0C203101
:1082E000012404FA0CF445F82140BFF34F8FBFF38B
:1082F0006F8F2949002441F8224093F92420002A55
:1083000011DB5109234D02F01F0C2031012404FA26
:108310000CF445F82140BFF34F8FBFF36F8F1E4918
:10832000002441F8224093F92520002A11DB51094D
:10833000184D02F01F0C2031012404FA0CF445F80A
:108340002140BFF34F8FBFF36F8F1349002441F8D3
:1083500022409B6AA3B193F90130002B10DB03F09C
:108360001F045A090121A14020320A4C44F822106E
:10837000BFF34F8FBFF36F8F074A002142F82310DE
:108380008268C1680023036030BC18469160536363
:10839000704700BF00E100E03019002030B4EFF377
:1083A0000383103B5BB2184A184C03F1C00152F82A
:1083B00021006FF3104042F8210054F82300446874
:1083C00094F800C0BCF1010F15D1D0E90254AC60A3
:1083D0000024AC64EC642C6552F8215064F3104521
:1083E00042F821505A090A4903F01F0360320CFA7F
:1083F00003F341F82230436923B1002230BC114617
:10840000FFF754BD30BC70470060004030190020B9
:1084100000E100E043680022026093F9113013F19B
:10842000210F0DD05A0907480121203203F01F0304
:1084300001FA03F340F82230BFF34F8FBFF36F8F81
:108440000020704700E100E000EB400040000328FE
:1084500004D98008A0F101000028FBD1704700BFBB
:1084600010B5194B82B0A5214FF49644019408220F
:10847000C3F88011F72183F8002183F8001183F8F5
:10848000002193F80031934200D100BF0F4A806869
:108490004FF42A43FFF7D8FFA2F8B23FB2F8B23F39
:1084A0009BB23BB90CE0019B013B0193B2F8B23F98
:1084B0009BB22BB1019B002BF5D1142002B010BD53
:1084C000002002B010BD00BF00C07E4000F07E4022
:1084D000214B4AF6802110B502468068A3F8B21FEE
:1084E0001E49FFF7B1FF91F8A0108907A3F540538B
:1084F00013D11021A524EF20C3F8804183F8001187
:1085000083F8000183F8001193F800318B4200D109
:1085100000BF53681A7822B910BD5021A524AF209E
:10852000EAE793F911300E4903F1C00003F01F0C84
:1085300051F820405B099B0003F160436FF3104446
:1085400041F8204003F56143012202FA0CF2C3F81E
:1085500080211A6010BD00BF00F07E4000E00140A5
:1085600000600040394A3A4B126A1968C2F302634C
:1085700001FA03F3C2F30272D340364AC360934256
:1085800008D8354A934205D0344A934202D0344A3F
:10859000934258D12D4A70B5146A324DC4F3026427
:1085A00003F5742201FA04F3E34003F5742303F2A4
:1085B0003F2302F23F22A5FB0313A5FB02122A4927
:1085C0002A4D2B4C9B0C920CC0E9023203FB01F1AB
:1085D000284AA5FB01C1890803FB02F24162A5FB01
:1085E00002C240F27631920840F2835603FB01F159
:1085F000C26103FB06F6A5FB01215822890803FB93
:1086000004F4A5FB06C603FB02F24161B608A5FB14
:108610000212A5FB04C40661A4089208164E046267
:108620008261164C002286F8C02F94F89010012920
:1086300001D1104670BD0121184684F89010FFF753
:1086400003FF104670BD4FF4FB70704700E001401F
:10865000BC190020FF083D0040420F0080841E002E
:10866000C0C62D0083DE1B4368ED2200ABAAAAAA78
:10867000D0660500B86A050000F07E4000C07E406C
:108680000B7810B504464160EBB9002384F8343010
:108690002046FFF767FF00B110BD2046FFF718FF27
:1086A000E3681C4A013BD2F8D81103F01F0363F3BF
:1086B0000501C2F8D8112046FFF7D2FE0028EBD101
:1086C000154B236010BD91F911200B7C134802F16A
:1086D000604101F561411B01DBB281F8003340F8D4
:1086E000224002F1C0010E4B53F821006FF31040FD
:1086F00043F8210053099B0003F1604303F56143F4
:1087000002F01F02012101FA02F2C3F880211A606F
:10871000BBE700BF00C07E404E45504F30190020DF
:108720000060004070B584B0364D03911E46D5F808
:108730002C315B0624D406E0039C013C0394D5F85D
:108740002C4164061CD4039C002CF5D12E4B002236
:1087500080F83420B3F8B23F9BB2002B4CD0294BA9
:10876000D3F8242142F00102C3F82421D3F82421B4
:108770006FF30002C3F82421FFF772FE14230DE00B
:10878000204C002384F814310391D4F82C3159067D
:108790000ED41C4BD3F8F03113400DD1184604B061
:1087A00070BD039901390391D4F82C114B06F0D513
:1087B00003990029F5D1C9E7134B002280F8342032
:1087C000B3F8B23F9BB293B10E4BD3F8242142F0E1
:1087D0000102C3F82421D3F824216FF30002C3F867
:1087E0002421FFF73DFE3346184604B070BD0190CA
:1087F000FFF76EFE0198E7E70190FFF769FE019829
:10880000ADE700BF00C07E4000F07E402DE9F041A2
:108810000546002085F83400686800780C469046CC
:108820001E4610B1032385F834302846FFF750FE6A
:108830006B6804F13D4C2E4C1F7894F804310CF514
:10884000700C6FF3000308F1FF3084F804316044CA
:108850004FEA1C43A4F810311FFA8CFC030CA4F857
:1088600008C180B2C4F820318323A4F8180184F829
:10887000143137B1022333704FF000084046BDE891
:10888000F081A9694FF4FC7301FB08F1102228461E
:10889000FFF748FF804650B9D4F82831C3F3C0032E
:1088A00028463370FFF7DCFD4046BDE8F08108281C
:1088B000E4D0104B85F83470B3F8B23F9BB293B15B
:1088C0000B4BD3F8242142F00102C3F82421D3F842
:1088D00024216FF300022846C3F82421FFF7C0FDCE
:1088E0004046BDE8F0812846FFF7F2FDE8E700BF0B
:1088F00000C07E4000F07E4070B5054600206B68E9
:1089000085F834001B7821F47F74164624F00304A4
:1089100013B1022385F834302846FFF7D9FD1D48EE
:1089200090F804216FF3000280F8042190F80421EC
:108930002E6304F13D4303F570036FF30002AB6255
:1089400003EB862480F804216A68013C190C9BB271
:108950001278A0F81011A0F80831230CC0F82031CB
:10896000A4B28423A0F8184180F8143112B1002475
:10897000204670BD296A1923112206FB01F1284601
:10898000FFF7D0FE04460028F2D12846FFF768FD25
:10899000204670BD00C07E40F8B50446002084F833
:1089A0003400606800782363C4E90A1210B101231F
:1089B00084F83430254E2046FFF78AFDE36A96F8A6
:1089C0000421A16A6FF3000203F13D4386F80421FC
:1089D00003F570036268180C9BB21278A6F81001B8
:1089E000A6F808310978C6F83011812386F81431C9
:1089F00042BB174F6169182312222046FFF792FEEF
:108A0000054670B9D4E90A23256B501C591C013D59
:108A1000C4E90A0125633DB92046FFF721FD284638
:108A2000F8BD0828E6D0FAE73B44190C9BB2A6F83B
:108A30001011A6F808315278C6F83021812386F843
:108A40001431D7E700252846F8BD00BF00C07E409E
:108A50000100F0BD1E4B10B4C3600B7803F001039E
:108A60004370EFF3108C012484F31088194BD3F872
:108A7000082122F48012C3F80821D3F808318CF3BE
:108A80001088EFF3108C84F310884278D2B9C46850
:108A9000237962F3861323718CF310884A684B782C
:108AA000D278C468D201DB01D2B2DBB26271A371A9
:108AB0000123E3710A780270074B43605DF8044BB1
:108AC00000207047C26813796FF3C7131371E3E78F
:108AD00000E00540006F044000434144C368427811
:108AE000002023F812107047EFF31083012282F365
:108AF00010884278C1683AB90A7942F040020A7196
:108B000083F31088002070470A7942F080020A71CE
:108B100083F3108800207047EFF31081012383F363
:108B20001088427842B9C068037962F386130371F2
:108B300081F3108800207047C26813796FF3C71360
:108B4000137181F310880020704700BFEFF3108C81
:108B5000012383F31088437873B9C268117963F3F2
:108B600086111171117A63F3861111728CF31088DA
:108B70000023436018467047C3681A796FF3C71221
:108B80001A711A7A6FF3C7121A72EFE7F0B5076A13
:108B90008BB0064667B3BE468C46BEE80F006C46F7
:108BA0000FC4BEE80F000FC49EE8030084E8030072
:108BB000BCE80F003D460FC5BCE80F000FC59CE8A0
:108BC00003008EE80300F36938469847336A6BB1B7
:108BD000EE469C46BEE80F00ACE80F00BEE80F0072
:108BE000ACE80F009EE803008CE803000BB0F0BD7A
:108BF0000F46E8E730B58BB0EFF30383103B5BB271
:108C00002E4AC03352F823106FF3104142F823105C
:108C1000EFF30383103B5BB2294A52F82350002143
:108C20002822684607F0E7FB6C6894F84D3800206E
:108C3000DBB284F84D08ADF80430B4F84218C1F343
:108C40000012C90638D543F02003ADF804300223E2
:108C500094F8532884F8533894F8523803F01F03DB
:108C6000D2B2E11884F8532891F8202860F38202E8
:108C700081F820282A681268009269466A6A03937C
:108C800028460492FFF782FFB4F84238DB0611D57C
:108C90002B681A69127D6AB193F91530002B09DB34
:108CA0005A09084803F01F030121403201FA03F377
:108CB00040F822300BB030BD1346DBE700600040C7
:108CC0003019002000E100E02DE9F0418AB0EFF317
:108CD0000383103B5BB23F4AC03352F823106FF35B
:108CE000104142F82310EFF30384103C3A4B66B274
:108CF000002253F82600D0E900E595F8533885F8AE
:108D0000532895F8527807F01F07DBB207F12002CD
:108D100085F85338130104F0FF0455F803C0CCF371
:108D200080718DF81910E958DEF810301B7B43EA8A
:108D3000D17303F001038DF81830002B46D1CCF32A
:108D40008A4305EB021205939188C1F3030301F0F6
:108D50000F0108298DF81A3035D908218DF81A101D
:108D600008AA002305EB071808EB030C01339CF855
:108D700006C202F801CB8B42F6D3DEF8003003972F
:108D80002F440093442387F82038002307934FF49F
:108D90008063ADF804306946436A0493FFF7F6FE3A
:108DA000B5F84238DB070BD5002E09DB76090B4AF4
:108DB00004F01F040123403603FA04F442F826406D
:108DC0000AB0BDE8F0810029CAD1D6E72CF0604393
:108DD000B7E700BF006000403019002000E100E06C
:108DE00070B58AB0EFF30383103B5BB2214AC03306
:108DF00052F823106FF3104142F82310EFF303836E
:108E0000103B1D4A5BB2012652F823506C6894F85F
:108E1000532884F8536894F85238D2B203F01F03F1
:108E200084F853280393E2184FF40063ADF804303C
:108E30002B681B6800936B6A0493002382F8203828
:108E4000694682F820382846FFF7A0FEB4F8423879
:108E50009B070CD52B6893F91730002B07DB5A09B9
:108E6000064903F01F0340329E4041F822600AB0D9
:108E700070BD00BF006000403019002000E100E03C
:108E80008268117A01F00101137AC3F34003994219
:108E9000FAD143681978012908D1C16893F810C044
:108EA00004484B1E9BB240F82C101380F123137220
:108EB00000207047E4180020D0E90223013BF12193
:108EC0009BB2138000201172704700BF06207047CC
:108ED0008268117A01F00101137AC3F340039942C9
:108EE000FAD143684FF0F40C002182F808C01173E6
:108EF00093F9123013F1210F03D1002303601846B8
:108F000070478B421ADB5A0910B401210F4C2032F2
:108F100003F01F0301FA03F344F82230BFF34F8F2D
:108F2000BFF36F8F43680A4A93F912305DF8044B20
:108F300042F823000023036018467047044A42F8B1
:108F40002300002303601846704700BF00E100E0E3
:108F500030190020F0B40B7C03F1401303F50063DB
:108F60001B02C0E90113EFF31085012383F310887E
:108F70000C7C394AC4F10304A340D2F8084124EA26
:108F80000303C2F80831D2F8083185F310888268EB
:108F900000231372137AC3F3400C9B07FAD4CC69F5
:108FA00082F80AC0E37826780D7A247903F0070363
:108FB000002E42D1002D47D114734C68476800261B
:108FC00096735372631E95729BB2C4603D7C13808E
:108FD000224B43F8254091F91230B34222DB4A7C00
:108FE00003F1604404F561441201D2B284F8002315
:108FF0001B4A1C4C42F8230003F1C0055A0954F8DF
:109000002570920002F1604266F3104744F8257023
:1090100002F5614203F01F03012404FA03F3C2F8CE
:1090200080311360D1E9054100230F4A0461C0E992
:1090300005310260F0BC18467047502E06BF43F061
:10904000500365463343B7E785F0020543EA05134D
:10905000DBB23546B0E700BF006F0440E4180020E3
:1090600030190020006000405447410010B482686D
:1090700092F808C00CF0010C137AC3F340039C452E
:10908000FAD14368C468D8698C60007850280BD145
:109090001B7C2648013B50F823300BBB00205DF8B9
:1090A000044B4B6008707047537AC3F302105B06A1
:1090B0000FD41F4A1F4B126A1B68C2F30264A340FD
:1090C000C2F30222D3400028E8D080F00200C3405F
:1090D000E4E7927A4FF4004302F00702D340DDE761
:1090E00012F8F70CC0F302144006A2F5807216D4F1
:1090F0000F48104A006A1268C0F3026C02FA0CF2C0
:10910000C0F30220C24014B184F00204E240002007
:10911000B2FBF3F35DF8044B4B6008707047907A34
:109120004FF4004200F00700C240F0E7E4180020CE
:1091300000E00140BC190020F0B585B0EFF30383D7
:10914000103B5BB203F1C0011B4A1C4C52F82100DA
:109150006FF3104042F8210054F82340D4E9011283
:109160000978137A0129DBB204D1F42103F0F0036A
:10917000117213722769B7B1656901AECDB195E877
:10918000070086E807009B0644BF00232B71A369F4
:109190002B602846B84763691BB196E8070083E84F
:1091A0000700A268137ADBB203F00F03137205B055
:1091B000F0BD3546E7E700BF0060004030190020F1
:1091C000034600201A689B8A1380704703681B8837
:1091D000C3F3C03300200B70704700BF0368103129
:1091E000002033F811301380704700BF43682DE929
:1091F000F041D1E901250C685E6903681FFA84F823
:10920000A3F804801FFA82F8A3F8148022F0405CCF
:109210001FFA85F824F0405E25F040572243A3F85A
:1092200008804FEA1C4C3F0C4FEA1E4812F0405F8A
:10923000A3F80680A3F816C05F8159D1CA68002A36
:1092400000F0988015892F0522D5D2E900C7B2F821
:109250000A80A3F89050A3F89C80B2F80C80A3F881
:109260009E801FFA8CF8A3F89480CCF30B484FEA49
:109270001C7CA3F8968083F892C01FFA87FCA3F8A1
:1092800098C0C7F30B4C3F0FA3F89AC083F89370B4
:10929000AF051FD40A8AA3F89050A3F88020F27873
:1092A00092B11A88BEFA8EF11FFA82FE2EF01F0EBE
:1092B0000EF11F0E828AAEEB010E1FFA8EFE4EEAF1
:1092C0000202A3F800E082822B4BC0E903340020A5
:1092D000BDE8F081977C92F813C047EA0C0783F849
:1092E000A670D789128AA3F8A870A3F8AA20D1E79C
:1092F000224FD7F82080224F3F68C8F3026C07FA4C
:109300000CFCC8F302181F4F2CFA08FCA7FB0C7CBE
:109310004FEA9C1C1C4F41F2883808FB0CFCA7FB51
:109320000C7C4FEA9C4C0CF1010CBCF1070F38BFD0
:109330004FF0070C12F080570AD05FFA8CF715F047
:10934000805F83F8DE7040F2011708BF4FF480772A
:10935000920009D55FFA8CFC47F40077AA0083F8E5
:10936000DFC048BF47F00207CA68BFB25F82002A69
:109370007FF468AF15468DE74344415200E0014059
:10938000BC190020D34D621083DE1B432DE9F84346
:109390000B880C465B0222696669C968026203F1A8
:1093A000804303F5B8230022036081614460C261F9
:1093B000317962790546A0788F074FEA0223F17868
:1093C00043EA403354BF43F0400343F48863002929
:1093D00000F0DF8043F42073022A08BF764A9BB274
:1093E00008BF32F821C0AB8218BF4FF0000C2279C1
:1093F000E178707896F800E0D20342EA410242EA4E
:109400004010EFF31088012181F310886B4F228800
:10941000D7F80891C2F1100201FA02F229EA020219
:10942000C7F80821D7F8082188F3108847F6FF57B6
:109430002A6880B23B401380A2F810C0D08182F825
:109440000CE03379980700F1AD8082F88A3094F906
:109450000630002B22DB227A03F1604101F56141E5
:109460001201D2B281F80023554A564942F82350DE
:1094700003F1C0005A0951F82070920002F16042D5
:109480006FF3104741F8207002F5614203F01F03AB
:10949000012101FA03F3C2F88031136094F9073017
:1094A000002B22DB627A03F1604101F56141120178
:1094B000D2B281F80023424A424942F8235003F1D4
:1094C000C0005A0951F82040920002F160426FF347
:1094D000104441F8204002F5614203F01F030121CE
:1094E00001FA03F3C2F88031136096F90630002BBD
:1094F00022DB327A03F1604101F561411201D2B2FF
:1095000081F800232E4A2F4942F8235003F1C0006E
:109510005A0951F82040920002F160426FF3104462
:1095200041F8204002F5614203F01F03012101FAD6
:1095300003F3C2F88031136096F90730002B22DB69
:10954000727A1F4803F1604101F561411201D2B204
:1095500081F8002340F8235003F1C001194A52F862
:1095600021006FF3104042F821005A09920002F1E5
:10957000604202F5614203F01F03012101FA03F387
:10958000C2F880311360104BAB6000202861BDE849
:10959000F883002A7FF420AF43F400439BB2AB82F0
:1095A000944624E743F0030382F88A30084600F02B
:1095B0003DF92A68337948E7D4860200006F0440F9
:1095C00030190020006000404344415270B4002133
:1095D000C0E90211436893F906205C698A4211DBF5
:1095E0005309364E203302F01F0C012505FA0CF505
:1095F00046F82350BFF34F8FBFF36F8F304B43F8C4
:109600002210436893F90730002B11DB5A092B4DC8
:1096100003F01F0C2032012101FA0CF145F8221051
:10962000BFF34F8FBFF36F8F254A002142F82310FD
:1096300094F90630002B11DB5A09204D03F01F0C62
:109640002032012101FA0CF145F82210BFF34F8FAF
:10965000BFF36F8F1A4A002142F8231094F90730A4
:10966000002B10DB03F01F045A090121A140203216
:10967000124C44F82210BFF34F8FBFF36F8F104A84
:10968000002142F82310036800221A821A80EFF3A7
:109690001084012383F3108840680A490088C0F1D0
:1096A00010008340D1F808010343C1F80831D1F814
:1096B000083184F31088104670BC704700E100E068
:1096C00030190020006F0440064B074993F826002C
:1096D0001A6A51F820300549C2F30262D3400B6088
:1096E000704700BF00E00140C0030020BC1900200B
:1096F00038B5434B434C444844494AF20355A3F818
:10970000FE530022424DA0F8002121604FF4004199
:1097100093F82600C4E90151C4E90321196A626182
:1097200054F820203B4DC1F30261CA4008200921B2
:109730002A6083F8130483F8A21093F88024002A87
:1097400055D02F4B002283F8812483F8802493F88E
:10975000A0208AB193F83620002A3FD0284A92F8F8
:10976000A030D806C3F30011F9D4254882F8A01020
:1097700090F8A030D906FBD4214B002283F8362084
:1097800093F83C20D207FBD50121002283F8311049
:1097900083F82620204A1A6293F8262054F82200E3
:1097A0001C6A194AC4F30264E04028604FF0040CBC
:1097B000842083F83EC083F83E004FF4254083F8B0
:1097C000D010A3F8FE03A2F80411B2F804319BB242
:1097D000002BFAD10123A2F8003138BD93F83C20C8
:1097E000D207BBD493F83C20D207F7D5B6E70121C6
:1097F00083F8801440F2C44000F018F8A1E700BFDD
:1098000000E00140C003002000C00140006CDC0209
:1098100000127A00BC19002000010110704700BF3F
:10982000A0F101000028FBD1704700BF30B5144DF6
:10983000144A00FB01F14FF47A732868B2FBF0F28E
:10984000A1FB03C44FF0FF304FF0000E60457EEBEC
:10985000040407D3BCFBF2F0800878B1BDE83040C7
:10986000FFF7DEBF9200B1FBF2F1A1FB03138842C8
:109870007EEB0303F2D308460028EFD130BD00BFD2
:10988000BC19002000CA9A3B0B4B70B5B3F840518D
:109890000A4E0024ADB225FA04F3DB07E0B203D58B
:1098A00056F8243003B198470134102CF3D1024B01
:1098B000A3F8305170BD00BF00600040EC180020DC
:1098C000084B10B4084C03F1200C5842C21813F88E
:1098D000011FC032634544F82210F7D15DF8044BF4
:1098E000704700BFFC90020000600040EFF3108161
:1098F000012383F31088124B33F8102092B22AB15F
:1099000033F81020013A92B223F8102033F81030C7
:109910009BB293B90B4A10B4B2F8FE330A4C9BB217
:1099200034F8100043F4254323EA0003A2F8FE3381
:1099300081F310885DF8044B704781F310887047FD
:10994000B019002000E00140E086020030B4EFF3DF
:109950001081012383F310880E4A32F810309BB235
:109960006BB90D4C0D4DB4F8FE3335F810C09BB2F9
:1099700043EA0C0343F425439BB2A4F8FE3332F8C8
:10998000103001339BB222F8103081F3108830BCC4
:10999000704700BFB019002000E00140E0860200DF
:1099A0000B4A08B50346106840B10333094923F058
:1099B000030303448B4204D8136008BD06481060BB
:1099C000F3E706F0E3FB0C2303604FF0FF3008BD24
:1099D000B8190020007B0020E830002000BE70474E
:1099E00008B500F005F8FAF74FFEFEE7704700BF34
:1099F00070B5464B464A47484FF47004C3F8884058
:109A00004AF2025198600123A2F8FE1382B082F854
:109A10001F3492F8B134DB06FBD500204FF4254605
:109A20000446A2F8FE63FFF7E1FFFFF761FE8DF841
:109A3000074001209DF80730FFF788FFEFF3108102
:109A4000012585F31088344BD3F8042122F000421D
:109A5000C3F80421D3F8042181F310882F4A116838
:109A6000C1F300018DF807101168C1F300018DF8F2
:109A700007101268C2F300028DF80720EFF310817F
:109A800085F31088D3F8042142F00042C3F8042182
:109A9000D3F8043181F310882846FFF727FF2846C2
:109AA000FFF7A4FF1E4B1F499C801F4A1E80996030
:109AB0001E49D9604FF48051A2F820111C481D4A5C
:109AC0009D80121A214606F096FC1B481B4A1C4931
:109AD0001C4D121A06F06BFC1B4B5B1BA3424FEA9A
:109AE000A30605DD55F8043B01349847A642F9DC8E
:109AF000FFF7EAFD0220FFF779FFFFF7E1FE002004
:109B000002B0BDE87040FFF789BE00BF00ED00E085
:109B100000E0014000400000006F044000080440E5
:109B2000000D0040007B002000600040007F00200E
:109B3000D8030020E830002000000020C0030020EF
:109B4000EC930200340300208C030020064B074AEC
:109B50001B6A1268C3F3026123FA00F08A4000F026
:109B6000070022FA00F0704700E00140BC19002015
:109B70002DE9F04782462DED028B00200C46FFF7C1
:109B8000E5FF07EE900AB8EE678A28EE008A18EE25
:109B9000100A05F07BFD064620460F4605F054FDF1
:109BA00004460D4602460B463046394606F038F864
:109BB00050B1BCEEC88A00238AED0B8A8AF8343093
:109BC000BDEC028BBDE8F08700223A4B30463946A7
:109BD00005F0B4FD8046894602460B4620462946DC
:109BE00006F03CF838B14046494606F07FF80223BB
:109BF000CAF82C00E2E700222F4B3046394605F028
:109C00009DFD8046894602460B462046294606F0C1
:109C100025F838B14046494606F068F80423CAF8EA
:109C20002C00CBE70022254B3046394605F086FD57
:109C30008046894602460B462046294606F00EF825
:109C400038B14046494606F051F80623CAF82C00C0
:109C5000B4E700221A4B3046394605F06FFD8046C6
:109C6000894602460B462046294605F0F7FF38B1E3
:109C70004046494606F03AF80823CAF82C009DE70A
:109C80000022104B3046394605F058FD06460F4677
:109C900002460B462046294605F0E0FF38B1304623
:109CA000394606F023F80A23CAF82C0086E78AF81A
:109CB000000085E70000D03F0000B03F0000903F6B
:109CC0000000703F0000503F00220270C0E90122F6
:109CD00080F83520012280F83620DF228277704715
:109CE0002DE9F04704464FF000081F469DF8283044
:109CF00080F8008021730375089B0361099B8361D1
:109D00000B9B03620C9BDFF84091C0E90938FF23ED
:109D10008A4643771546002A3ED184F835205020E4
:109D200005F01AFB4FF6FF73A0F8423000F120084F
:109D3000DF2380F8205080F8215080F8225080F8EE
:109D40002350C0E90955C562C0E90E55C0E90C555C
:109D500080F8443080F8453080F8405080F8415019
:109D6000C0E91255C4F8288020222946064606F08C
:109D700042FB072FA6605AD8314ABAF1020FD35DD1
:109D8000114642D099F80000002856D1002B4ED140
:109D900002232777D35548E0012A48D184F835209B
:109DA000242005F0D9FA837880F8008068F3020354
:109DB00083704378C57003F0F80368F30613064612
:109DC000437080F8048080F8058080F80680A062E7
:109DD0001C224146083006F00EFB012F666026D893
:109DE000184BBAF1020FDA5D194602D099F800005B
:109DF00028B1012A1BD802232777CB5515E0B2B929
:109E00000222DA552777257011E0012BF3D9277745
:109E1000384601F021FE3022816A404606F0C7FA3A
:109E2000384601F019FE036BA36101232370002360
:109E300089F800302078BDE8F087012BDAE700BF11
:109E4000C2190020C0190020CA1900202DE9F84FBE
:109E500082462DED028B14468B4631B9BDEC028B48
:109E60001146BDE8F84FFFF783BE012939D108201C
:109E7000FFF76CFE07EE100AB8EE478A28EE008A5C
:109E800018EE100A05F002FC064620460F4605F0C3
:109E9000DBFB04460D4602460B463046394605F0CC
:109EA000BFFE38B1BCEEC88A00238AED0B8A8AF85F
:109EB000343016E000221A4B3046394605F03EFC9D
:109EC0008046894602460B462046294605F0C6FED6
:109ED00058B14046494605F009FF8AF834B0CAF83F
:109EE0002C00BDEC028BBDE8F88F00224FF07F53B1
:109EF0003046394605F022FC06460F4602460B4620
:109F00002046294605F0AAFE38B13046394605F00C
:109F1000EDFE0323CAF82C00C9E78AF80000E0E749
:109F20000000E03FF0B52DED028B1E460123F7EE59
:109F3000007A9E4287B004460F461546B0EE608A0E
:109F4000037087EE800A3BD8002A39D14FF0FF31E9
:109F5000FFF70EFEB5EEC08AF1EE10FA37DBDFED4B
:109F60001D7AB4EEE78AF1EE10FA30D8D4ED0B7A10
:109F7000F8EE677A67EE887A17EE900A05F086FBAE
:109F80000022154B05F004FD05F0B0FE2063237898
:109F90008BB10F9B04930E9B039394F83430029380
:109FA000236B0193E36A00932A46334639462046E1
:109FB000FFF796FE2070207807B0BDEC028BF0BD55
:109FC0004FF6FF7229462046FFF740FFC2E7002305
:109FD0002370DCE70000C8420000594090F835309B
:109FE0004BB983688BB1012211B983F820207047E7
:109FF00083F822207047012B07D143682BB103203F
:10A000005A7819B960F302025A70704760F3061269
:10A01000FAE71FB590F835303BB901A98068FDF724
:10A0200063FF039805B05DF804FB012B05D1406880
:10A0300001A90830FFF71AF8F3E70020F2E738B576
:10A0400085680446B5B1202005F086F9A368A864A8
:10A050009B6CFF221A70DF225A700022C3E9022291
:10A06000C3E904229A70DA701A711A765A769A76CF
:10A07000DA761A7738BD38B590F8353004468BB9A2
:10A08000806808B9002038BD04F10C01FDF7EAFF33
:10A090000546A068FDF7C4FE0E2D01D0002DF1D1BC
:10A0A0000120F0E7012BEDD140680028EAD004F14F
:10A0B0000C010830FEF74EFF054660680830FEF7D9
:10A0C000FBFEE9E708B590F835303BB9806820B170
:10A0D000FDF7A0FEB0FA80F0400908BD012B06D1C3
:10A0E00040680028F9D00830FEF7CAFEF2E70020E9
:10A0F000F3E7FFFF73B51E46012303700023CDE98C
:10A1000000330D461346DFED110A9FED110A0A4692
:10A1100002210446FFF706FF207015B92046FFF71D
:10A120008EFF31462046FFF759FF23785BB120466A
:10A13000FFF7A1FF2378184020702046FFF7C2FFE9
:10A14000237818402070207802B070BD000048428B
:10A150000000F54308B590F83530016353B98068C5
:10A1600038B1003218BF0122FDF71CFFB0FA80F0B1
:10A17000400908BD012B09D140680028F9D0003200
:10A1800018BF01220830FEF7A1FEEFE70020F0E73C
:10A1900008B590F835303BB9806820B1FEF794F8E7
:10A1A000B0FA80F0400908BD012B06D140680028B4
:10A1B000F9D00830FEF78CFEF2E70020F3E7FFFF4E
:10A1C00038B50446FFF7E4FF606838B1237F0C4AD6
:10A1D00000252421D55405F0EBF86560A56875B11C
:10A1E000237F084AA86C0021D15410B1202105F02A
:10A1F000DFF85021284605F0DBF80023A36038BDC6
:10A20000C0190020C219002010B50446FFF7D8FF7E
:10A21000204610BD01F10C0303608B6803B12033AD
:10A2200043604B6883607047836823B118680030CF
:10A2300018BF0120704740680028FBD08068F6E70F
:10A24000F0B585B004460F46014601A81546FFF754
:10A25000E1FF2046FFF7E8FF064610B12046FFF772
:10A2600097FF00F057F82A4601A900F01FF90546AC
:10A2700050B167772EB12046FFF7FDFE2046FFF76D
:10A2800021FF284605B0F0BDDF23A377F2E7FFFFEB
:10A290000028A8BF00F160404FEA0111AEBF00F5F1
:10A2A000614000F00F00034BC9B2ACBF80F800134F
:10A2B0001954704714ED00E000F1C0020A4B53F846
:10A2C00022106FF3104143F8221000F01F024009E2
:10A2D000800000F1604000F5614001239340C0F828
:10A2E00080310360704700BF0060004043090122D5
:10A2F00000F01F0002FA00F02033044A42F8230065
:10A30000BFF34F8FBFF36F8F704700BF00E100E0D6
:10A310007047FFFF38B50A4D2B78BFF35B8F13F002
:10A3200001040BD1284605F028F838B1054B284622
:10A330001C6005F02EF8044802F0D5FD014838BD38
:10A34000CC190020D019002011A301002AB9304BEC
:10A35000C031012243F821207047012A03D1C031C6
:10A360002B4B0222F6E7022A03D1C031284B0322ED
:10A37000F0E7032A03D1C031254B0422EAE7042A7F
:10A3800003D1C031224B0522E4E7052A03D1C031B5
:10A390001F4B0622DEE7062A03D1C0311C4B0722E1
:10A3A000D8E7072A03D1C031194B0822D2E7082A7F
:10A3B00003D1C031164B0922CCE7092A03D1C031A1
:10A3C000134B0A22C6E70A2A03D1C031104B0B22D5
:10A3D000C0E70B2A03D1C0310D4B0C22BAE70C2A7F
:10A3E00003D1C0310A4B0D22B4E70D2A03D1C0318D
:10A3F000074B0E22AEE70E2A03D1C031044B0F22C9
:10A40000A8E70F2AA8D1C031014B1022A2E700BF54
:10A410000060004032B91A4BC0315D2243F8212060
:10A4200001207047012A05D1C031154B652043F842
:10A430002100F5E7022A03D1C031114B6D22EDE76F
:10A44000032A03D1C0310E4B7522E7E7042A03D15A
:10A45000C0310B4B7D22E1E7052A03D1C031084B07
:10A460008522DBE7062A03D1C031054B8D22D5E7D3
:10A47000072A03D1C031024B9522CFE70020704755
:10A480000060004032B9C031074B1E2243F8212042
:10A4900001207047012A05D1C031034B212043F828
:10A4A0002100F5E70020704700600040F8B50E4637
:10A4B00001681B4B1F29054617469C682CD833683A
:10A4C00093F91220213201D00120F8BD7268403486
:10A4D00082B11A7CFFF79EFF0028F5D0326808236E
:10A4E00053742B689374A7B90E4A44F823200133A0
:10A4F0002B60EAE7B2688AB11A7CFFF7C3FF002835
:10A50000E2D03268082353742B6893740FB9064A5B
:10A51000EBE744F82370EAE70020D6E71046D4E7DB
:10A5200000ED00E09D830100399101002AB9064B3E
:10A53000C031362243F821207047012AFCD1C031B6
:10A54000014B3B22F6E700BF006000402AB9064BF2
:10A55000C031352243F821207047012AFCD1C03197
:10A56000014B3A22F6E700BF006000402AB9064BD3
:10A57000C031372243F821207047012AFCD1C03175
:10A58000014B3C22F6E700BF006000402AB9064BB1
:10A59000C031382243F821207047012AFCD1C03154
:10A5A000014B3D22F6E700BF006000402AB90C4B8A
:10A5B000C031992243F821207047012A03D1C031CC
:10A5C000074B9F22F6E7022A03D1C031044BA42295
:10A5D000F0E7092AF0D1C031014BA922EAE700BF18
:10A5E000006000402AB90C4BC031982243F821206A
:10A5F0007047012A03D1C031074B9E22F6E7022A99
:10A6000003D1C031044BA322F0E7092AF0D1C031B5
:10A61000014BA822EAE700BF006000402AB90C4BBA
:10A62000C0319A2243F821207047012A03D1C0315A
:10A63000074BA022F6E7022A03D1C031044BA52222
:10A64000F0E7092AF0D1C031014BAA22EAE700BFA6
:10A65000006000402AB90C4BC0319B2243F82120F6
:10A660007047012A03D1C031074BA122F6E7022A25
:10A6700003D1C031044BA622F0E7092AF0D1C03142
:10A68000014BAB22EAE700BF006000402AB9064B4D
:10A69000C031AE2243F821207047012AFCD1C031DD
:10A6A000014BB322F6E700BF006000402AB9064B19
:10A6B000C031AD2243F821207047012AFCD1C031BE
:10A6C000014BB222F6E700BF006000402AB9064BFA
:10A6D000C031B12243F821207047012AFCD1C0319A
:10A6E000014BB622F6E700BF006000402AB9064BD6
:10A6F000C031B02243F821207047012AFCD1C0317B
:10A70000014BB522F6E700BF006000402DE9F84F8D
:10A71000B44B9F6803681F2B0446154603D90020DD
:10A7200062B6BDE8F88F403772B6012940F09080DC
:10A73000002AF4D09368213340F0888003681268BF
:10A740001A441F2AEBD86A68DFF8B48247F823203E
:10A75000C033332248F8232090F90000FFF7C6FDEC
:10A7600094F90030C0330C2158F823206FF31042C5
:10A7700048F8232094F90000FFF78AFD94F90000BF
:10A78000FFF79AFD2368AB605A1C69682260C133E9
:10A7900047F82210342248F8232094F90000FFF7EC
:10A7A000A5FD94F90030C0330C2158F823206FF335
:10A7B000104248F8232094F90000FFF769FD94F94E
:10A7C0000000FFF779FD236869685A1CC1332260D5
:10A7D00047F82210312248F8232094F90000FFF7AF
:10A7E00085FD94F90030C0330C2158F823206FF315
:10A7F000104248F8232094F90000FFF749FD94F92E
:10A800000000FFF759FD236869685A1CC1332260B4
:10A8100047F82210322248F8232094F90000FFF76D
:10A8200065FD94F90030C0330C2158F823206FF3F4
:10A83000104248F8232094F90000FFF729FD94F90D
:10A840000000FFF739FD236801332360012067E72B
:10A8500002290DD1002A3FF462AF93682133F5D16C
:10A860000068136818441F288CBF0020012057E798
:10A87000032911D1002A3FF452AF92F9123021334B
:10A88000E4D10E2353740168574B917447F821307B
:10A89000127CFFF7F7FDD6E7042949D1002A3FF4DF
:10A8A0003EAF92F90730213331D101680B1D202BC7
:10A8B0003FF635AF0C264D4BD171967147F82130DC
:10A8C0001278FFF773FE0168494B0131016069722C
:10A8D0002E7247F821302A78FFF7A0FE0168454B19
:10A8E0000131016069712E7147F821302A78FFF734
:10A8F00079FE0168404B01310160AE72E97247F8A0
:10A9000021302A78FFF7A6FE03680133036095F92A
:10A910000700FFF7D1FC95F90900FFF7CDFC95F989
:10A920000500FFF7C9FC95F90B00FFF7C5FC8DE7A3
:10A93000002940F09480002A3FF4F1AE137A3BBB2B
:10A94000126892F90D3021331ED10C231373036862
:10A9500053732A4A47F82320C033294A262142F854
:10A9600023102B68686893F90D101B7B01F160427E
:10A970001B0102F56142DBB282F80033214B43F840
:10A9800021002368013323602B6893F90D00CCE785
:10A99000012B39D1126892F90F3021331ED10C23CB
:10A9A00093730368D373154A47F82320C033144ABE
:10A9B000272142F823102B68686893F90F109B7BBE
:10A9C00001F160421B0102F56142DBB282F8003303
:10A9D0000C4B43F821002368013323602B6893F963
:10A9E0000F00A2E700ED00E039910100CD58010011
:10A9F0003D5B0100B95901007D5B0100D56A010092
:10AA00000060004030190020022B7FF488AE1268ED
:10AA100092F9113021331ED10C231374036853743F
:10AA2000A84A47F82320C033A74A282142F8231018
:10AA30002B68686893F911101B7C01F160421B01BF
:10AA400002F56142DBB282F80033A04B43F82100EB
:10AA50002368013323602B6893F9110065E705290A
:10AA600073D1002A3FF45BAE16680C23737396F91A
:10AA70000F30213348D101680B1D202B3FF64FAE1C
:10AA8000F1733278DFF87882DFF84092FFF74EFDFD
:10AA900090F9003008EB03024FF0C00A82F800A3DF
:10AAA000016849F8236001312B680160B1731A789D
:10AAB000FFF74CFD90F9003008EB030282F800A389
:10AAC000016849F8236001312B68016031741A78FC
:10AAD000FFF74CFD90F9003008EB030282F800A369
:10AAE000016849F8236001312B68016071741A789C
:10AAF000FFF74CFD90F90030984488F800A349F81E
:10AB0000236003680133036096F90F00704B47F828
:10AB1000203096F90E306F4A47F8232096F910300E
:10AB20006D4A47F8232096F911306C4A47F82320E4
:10AB3000FFF7C2FB96F90E00FFF7BEFB96F9100077
:10AB4000FFF7BAFB96F91100EFE6062956D1002A65
:10AB50003FF4E5AD16680C23737396F90F3021337B
:10AB600041D10168CB1C202B3FF6D9AD5C4BF17372
:10AB700047F821303278DFF88881DFF85091FFF70D
:10AB800015FD90F9003008EB03024FF0C00A82F87F
:10AB900000A3016849F823600131524B0160B17391
:10ABA00047F821302B681A78FFF71CFD90F9003028
:10ABB00008EB030282F800A3016849F82360013121
:10ABC000494B0160317447F821302B681A78FFF740
:10ABD00025FD90F90030984488F800A349F82360D7
:10ABE00003680133036096F90F00FFF765FB96F9E0
:10ABF0000E00FFF761FB96F9100096E607294CD18D
:10AC0000002A3FF48CAD556840F60C432B8295F931
:10AC10000D30213320D101680B1D202B3FF67FAD75
:10AC200069732A78FFF782FC0168013101602A7894
:10AC30002973FFF78BFC0168013101602A78A97341
:10AC4000FFF794FC0168013101602A78E973FFF78E
:10AC50009DFC03680133036095F90D00234B47F811
:10AC6000203095F90C30224A47F8232095F90E3010
:10AC7000204A47F8232095F90F301F4A47F8232030
:10AC8000FFF71AFB95F90C00FFF716FB95F90E007C
:10AC9000FFF712FB95F90F0047E6082932D1002A89
:10ACA0003FF43DAD92F9023021337FF4CFAD0C2358
:10ACB00053700168114B917047F821301278FFF7FB
:10ACC00045FBC0E53D6B01000060004030190020ED
:10ACD000B97A01007D790100A57B0100697C010042
:10ACE0004D6801002D680100E56901004172010015
:10ACF00015710100E97201007D730100A97D010059
:10AD000000E100E0092978D1002A3FF408AD566837
:10AD100096F90230213365D101680B1D202B3FF6D7
:10AD2000FEAC92F808A0AC4BD2F80090B1704FF096
:10AD3000060B86F806B0524647F82130FFF7A6FC0E
:10AD4000A64D96F90220B379DFF8BC82A9181B0141
:10AD5000DBB281F800330168A14B48F82290013141
:10AD600001605246717086F805B047F82130FFF750
:10AD70009DFC96F901207379A9181B01DBB281F8BB
:10AD800000330168974B48F8229001310160524628
:10AD9000317186F808B047F82130FFF7A7FC96F923
:10ADA0000420337AA9181B01DBB281F80033016853
:10ADB0008D4B48F82290013101605246F17086F8BF
:10ADC00007B047F82130FFF781FC96F90320F379AB
:10ADD00015441B01DBB285F80033036848F8229064
:10ADE0000133036096F90200FFF766FA96F9010055
:10ADF000FFF762FA96F9040097E50A297CD1002A48
:10AE00003FF48DAC566896F90230213365D1016864
:10AE10000B1D202B3FF683AC92F808A0734BD2F8A1
:10AE20000090B1704FF0060B86F806B0524647F816
:10AE30002130FFF7BBFB694D96F90220B379DFF8AB
:10AE4000C881A9181B01DBB281F800330168684B87
:10AE500048F82290013101605246717086F805B0C1
:10AE600047F82130FFF7BEFB96F901207379A91846
:10AE70001B01DBB281F8003301685E4B48F8229079
:10AE8000013101605246317186F808B047F821302F
:10AE9000FFF7E0FB96F90420337AA9181B01DBB217
:10AEA00081F800330168544B48F822900131016069
:10AEB0005246F17086F807B047F82130FFF7AEFB35
:10AEC00096F90320F37915441B01DBB285F80033B2
:10AED000036848F822900133036096F90200FFF7F7
:10AEE000EBF996F90100FFF7E7F996F90400FFF78F
:10AEF000E3F996F9030018E50B297FF410AC002A5A
:10AF00003FF40DACD2E900150C232B7595F91530E3
:10AF1000213356D10368DA1C202A3FF600AC374AA9
:10AF20006B7547F823202A6822B9C033344A4A2077
:10AF300042F8230095F915002B7D324E00F1604256
:10AF400002F561421B01DBB282F8003322682E4B0E
:10AF500043F82010501C2060A87547F8206028682E
:10AF600020B9C13226484D2640F8226095F9166076
:10AF70002A7D06F1604000F561401201D2B280F8EE
:10AF80000023226843F82610501C204E2060E875EC
:10AF900047F82060286820B9C13219484E2640F889
:10AFA000226095F917602A7D06F16040120100F5D4
:10AFB0006140D2B280F8002343F8261023680133A1
:10AFC000236095F91500FFF777F995F91600FFF75B
:10AFD00073F995F91700A8E4254E010000E100E09F
:10AFE000894D0100DD4F0100FD4E0100816101002E
:10AFF000E9610100996201005D620100F58B0100C9
:10B0000000600040C98C010030190020E18D010072
:10B0100008B53C220021024805F0EDF908BD00BF4B
:10B02000D419002070B50024064D264655F824009A
:10B0300020B12C2104F0BCF945F8246001340F2C18
:10B04000F4D170BDD419002001207047036840F28C
:10B0500013421B6A184790F83D34002BFBD0704711
:10B06000D0F82C322BB1D0F82832184490F82400B4
:10B0700070474FF0FF30704713B5044690F8A804AE
:10B080008DF80710002378B184F83C34012284F84D
:10B090003D340DF1070104F58860FAF70DF894F8D6
:10B0A0003C34002BFBD0012002B010BD0023C0F8BF
:10B0B0002432C0F82832C0F82C32C0F83034C0F83E
:10B0C0003434C0F8383400F58860FAF76FB813B537
:10B0D000EFF3108300930123019372B6019B5A1E74
:10B0E00001923BB1D0F82C426846F5F775FB20463B
:10B0F00002B010BD6846F5F76FFB4FF0FF34F6E77E
:10B100000268224B53F8223013B54BB10279042A5E
:10B110000CD0802A06D0022A02D1012283F83D24D5
:10B1200002B010BD012283F83C24F9E7D3F82C22A9
:10B13000B2F5007FF4D0007AEFF310820092012282
:10B14000019272B6019A013A511C1AD0D3F82C120E
:10B15000B1F5007F02F1FF3411D0D3F82412194465
:10B1600081F82400D3F824120131C1F30801C3F897
:10B170002412D3F82C120131C3F82C12E3E7224633
:10B18000E2E768460192F5F727FBC9E7101A0020AD
:10B1900013B5EFF3108300930123019372B6019B63
:10B1A0005A1E0192E3B1D0F82C32B3B1D0F8283254
:10B1B000034493F82440D0F828320133C3F3080342
:10B1C000C0F82832D0F82C32013BC0F82C32684647
:10B1D000F5F702FB204602B010BD4FF0FF34F6E752
:10B1E0006846F5F7F9FA4FF0FF34F3E738B504464F
:10B1F00000254FF47A70C4E90150A3611848049BFC
:10B20000E361C4E90412206029464FF4007204F19E
:10B21000240005F0F0F8C4F824524FF40072C4F88A
:10B2200028522946C4F82C5204F50C7005F0E3F8B6
:10B230000123C4F83054C4F83454C4F8385484F8A2
:10B240003C3484F83D34DF2384F8A85484F8773400
:10B2500084F8793484F8753484F87B34204638BD1A
:10B26000F086020010B50C46FFF754F82246042180
:10B27000BDE81040FFF74ABA38B590F8A834044644
:10B28000154600206BB184F83C0484F83D0404F5B5
:10B290008860F9F711FF94F83C34002BFBD0284666
:10B2A00038BD1D46FBE7FFFFF0B50369002B85B0F5
:10B2B000044602DA002005B0F0BD4269002AF9DB3D
:10B2C0008B42F7DA8A42F5DAD9B20022684602AE3A
:10B2D00003F0D2FF0122217D304603F0CDFF002292
:10B2E0003DF812500021AB11002D45D036F8120068
:10B2F000002841D036F8110083EA9017FF063BD1B1
:10B3000003F01F0323620028D4D0092BD2DC15F4EC
:10B31000F04F23691C4E0CBF4FF080624FF0A062CB
:10B3200036F8331010F4F04F42F4803217480CBF57
:10B330004FF080654FF0A065FBF78AFC6369134806
:10B3400036F8331045F480352A46FBF781FCA369B3
:10B350005A1C0FD0E26901320CD036F833100B487A
:10B360002A46FBF775FCE369084836F833102A468D
:10B37000FBF76EFC01209EE701310329B4D10132B5
:10B38000032AADD196E700BF68850200A4300020F3
:10B390002DE9F04104460E461546F9F77AF90146C3
:10B3A0002046FFF781FF84F8A804002800F0BD8044
:10B3B00094F891145E4B226A6FF3010184F89114A2
:10B3C000192143F82240A4F8921494F890340121F2
:10B3D00084F895140F2103F0E70384F89C144FF6CA
:10B3E000FF7143F04003A4F89E14A1696FF3820338
:10B3F00084F8903404F592670023013184F8943482
:10B4000084F89634C4F8987484F8A03405D0E169BF
:10B4100001311CBF082184F8A01484F8702404F2C0
:10B420009442C4F88C2440F213424FF6FF719542C7
:10B4300084F8A23484F8A334A4F8A414C4F888349B
:10B44000C4F88034C4F87C343ED02DD840F2114288
:10B45000954248D040F2124295424AD0354BC4F84A
:10B46000843404F58E6841462046FFF7FBFE94F8CD
:10B47000A834184084F8A80401213B4640F6B832AD
:10B480003046FAF761F994F8931429B93B4640F62F
:10B49000B8323046FAF758F904F58865414628462F
:10B4A000F9F72EFF78B3FEE740F23242954225D0FD
:10B4B00040F2334295420FD040F231439D42CDD10C
:10B4C000022384F871340AE0022284F8712484F89B
:10B4D000723484F87334C1E7022284F8712484F84A
:10B4E00072340123F5E7022284F8712484F872246F
:10B4F000EFE7022284F871240322F7E7022384F89D
:10B5000071340323EBE739462846F9F72DFE00B1E5
:10B51000FEE7C4F82402C4F82802C4F82C02C4F8D8
:10B520003004C4F83404C4F83804BDE8F08100BF26
:10B53000101A002001B1010007B54FF0FF3300934E
:10B54000172216210248FFF751FE03B05DF804FBF5
:10B55000381A002007B54FF0FF3300930022012175
:10B560000248FFF743FE03B05DF804FBE41E002031
:10B5700007B54FF0FF330093192218210248FFF757
:10B5800035FE03B05DF804FB902300200148FEF770
:10B590009BBB00BF3C2800200148FEF735BE00BF22
:10B5A0003C280020F8B5094F054600240126AA6C66
:10B5B00006FA04F3134205D007EB440261B22846B1
:10B5C000FDF70CFE01341D2CF1D1F8BD80280020C0
:10B5D000837870B5044683B90E4D2A68AAB10388F2
:10B5E0003BB90D48FFF7DEFF2B682078BDE87040BF
:10B5F0001847012BF8D10948F4E7012B05D00A2B95
:10B6000004D1074B1B68002BEFD170BD0B2BFCD175
:10B61000044BF7E774280020BC28002018290020DC
:10B62000782800207C280020F0B5044685B000284A
:10B6300043D0002380F83230C1F38415836C012796
:10B6400007FA05F21343836400F13001FDF79EFE13
:10B6500004AE04F148012046FDF7C8FD2046FDF781
:10B66000AFFD06F8047D9DF80C30012B04D1314666
:10B670002046FDF7ABFDF6E70DF10E022946204608
:10B68000FDF7ACFD0E4BBDF80E0093F83330052BE3
:10B690009CBF0C4AD2560C4B1B684FF0010101FABB
:10B6A00003F388BF00220093002301FA02F2194637
:10B6B00000F01CFA80B205B0F0BD4FF0FF30FAE7A1
:10B6C000BC2800201C8702004001002013B50A227C
:10B6D0000C46C1B2684603F0CFFDBDF800205AB158
:10B6E000064B074902F4F040B0F5006F0CBF184656
:10B6F0000846228002B010BD1046FAE71829002043
:10B70000BC280020F0B5012680F82560C0E90F2391
:10B71000022600F12403002540F60C4780F826603D
:10B720000186DF26032143644FF4C05380F8245080
:10B7300080F8275080F8285080F8295080F82A6037
:10B7400080F82B60878580F8325080F8331080F8BD
:10B75000345080F8355080F8366080F837600787BD
:10B76000C0E91255C0E91455A0F85850A0F85A3055
:10B77000F0BD10B50446406D10B1142103F018FE61
:10B78000204610BD37B50D28044602A998BF0E34D7
:10B79000002321F8023D2046FFF798FF074B05469E
:10B7A0004FF4004133F8340001F0A0FBBDF806105F
:10B7B0002846FFF739FF03B030BD00BF688502009F
:10B7C000042838B598BF104B104C98BF1D5CA36877
:10B7D00088BF002513B12046FDF7F8FE0C4984F818
:10B7E00028500C4CA1F13000FDF7D0FDA36813B137
:10B7F0002046FDF7EBFE084984F82850A1F13000FF
:10B80000BDE83840FDF7C2BD22870200BC280020F9
:10B81000EC2800201829002048290020FFFFFFFF06
:10B820002DE9F04D3C4B93F82830192B2DED028B70
:10B830006BD057D8012B62D0022B63D0374CD4ED9C
:10B84000007AF5EE407AF1EE10FA48D10020FFF7C9
:10B85000B7FF052001F0E6FB0FF2B40BDBE900AB0C
:10B860009FED2F8ADFF8C0800A251420FFF78AFF9A
:10B8700007EE900AF8EEE77A67EE887A17EE900AFC
:10B8800003F004FF52465B4603F058FFD8F800303F
:10B890000646012098400F4603F0E6FE02460B469E
:10B8A0003046394604F074F8064620680F4603F027
:10B8B000EDFE02460B463046394603F089FD04F0A2
:10B8C00035FA013D07EE900A2060CED1F2EE046A0F
:10B8D00087EEA67A052084ED007AFFF771FF94EDDC
:10B8E000000A08E01D2B04D01F2BA7D1B0EE040ADC
:10B8F00001E0B0EE000ABDEC028BBDE8F08D9FEDDB
:10B90000090AF8E79FED060AF5E7B7EE080AF2E73D
:10B91000295C8FC2F5A82040BC2800207429002093
:10B920003D0AB73F0000C07F40010020014B18686E
:10B93000704700BF3C010020F0B585B00E280646D8
:10B94000019115D10D22014602A803F095FCBDF826
:10B95000083003F4F042B2F5006F6FD013F4F86FC3
:10B960006CD10199364805B0BDE8F04001F0D4B97A
:10B97000344D2A6800239A4207D0E91809798E428B
:10B9800017D1063355F823400CBB402003F0E4FCEC
:10B990003146044601F0B2FA2B68132B0BD920462E
:10B9A00001F0B6FA4021204605B0BDE8F04003F0B2
:10B9B000FFBC0133DFE7EA18204616719A1D0133F8
:10B9C00045F822402B6001F0E5FA0028E7D01E4B35
:10B9D00033F836301A12120152FA83F31B4A52F826
:10B9E0002330DB0305D4204601F00CFB204601F098
:10B9F000D1FADDED017AF8EEE77A17EE900A03F05E
:10BA000045FE0022124B03F099FE124B1B680646BE
:10BA10000120984001380F4603F026FE02460B46EF
:10BA20003046394603F0B4FF04F080F900EE100A06
:10BA3000204605B0BDE8F04001F0C4BA05B0F0BD45
:10BA4000082B0020782900206885020000080440A7
:10BA5000000059403C01002030B5094B53F8144B0D
:10BA600000218C4207D053F8042F92F82450A842AA
:10BA700002D00131F5E7002202F1080030BD00BF1D
:10BA80007829002038B50E4C0E4D0F480023224671
:10BA90001946FFF737FE002301210C48FFF732FE5D
:10BAA00028460024214640F8044B142204F0A3FC4D
:10BAB0005022214605F1180004F09DFC38BD00BF5E
:10BAC000D1B5010078290020BC28002018290020C9
:10BAD00008B50448FFF74DFE0348BDE80840FFF7EE
:10BAE00048BE00BF18290020BC28002010B5029CC9
:10BAF000401AE41A6043521A90FBF2F0184410BD49
:10BB00002DE9F04F027D012A85B005460F4640F031
:10BB1000978000214FF0FF3B04460B465E4694F8A9
:10BB200004C048B2BCF1000F7CD194F805C0BCF150
:10BB3000000F77D1B6F1FF3F1BBF01335BB201238A
:10BB40003046934201DD1A4683460131082904F14B
:10BB5000020465D1002402EB0B03A1460293CB45FE
:10BB600002DC029B4B4560DC6E7995F804A04FEA3D
:10BB700026180AF00F035FFA88F25FEA2A1A019288
:10BB800006F00F0677D05FFA8AF1BAF1090FCABF43
:10BB90005731303149B23846039300F024FA039B01
:10BBA0000444092B8ABF03F1570103F1300149B264
:10BBB0003846039300F017FA0444BAF1000F04D199
:10BBC000039B13B9B8F1000F0DD0019BB8F1090F19
:10BBD000D4BF03F1300803F157084FFA88F1384613
:10BBE00000F001FA0444092E8ABF573606F13001ED
:10BBF00071B2384600F0F7F9B9F1070F044404D0E8
:10BC00003A21384600F0EFF9044409F10109B9F18D
:10BC1000080F05F10205A2D1204605B0BDE8F08F5E
:10BC200006467CE74FF0FF308FE7CB45EDD1BBF107
:10BC3000000FE5D13A21384600F0D5F90444DFE79A
:10BC400000F1100600F11309002416F8011B0A2266
:10BC5000384600F050FA2E218046384600F0C3F9ED
:10BC6000B14540440444F0D10A22E97C384600F052
:10BC700042FA0444D0E7002B93D1A3E710B5054B5B
:10BC800003600446017510220021043004F0B3FB68
:10BC9000204610BD8487020010B500210446FFF73E
:10BCA000EDFF204610BDFFFFF8B50F461D460021F1
:10BCB000084B03600446164601751022043004F058
:10BCC0009AFB9DF8183027746674A574E3742046B7
:10BCD000F8BD00BF8487020038B504460D46054B09
:10BCE0000360002101751022043004F084FB2561FB
:10BCF000204638BD8487020010B588B0CA7C0B7C12
:10BD000002928A7C01924A7C009210210446064AE3
:10BD10000DEB010005F0F0F804A9204600F08AFAC6
:10BD2000204608B010BD00BF2787020010B59AB0AA
:10BD3000CA7C0B790E928A7C0D924A7C0C920A7C0A
:10BD40000B92CA7B0A928A7B09924A7B08920A7BF1
:10BD50000792CA7A06928A7A05924A7A04920A7AF5
:10BD60000392CA7902928A7901924A790092044632
:10BD7000054A282110A805F0BFF810A9204600F0B8
:10BD800059FA20461AB010BD3387020010B50B7D5A
:10BD900004461BB9FFF7B0FF204610BDFFF7C6FFF2
:10BDA000FAE738B510220D4604460021043004F0AD
:10BDB00022FB691E00224FF0FF3311F9010F00B37F
:10BDC000A0F13005EDB2092D10D880B25D1CA0F1B4
:10BDD000300001D103B2F0E703EB830300EB430033
:10BDE00080B2FF2803B2E8D9002011E02E28FBD151
:10BDF000032AF9D0581CF7D0501C22441374C2B245
:10BE0000D9E7032A04D15A1C02D02075E37401201B
:10BE100038BD2DE9F84F0024064689464FF0FF371C
:10BE2000254699F90000002840D005F0EDF94FFAB9
:10BE300080F88246404609F1010B04F0ADF980B16B
:10BE4000B8F1660F02DD0020BDE8F88FB8F1600F91
:10BE500024DC08EB0515303DB5F5803FF3D2D9461B
:10BE6000DFE7B8F13A0FEED199F901303A2B1AD148
:10BE70000137E8D199F902303A2BE4D0002D0CBFFC
:10BE80002746671C09F1020B072CDCD006EB4403A4
:10BE90002A0A5D711A7101340025E0E7AAF127082A
:10BEA0004FFA88F8D5E7002BEED1CCE77A1C1BD1EE
:10BEB000072CC8D106EB44032A0A1A715D717B1C5A
:10BEC00021D00134E31B07F108015B00091B013B92
:10BED0007A004900002B0ADBD01830440579581845
:10BEE0003044013B0571F5E7062CE3DDABE7C4F117
:10BEF00008043C441346640000219C4203DDF21810
:10BF000001331171F9E7012030759DE738B504461A
:10BF10000D46FFF746FF28B929462046BDE83840C0
:10BF2000FFF777BF38BD08B50B46027D097D91420A
:10BF300008D1011D1022181D04F02AFAB0FA80F071
:10BF4000400908BD0020FCE7037D13B91031084407
:10BF500070470431FBE7FFFF07B501210648FFF7F3
:10BF60008DFE002300931A4619460448FFF79CFEF5
:10BF700003B05DF804FB00BFE0290020F829002091
:10BF80002DE9F04106460D4601EB02080C464445FA
:10BF9000A4EB050707D0336814F8011B1B68304673
:10BFA00098470028F3D13846BDE8F08170B50368A2
:10BFB000044608460D465E6805F04CF829460246E0
:10BFC00033462046BDE87040184709B1FFF7EEBF81
:10BFD0000846704703688A685B680968184708B5AF
:10BFE000FFF7F3FF08BD0368C9B21B6818470A686A
:10BFF0000B461268014618461047FFFF0149FFF73C
:10C00000D5BF00BF1779020038B50546FFF7E2FF3C
:10C0100004462846FFF7F2FF204438BD38B50546F0
:10C02000FFF7D3FF04462846FFF7E8FF204438BD5A
:10C0300038B50546FFF7DBFF04462846FFF7DEFF6D
:10C04000204438BD70B58AB00E460AA9002301F815
:10C05000043D012A98BF0A22B6FBF2F502FB1564E3
:10C06000E3B264B2092CD4BF303337335BB22E460F
:10C0700001F8013D002DEFD1FFF7A7FF0AB070BD19
:10C080002DE9F04107460E4615462AB90368C9B2A4
:10C090001B68BDE8F04118470A2A05D1002905DBD5
:10C0A000BDE8F041FFF7CEBFD2B2F9E72D21FFF78F
:10C0B0009AFF2A46044671423846FFF7C3FF2044E0
:10C0C000BDE8F081FFF7DCBF38B50546FFF7D8FFC4
:10C0D00004462846FFF792FF204438BD10B42AB921
:10C0E00003685DF8044B1B68C9B21847D2B25DF80B
:10C0F000044BFFF7A7BFFFF7F1BFFFF7EFBF10B586
:10C10000044600F0D7FFE060236820465B6998474B
:10C11000002808DA00F0CEFFE368C01AA36898424E
:10C12000F2D34FF0FF3010BD816070472DE9F04130
:10C1300080460D468F180C46BC42A4EB050607D07E
:10C140004046FFF7DCFF002802DB04F8010BF3E7B1
:10C150003046BDE8F081FFFF70B50D460949044641
:10C16000164600F067F82846FFF7C9FF002806DBEF
:10C1700041B2B14203D0204600F0D5F8F3E72046A3
:10C1800070BD00BF803E02000A6802604A684260DB
:10C1900000238A688260C1E900338B60704710B564
:10C1A0000446006808B104F087F8204610BD10B5B9
:10C1B0000446006808B104F07FF800232360C4E956
:10C1C000013310BD38B504460D460068013104F056
:10C1D00037FE10B1C4E90005012038BD036810B571
:10C1E000044623B143688B4201D3012010BD204691
:10C1F000FFF7E8FF0028F9D0A368002BF5D12268EB
:10C200001370F3E770B50E46114604461546FFF766
:10C21000E5FF20B92046FFF7CAFF204670BD2A4639
:10C220003146A560206804F0C2F82268A3680021A6
:10C23000D154F2E738B500230446C0E900338360E7
:10C240000D4639B1084604F005FF2946024620464E
:10C25000FFF7D8FF204638BD38B5054608460C46DE
:10C2600004F0F8FE214602462846BDE83840FFF7B4
:10C27000C9BF884210B50B46044604D0096821B1F5
:10C280009A68FFF7BFFF204610BDFFF790FFFAE75F
:10C2900010B500230446C0E900338360FFF7E9FFCF
:10C2A000204610BD10B5044619B1FFF7D5FF204652
:10C2B00010BDFFF77CFFFAE72DE9F0410546174670
:10C2C000884619B900263046BDE8F0819AB18468E5
:10C2D00014442146FFF782FF06460028F2D0AB68DF
:10C2E00028683A461844414604F061F82B68AC606F
:10C2F00000221A55E7E70126E5E78A680968FFF793
:10C30000DBBF38B5054608460C4604F0A3FE2146BF
:10C3100002462846BDE83840FFF7CEBF09B1FFF717
:10C32000F0BF0846704707B502AB012203F8011DB4
:10C330001946FFF7C1FF03B05DF804FB10B50446D2
:10C3400021B92046FFF733FF204610BDFFF7E6FF77
:10C350000028F6D0F8E7826808B532B969B191F9DA
:10C360000000B0FA80F0400908BD006811B990F9EA
:10C370000000F6E704F064FEF3E70120F4E710B5EF
:10C38000836814468A689B1AA3420AD3006838B1AE
:10C39000096841B1204404F065FEB0FA80F040091C
:10C3A00010BD0020FCE70846FAE782688B689A42D5
:10C3B00002D30022FFF7E3BF0020704708B58A6868
:10C3C000836893420BD3006840B1096849B19B1A56
:10C3D000184404F035FEB0FA80F0400908BD002092
:10C3E000FCE70846FAE783688B4203D9006810B17E
:10C3F00040567047002070478368934210B504464A
:10C4000002D84FF0FF3010BD0068104404F00BFE5E
:10C410000028F6D02368C01AF5E78368934210B568
:10C42000044602D84FF0FF3010BD00680968104480
:10C4300004F03FFE0028F5D02368C01AF4E700227C
:10C44000FFF7EBBFF8B59A420F461D460C4988BF6F
:10C4500013461446064684BF2C461D46FFF7EAFEE7
:10C46000BA68A2420AD93968AA4294BFC4EB020250
:10C47000C4EB050221443046FFF7C4FE3046F8BD48
:10C48000803E020003683BB1013B13F9010F18B174
:10C490008842FAD11A70F8E7704738B50446084662
:10C4A000A3688B4211D982B1591A8A4228BF0A4621
:10C4B00025689B1A8118A3601A1A2944284403F09E
:10C4C00081FF2268A3680021D15438BD4FF0FF32AC
:10C4D000FFF7E3BF10B504683CB1013C14F9010F4C
:10C4E00018B104F09EFE2070F8E710BD70B5056825
:10C4F00006461DB383680BB395F900006C1C03F06E
:10C5000054FE60B9B468621E3468144494F90000A3
:10C5100003F04BFE28B1A54203D8013CF6E72546BF
:10C52000EAE73068621C521BA842B26002D2294678
:10C5300003F048FF3268B3680021D15470BD006831
:10C5400008B103F01EBE70470F4B10494AF2025269
:10C55000A3F8FE230E4A11604FF42542A3F8FE23F0
:10C5600003F5E4231A886FF304121A80BFF34F8F88
:10C570000849094BCA6802F4E0621343CB60BFF379
:10C580004F8F00BFFDE700BF00E00140358173071A
:10C5900000E5014000ED00E00400FA05F8B5184B95
:10C5A0001B780546144646184BB11146154804F051
:10C5B0002FFC154804F02CFCAC4212D22C46134838
:10C5C000134D114F04F024FC0F4804F021FCB44239
:10C5D0000BD3104804F01CFC0B48BDE8F84004F0F5
:10C5E00017BCB44228BF3446E9E7226821462846F2
:10C5F00004F00EFC384604F00BFC0434E7E700BFFF
:10C60000002B0020F48E020017790200198F02001F
:10C610003E8F02008188020008B50F4B0F49186059
:10C620000F4B1A600F4B104A1A60104B9B1A104A9E
:10C630001360104A1160104A521A10490A603BB93F
:10C640000F4804F0E5FB0F48BDE8084004F0E0BBEC
:10C650000D4B01221A7008BDA82A002000400000DE
:10C66000042B0020B42A0020007B0020007F002043
:10C67000B02A0020A42A0020E4930200A02A00206F
:10C68000928E020017790200AC2A002008B5064BF2
:10C6900006481A68064B196804F0BAFB0548BDE85D
:10C6A000084004F0B5BB00BF042B00206F8E0200D1
:10C6B000A82A002017790200304B2DE9F04F1C68A2
:10C6C0002F4BD3F800E02F4B1D782F4B1E782F4BAC
:10C6D0001F682F4B1B688B4607EB030CDDB1CEB9EF
:10C6E0002C4B99695B690160013BBB4215D36345E3
:10C6F00013D8BBF1010F10D943600223A64426B121
:10C70000944203D8724528BF724614460437DFF8B6
:10C7100088802EE000252B46F0E735460123EDE723
:10C720002268D10724D5561EB74221D866451FD8A6
:10C730000F2B1DD832F8059C32F8032C02EA080AA8
:10C74000BAF5784F04D109EA0809B9F5704F04D059
:10C7500002F47F42B2F58E4F0AD15B4508D2022B1C
:10C7600003D115B14268B24202D040F823600133D0
:10C7700004347445D4D31846BDE8F08FB42A0020A1
:10C78000B02A0020B82A0020002B0020A42A002074
:10C79000A02A0020BC2A002000F8FFFF2DE9F0436A
:10C7A00091B0044640220021684603F024FE224650
:10C7B00010216846FFF780FF164FDFF870800646AD
:10C7C00000244FF02009B44213D1FCB1114B12499F
:10C7D0001248096804EBC4041C44002204F8012C2C
:10C7E0000F4A04F015FB0F4804F012FB11B0BDE82E
:10C7F000F08304EBC4053D445DF8242041462846FF
:10C8000004F0AEFB013485F80890DCE7064804F03C
:10C81000FFFAE8E7102A0020A82A0020648F02000F
:10C820005F8F020017790200A18F0200598F02006A
:10C830002DE9F0410D4B1B7886B006460D4643B9F5
:10C840000B4A0C490C4804F0E3FA0C4804F0E0FAF7
:10C85000FEE70B4B1A78BAB1054A0A49064804F0BC
:10C86000D7FA064804F0D4FAFEE700BFAC2A00204D
:10C87000888702009B870200A387020017790200C5
:10C88000B82A0020C1870200A64AA7481468A74A10
:10C89000A74FD2F8008001221A7004F0B9FAA54817
:10C8A00004F0B6FAFFF7F2FEA34804F0B1FAA1488B
:10C8B00004F0AEFAF6064CBF05F1200605F1680655
:10C8C000B44203D804EB0803B34201D201233B7006
:10C8D000204632464146FFF761FE3B78974C002BDD
:10C8E0003DD1974804F094FA924804F091FA2F69E8
:10C8F00027616F692A686B68A968E8686761AF6932
:10C90000ED6922606360A160E060A761E561049069
:10C910008C48CDE902108C498C48CDE900318C4B14
:10C920008C4904F075FA834804F072FAE3690493C1
:10C93000894B0393A3690293884B01936369009326
:10C940002269874B8749814804F062FA794804F0EC
:10C950005FFA854804F05CFA764804F059FA834B94
:10C96000834A1B682362834B1B7884F82430824BF4
:10C970001B68A362814B1B7884F82C30804B1B68AA
:10C980002363804B1B88A3867F4B1B681288E2635E
:10C990007E4AA363128822649D0705D57C4804F073
:10C9A00037FA644804F034FA94F83B30580640F102
:10C9B000278194F82430002B3CD0D90705D5754841
:10C9C00004F026FA5B4804F023FA94F824309A071E
:10C9D00005D5714804F01CFA564804F019FA94F889
:10C9E00024301B0705D56D4804F012FA514804F0B5
:10C9F0000FFA94F82430DF0605D5694804F008FAE8
:10CA00004C4804F005FA94F824309D0605D5654895
:10CA100004F0FEF9474804F0FBF994F824301806B6
:10CA200008D5990706D0A16A5F4804F0F1F941489A
:10CA300004F0EEF994F82C30002B46D0DA0705D537
:10CA40005A4804F0E5F93B4804F0E2F994F82C3038
:10CA50009B0705D5564804F0DBF9364804F0D8F9B1
:10CA600094F82C305F0705D5524804F0D1F93148CD
:10CA700004F0CEF994F82C301D0705D54E4804F08B
:10CA8000C7F92C4804F0C4F994F82C30D80605D521
:10CA90004A4804F0BDF9274804F0BAF994F82C305C
:10CAA000990605D5464804F0B3F9224804F0B0F9D8
:10CAB00094F82C301A0608D59F0706D5216B4148FB
:10CAC00004F0A6F91B4804F0A3F9A38E002B00F094
:10CAD000978094F83430DD0705D53B4804F098F989
:10CAE000144804F095F994F83430980705D5374880
:10CAF00004F08EF90F4804F08BF994F8343059079C
:10CB000005D5334804F084F90A4804F081F994F813
:10CB100034301A0760D52F4804F07AF9054804F03C
:10CB200077F959E0B42A002018790200B02A0020D1
:10CB3000002B002017790200CB870200BC2A0020BE
:10CB4000FF870200C68F0200CA8F02003E880200E3
:10CB5000BE8F0200C28F0200D68F0200DA8F020061
:10CB6000CE8F0200D28F02006788020024ED00E021
:10CB700030ED00E028ED00E034ED00E029ED00E0CC
:10CB800038ED00E02AED00E02CED00E03CED00E0A7
:10CB9000A6880200D2880200148902004F89020090
:10CBA00085890200B9890200058A02003A8A0200DA
:10CBB0006E8A0200A38A0200DA8A0200028B020057
:10CBC000288B0200668B02008D8B0200D38B020043
:10CBD0001F8C02007E8C020094F83530DB0705D5EF
:10CBE000274804F015F9274804F012F994F8353075
:10CBF0009F0705D5244804F00BF9224804F008F9F2
:10CC000094F93B30002B34DAE36B002B31D094F8ED
:10CC10003C30DD0705D51D4804F0FAF8194804F04A
:10CC2000F7F894F83C30980705D5194804F0F0F867
:10CC3000144804F0EDF894F83C30590705D5154830
:10CC400004F0E6F80F4804F0E3F894F83C301A07D3
:10CC500005D5114804F0DCF80A4804F0D9F894F836
:10CC60003C30DB0605D50D4804F0D2F8054804F049
:10CC7000CFF8304606B0BDE8F041FFF78FBD00BFEA
:10CC8000C58C020017790200178D0200818D020009
:10CC9000B18D0200E48D0200108E02003F8E020072
:10CCA00070466946FFF7C4FDFEE7FFFF73B5002538
:10CCB000044680F830500D2268460E4602F0DCFA39
:10CCC000BDF800306363C3F3841203F4F043B3F59B
:10CCD000006F84F838602574E5746574A574657513
:10CCE00022750CD004F11003A361064BE361064BDF
:10CCF0002362064B6362064BA362064BE362204647
:10CD000002B070BD558A01004D8B0100DD8A010023
:10CD1000E98A0100198B010073B50D460446FEF740
:10CD200005FE012606FA00F0A84203DAFEF7FEFD32
:10CD300006FA00F594F8300050B9012384F8303039
:10CD400094F83810144B154A33F83110F9F780FF76
:10CD5000636B03F4F043B3F5006F1BD0FEF7E6FD01
:10CD60004FF4805300930122002382401946284645
:10CD7000FEF7BCFEE369054604F11401204698471E
:10CD8000636AA9B220469847A36A204602B0BDE86C
:10CD90007040184702B070BD688502000080010A2B
:10CDA0000E210148FFF782BF082B0020042911D86B
:10CDB000DFE801F0030C0A030E000022064B33F8F3
:10CDC00030100020F9F744BF1022F7E70422F5E7FE
:10CDD0008422F3E7704700BF68850200044B0A1CF9
:10CDE00018BF012233F830100020F9F7CBBE00BF86
:10CDF0006885020007B5084B0DF1070233F83010C3
:10CE00000020F9F7B1FE9DF80700003018BF01209F
:10CE100003B05DF804FB00BF68850200EFF31080EB
:10CE2000012383F31088064B196819B9054AD1709C
:10CE30004021D1701A6801321A6080F3108870475F
:10CE40002C190020000D0440704770471A4A38B56D
:10CE50000023938072B61949194A1A4C0A6018596E
:10CE6000D0500433402BFAD1174D002302F140007B
:10CE70005C59C4500433802BFAD1144B9A60BFF331
:10CE80004F8F62B60B68124ADA601249124A134891
:10CE9000FFF7C2FBFFF7C2FFF7F7FEFBFEF7C0FC90
:10CEA00000F0D2F8FFF7D1FFE7F7ECFAFFF7CCFF7D
:10CEB000E7F774F9FCE700BF000D0040442B0020A9
:10CEC000007F0020004000004040000000ED00E036
:10CED000A1CC0100EB4C0200DE8F0200EB8F0200C0
:10CEE00008B5FFF7B3FF00207047FFFF0A46014671
:10CEF0000148F9F7ADBE00BFA430002010B50023F3
:10CF00000446016003710830FCF7DEFE204610BDC8
:10CF100010B504460830FDF777F9204610BDFFFF35
:10CF20000368002B13B5044602DA002002B010BDDE
:10CF30008B42FADAD9B20722684602F09DF9BDF8B1
:10CF40000030002BF1D003F03E01C3F38412A1F1B5
:10CF50001800E2714242424113F4F04F14BF012322
:10CF600000236271A371074A074B2068182918BF74
:10CF70001A46064B33F830100548F9F769FE0120D0
:10CF8000D4E700BF00000101000001036885020032
:10CF9000A430002010B50446F7F77BFB014620467D
:10CFA000FFF7BEFF40B16179E279A37904F108008F
:10CFB00001B10121FDF79EF8207110BD8279083082
:10CFC000FDF7C8B810B504462DED028B0830B0EE61
:10CFD000408AFDF71EF807EE900AF8EE677A9FED9B
:10CFE000087A27EE880ABDEC028BC0EE077A20464D
:10CFF000BDE81040FDEEE77A17EE901AFFF7DEBFAE
:10D000000000C84210B504460830FDF7D9F80023E7
:10D01000237110BD024A136801331360704700BFCB
:10D02000802B00200121FCF701BC704770B5054C36
:10D030002568064623685B1BB34202D2FFF7F5FF63
:10D04000F8E770BD802B002030B5164B164C196ADE
:10D05000164B87B0012203930323CDE9012300255A
:10D06000134B04951B68C1F302608340C1F3022196
:10D07000CB4020464FF4FA51B3FBF1F3294600931D
:10D080002B46FCF72DFE2A4608212046FDF7D8F84E
:10D090002046FCF7F0FF204607B0BDE83040FDF722
:10D0A00011B800BF00E00140482B002015D001005E
:10D0B000BC190020014B1868704700BF802B00206E
:10D0C0001C4A92F91E30002B30B50DDB59090120A6
:10D0D00003F01F0300FA03F32031174840F8213012
:10D0E000BFF34F8FBFF36F8F144B15491D680B882B
:10D0F0009CB20B7A9B0604D51369B4EB530F88BF1F
:10D10000013592F91E10002908DB0123480901F0BE
:10D110001F0103FA01F1084B43F820101269531E56
:10D120001B1B4FF47A704343B3FBF2F300FB053053
:10D1300030BD00BF482B002000E100E0802B002024
:10D14000004008400148FCF7BFBD00BF482B00204D
:10D150000148FDF759B800BF482B002070B500F119
:10D1600010050446284600F0C6FD3F2815D9E17891
:10D17000002000F019FF80B1284600F0BCFD3F28D8
:10D18000E17807D904F50A7240230020BDE8704019
:10D1900000F026BF002000F015FF002070BDFFFF4B
:10D1A00010B5044600F098FE08B9002010BD00F04C
:10D1B0009BFE0028F9D1044B4FF42A7202FB043481
:10D1C000207900F00100F1E7842B002008B5044A23
:10D1D0004FF42A7303FB0020103000F075FD08BDEA
:10D1E000842B002070B54FF42A730A4C58434FF635
:10D1F000FE764FF6FF732518B24288BF1A461030EC
:10D2000092B2204400F098FD04462846FFF7A6FF9E
:10D21000204670BD842B0020034A4FF42A7303FB81
:10D220000020103000F09BBD842B00202DE9F04140
:10D23000054600F051FE10B90020BDE8F08100F075
:10D2400053FE07460028F7D14FF42A746C43174D5C
:10D2500004F11C062E44304600F036FD0028EBD0C9
:10D2600005EB0408384698F8021000F09DFE0028EF
:10D27000E2D004F51A74254429464022304600F0D5
:10D280005BFD98F80210044658B103462A4638461A
:10D2900000F0A6FE38B9064B1B68DB07CCD500BEF4
:10D2A000CBE700F08FFE2046C7E700BF842B0020AD
:10D2B000F0ED00E00E4B70B54FF42A7404FB00341F
:10D2C00005464FF6FF734FF6FE70824288BF1A463E
:10D2D0001C3492B2204600F046FD0646204600F07F
:10D2E000F3FC3F2802D92846FFF7A0FF304670BD67
:10D2F000842B002008B5044A4FF42A7303FB002056
:10D300001C3000F0F8FC08BD842B002013B5134C32
:10D310004FF42A720021204603F06DF8FF23637159
:10D320004FF4E133A36008220023A381A27300938A
:10D3300004F1280101234FF4807204F1100000F081
:10D34000ACFC012300934FF4807204F5947104F156
:10D350001C0000F0A2FC02B010BD00BF842B002016
:10D3600010B50A4C00210522204603F044F804F1D0
:10D3700010001C3400F0FDFC204600F0FAFC2046B2
:10D380000121BDE8104000F0F9BC00BF842B002053
:10D39000F7B54B79022B074603D00024204603B093
:10D3A000F0BD8B79022BF8D11F4EB3787BBB8B7805
:10D3B00033700D7809240D4403E02B781C44A4B28B
:10D3C0001D446B78242B1BD19442F6D96B78042B27
:10D3D00012D16B790A2B0FD1144B2E7801930133A4
:10D3E000009302231A46A919384600F0A9FD70B12E
:10D3F0000E3416FA84F4A4B20B48FFF7AFFECDE763
:10D40000052BE3D12946384600F076FD28B9084BB4
:10D410001B68DB07C1D500BEBFE7AB7873702B7804
:10D420001C44A4B21D44D1E7842B0020862B00208D
:10D43000F0ED00E038B50B461146127802F06002BC
:10D44000202A47D1244A8C881578A54242D14C78AD
:10D45000203C032C3ED8DFE804F002141731012BE6
:10D4600005D107231D4A01F051F9012038BD032BD6
:10D47000FBD11B4B002BF8D01849002001F050FEC7
:10D48000F3E7012BF1D1ECE7012B02D101F026F9F2
:10D49000EBE7032BE9D14C881471E14301F0010162
:10D4A000104800F06BFC104B002BDED0C4F34002A0
:10D4B00004F00101002001F01FFED6E7012BE5D0AA
:10D4C000032BD2D1094B002BCFD049880020AFF3DA
:10D4D0000080CAE70020C9E7842B00208C2B0020A5
:10D4E00021F10100A02B0020F9F001000000000054
:10D4F0002DE9F0471C46374BDA788A4280460F46C2
:10D500001D4607D09B788B4259D1AB78BB4234D0B3
:10D5100001245BE003F50A7103F11000A2B200F0F0
:10D5200022FC2D4B2BB92D4BFBB92A48FFF716FED9
:10D53000EBE795F905300133F5D005F2272606EB28
:10D540000409A6F2172A4E45EDD095F9052016F8E4
:10D55000013F9A42F7D1504600F0C6FB0028F2D1B5
:10D5600095F90510AFF30080EDE71D4800F0BCFB16
:10D570000028DAD1AFF30080D7E71A4B13B10020AF
:10D58000AFF300800020FFF751FE0028C0D11648FD
:10D5900000F09AFB0028BBD1002CB9D014F03F0654
:10D5A000B6D1A978404600F0FFFC04460028AFD071
:10D5B00033463246A978404600F012FD06E00B4B98
:10D5C0001C6814F0010401D000BE00242046BDE810
:10D5D000F08700BF842B0020000000000000000046
:10D5E000942B002000000000A02B0020F0ED00E0B4
:10D5F0008C220021014802F0FEBE00BF2C2E00202C
:10D600000020FFF7F5BFFFFF2DE9F7430E46074661
:10D610007379032B114604D00024204603B0BDE8E3
:10D62000F0833279C2EBC2041234A4B28C4205D921
:10D63000234B1B68DA07EFD500BEEDE7214D95F8C7
:10D6400001E0A846BEF1000FF2D196F800C006EB4B
:10D650000C0191F80190B9F1210FE9D1C5F88810BA
:10D6600016F80CC005F1010E0235CDF804E0009566
:10D67000614400F065FC0028DAD0B37998F8021014
:10D68000012B04BFF37988F80330012388F80430B4
:10D69000B37888F80030D8F88830B3F80730A8F8A5
:10D6A00006300029B9D04023074A384600F098FCDC
:10D6B0000028B2D1024B1B68DB07AED500BEACE739
:10D6C000F0ED00E02C2E0020742E002013782DE9C0
:10D6D000F341154603F01F02012A06460C4601D00D
:10D6E00000246DE0DFF8C081AA8898F80010D2B25B
:10D6F00091424746F4D113F060031FD0202BEFD1A5
:10D700006B78013B0A2BEBD801A252F823F000BF43
:10D7100083D701004BD8010057D80100E1D60100A2
:10D72000E1D60100E1D60100E1D60100E1D6010019
:10D73000DDD7010027D8010063D80100012C01D0FA
:10D7400001243DE06A78062ACAD16A88120A212A91
:10D750000AD1D8F88820002AC2D01378294602B00E
:10D76000BDE8F04100F0D2BF222AB9D1184601F03D
:10D7700021FDB8F8063002462946304600F0C6FFC3
:10D780001EE0012CDCD1EB886988402B4FEA112286
:10D79000184628BF402011F0FF0115D0012B13D9E6
:10D7A0000138384B397280B20090002001F060FDE2
:10D7B0000444A4B25CB9344B1B68DB0790D500BEAF
:10D7C000204602B0BDE8F0810024304BECE7234650
:10D7D0002E4A2946304600F099FFB1E7012C05D1C9
:10D7E000EB88402B3FF67CAF294AC5E7032CA7D135
:10D7F000EB886988402B4FEA1122184628BF402049
:10D8000011F0FF010DD0012B0BD997F848308B4256
:10D8100007D101381F4B80B20090002001F02AFD93
:10D820008EE71B4BF8E7012C8AD169881A4B090A4D
:10D8300079712BB10020AFF3008000283FF450AF86
:10D840002946304600F04AFF7AE7012C7FF478AF92
:10D850002346124A90E7012C7FF472AF2346104A08
:10D860008AE7012CECD0032C7FF46AAF69880D4B5A
:10D87000C9B23971002B3FF463AF0020AFF30080D1
:10D880005EE700BF352E0020F0ED00E0342E0020D2
:10D89000742E0020752E002000000000312E002084
:10D8A000302E0020000000002C2E002037B51A4C2E
:10D8B000A2788A420546607813D088420AD1174A76
:10D8C00012B9012003B030BD9AB215490020AFF360
:10D8D0000080F6E7134B1B68DB0700D500BE002075
:10D8E000F0E79042EBD000229BB211461046009325
:10D8F00004F1480301F0BEFC402304F14802A17882
:10D90000284600F06DFB0028DBD1064B1B68DA07C8
:10D91000E5D500BED6E700BF2C2E00200000000099
:10D92000342E0020F0ED00E00A4492B291424FEA1A
:10D93000400001D8824201DB121A92B210467047B1
:10D9400038B50D46D41A8188A4B29A423CBF04EB84
:10D950004104A4B2BCB1A14205D2914294BF531A72
:10D960008B189BB2438199420AD9C2880168C2F3DD
:10D970000E0202FB0311284602F019FD012038BDFA
:10D980005B1A9BB2EFE72046F9E7F7B5044690082B
:10D9900003460D464FF6FF76013B9BB2B3420ED1D4
:10D9A00012F0030201EB800107D002A8002340F827
:10D9B000043D02F0FCFC019B236003B0F0BD55F870
:10D9C000047B2760E8E72DE9F3470F46BDF82810F0
:10D9D00084885E1AB6B28B423CBF06EB4406B6B2F0
:10D9E00080466EB3B44206D29C4294BF191BE11824
:10D9F00089B241812646964228BF16468C4223D9D9
:10DA0000B8F80630D8F80050C3F30E03641A9AB27F
:10DA1000A4B202FB01559DF82C10A6EB040914FBDF
:10DA200003FA19FB03F901291FFA8AFA1FFA89F987
:10DA300018D0A6420BD872432946384602F0B7FCEC
:10DA4000304602B0BDE8F087091B89B2D6E75246DE
:10DA50002946384602F0ABFC4A46D8F8001007EBDE
:10DA60000A00EBE7A64207D816FB03F292B229465A
:10DA70003846FFF78AFFE3E72AF00304A4B2224600
:10DA800029463846FFF781FF1AF0030A28D0CAF169
:10DA900004039BB24B4505EB040102AC28BF4B4687
:10DAA0000020A9EB030944F8040D1FFA89F90A5C68
:10DAB0000255421C92450CD1D8F8001020440B446A
:10DAC000994208D1019B3B60B9F1000FB8D04A469A
:10DAD000CEE71046EBE711F8012B00F8012FEFE736
:10DAE000D8F80010F0E7F7B59408234605464FF63E
:10DAF000FF76013B9BB2B3420CD112F0030200EB64
:10DB0000840005D00B6802A941F8043D02F04FFCE7
:10DB100003B0F0BD0F6845F8047BEAE72DE9F74F45
:10DB20001446C2790589B0F804800F4641899B46A6
:10DB3000D3090646ADB289B215D18D4236BFC1EBCD
:10DB40004801691A491989B2414536BFA8EB01015C
:10DB5000002189B28C4228BF0C46002C50D12046AF
:10DB600003B0BDE8F08F44450CD3BBF1000F06D1E4
:10DB7000C288A4EB0804C2F30E0202FB04770D4630
:10DB80004446EAE78D424FEA480036BF421A6A1A15
:10DB9000521992B222448242DFDBA8EB040292B215
:10DBA0004046FFF7C1FE0546D7E7ACEB080C1FFA6D
:10DBB0008CFCC445F9D2A8EB0C01F088336889B21B
:10DBC000C0F30E00A4EB010982B211FB00FA19FBAD
:10DBD00000F9BBF1010F1FFA8AFA1FFA89F902FB5B
:10DBE0000C3819D08C420DD862433946404602F0B9
:10DBF000DEFB22462946B088FFF796FE3081AEE76D
:10DC0000AC46D6E752463946404602F0D0FB4A467B
:10DC100007EB0A013068EAE78C4207D814FB00F2F0
:10DC200092B239464046FFF75EFFE2E72AF0030B67
:10DC30001FFA8BFB5A4639464046FFF754FF1AF04D
:10DC4000030A28D0CAF1040080B2484502AB28BFBD
:10DC500048463A6843F8042DA9EB0009D8441FFA56
:10DC600089F90021CA5C08F8012001318A45F9D1FF
:10DC70009A4433680AEB00015A1E514506D11844F4
:10DC8000B9F1000FB5D04A463946CCE71AF801CBB6
:10DC900002F801CFF1E73068F2E7B2F5004F11D892
:10DCA0008280C288016063F30E029DF80030C2805A
:10DCB000C2F3072263F3C71200234381C2710381B9
:10DCC00001207047002070470389428981889BB2F8
:10DCD00092B2934236BFC2EB41029B1A9B1898B294
:10DCE000884228BF08467047028943899BB29B1A25
:10DCF0005842584170478288038940899BB280B25C
:10DD0000834236BFC0EB4200181AC01880B282426C
:10DD100086BF101A80B20020704710B5028943896F
:10DD20000446FFF70DFE6189034682B2A088FFF723
:10DD3000FBFD6081184610BD73B503894589002637
:10DD4000CDE900560446FFF73EFE618903460246D0
:10DD5000A088FFF7E9FD6081184602B070BD028916
:10DD60004389FFF7EDBD12B10023FFF7D7BE104680
:10DD7000704700234381038101207047C37961F319
:10DD8000C713C3710120704708B5034640890A468E
:10DD900001469888FFF7C8FD588108BD70B5058910
:10DDA00043898488ADB29BB29D4236BFC3EB440227
:10DDB000EA1A521992B2944206D2AC4294BF2B1B7B
:10DDC00063199BB2438122462AB9C1E900228A60C5
:10DDD00070BD2D1BADB2AC42FBD99C420AD9006884
:10DDE000AB4200EB03064E6007D200230A804B8053
:10DDF0008B60EDE71B1B9BB2EFE7E31A9BB2D21AD5
:10DE00000B804A808860E3E70A4B1B78834206D97F
:10DE1000094B1B6800EB400003EBC00070475A1C25
:10DE20008242A1BFC01A054B182202FB0030B8BFC6
:10DE300000207047BC2E0020B82E00206490020005
:10DE400070B5134D064600242B78E0B201338342AF
:10DE500010DA3B2200210F4802F0CDFA1022FF21F8
:10DE60000D4802F0C8FA1422FF210C48BDE87040AA
:10DE700002F0C1BAFFF7C8FF013428B9084B1B688C
:10DE8000DB0700D500BE70BD436830469847DBE72E
:10DE9000BC2E0020BD2E0020C02E0020D02E002041
:10DEA000F0ED00E070B50C4605461646086800F037
:10DEB0006DFC2368324628460121BDE870401847B2
:10DEC000044B1B7810B1184600F060BE184600F0F5
:10DED00073BE00BF44010020024B5878003018BFC9
:10DEE00001207047BD2E0020024B1878C0F380003F
:10DEF000704700BFBD2E002038B58B7803F07F033C
:10DF0000092B0C4606D90B4B1B68DB0700D500BE5E
:10DF1000002038BD084B1D78084B2046997800F04A
:10DF2000FFFF0028EFD021462846BDE8384000F02A
:10DF30005FBE00BFF0ED00E044010020BD2E0020D8
:10DF40002DE9F047DDE9085680460C4691469A4691
:10DF50000027B94501DC01200CE06378052B04D1D2
:10DF6000E17801F00301514508D00E4B1B68DA0738
:10DF700002D40020BDE8F08700BEFAE72146404603
:10DF8000FFF7BAFF28B9074B1B68DB07F1D500BEC6
:10DF9000F0E7A178CB0914BF3170297023780137DD
:10DFA0001C44D6E7F0ED00E0CB0901F07F002733F9
:10DFB00003EB400302480021184400F089BF00BF72
:10DFC000BD2E0020CB0901F07F00273303EB400377
:10DFD00002480021184400F092BF00BFBD2E00206F
:10DFE00038B5154C01F07F0504EB450404EBD11462
:10DFF0002034E079C00707D5104B1B68DA0701D43D
:10E00000002038BD00BEFBE7E5790D4845F001056D
:10E010000078E57100F0D2FE0028F2D1E37960F3D8
:10E020000003E371E37960F38203E371034B1B6840
:10E03000DB07E5D500BEE4E7BD2E0020F0ED00E0F3
:10E040004401002010B50C4C01F07F0204EB4204A7
:10E0500004EBD1142034E3799B070BD4074B1878D9
:10E0600000F0D0FEE37943F00203E371E37943F07B
:10E070000103E37110BD00BFBD2E0020440100204C
:10E0800010B50C4C01F07F0204EB420404EBD114F8
:10E090002034E3799B070BD5074B187800F0DEFEA0
:10E0A000E3796FF34103E371E3796FF30003E37105
:10E0B00010BD00BFBD2E0020440100202DE9F04F0F
:10E0C000BA4B1B78FF2B89B000F09982B84B1D68C2
:10E0D0002C46002054F8043B9847204605A9FFF73A
:10E0E0001CFE2B68044601209847002C00F0878214
:10E0F0009DF81530013B072B00F2AE82DFE813F0EC
:10E1000008001300AC028A0299021F005802A502FF
:10E110009DF81400FFF794FE00F030FBA54B9DF82E
:10E1200018209A70D2E79DF81400FFF789FE00F0DE
:10E1300025FBA14B002BC9D0AFF30080C6E79D4C57
:10E140009DF81450237843F00103237094F827308E
:10E150006FF3000384F8273094F827306FF38203BD
:10E1600084F8273094F828306FF3000384F82830BF
:10E1700094F828306FF3820384F82830002000F0F0
:10E1800005FB9DF8187007F06008B8F1600F0FD11B
:10E190008A4B1B68DC0700D500BE9DF814000021E7
:10E1A00000F030FE80219DF8140000F02BFE8DE77A
:10E1B000B8F1400F0DD182480028EED000F0E6FA09
:10E1C00006AA01212846AFF3008000287FF47EAF25
:10E1D000E3E707F01F07012F00F0938119D3022F07
:10E1E000D6D19DF81C1001F07F06092ED0D804EB83
:10E1F000460606EBD116F07CFFF706FE8146B8F125
:10E20000000F00F0AA810028C7D006AA00F10C0177
:10E210000FE0B8F1200F10D19DF81C300F2BBCD8A7
:10E220001C44E078FFF7F0FD0028B6D006AA00F104
:10E230000C012846FFF736FEC7E7B8F1000FA7D15B
:10E240009DF81930092BA3D801A252F823F000BF82
:10E25000EBE40100D9E4010091E10100C5E4010013
:10E2600091E1010079E2010005E4010091E1010082
:10E2700093E20100A7E2010006A800F08DFA9DF8E4
:10E280001A10284600F0B2FC237843F002032370F2
:10E290001CE708AA637802F80E3D012306A9284668
:10E2A00000F034FA12E79DF81A906378994531D05E
:10E2B00063783BB1284600F067FDA6782846FFF753
:10E2C000BFFDA670B9F1000F00F0968009F1FF3094
:10E2D000C0B200F07DFF10B14378022B06D0374B5F
:10E2E0001B68DF077FF554AF00BE51E7C279237882
:10E2F000511161F30413921162F3451323704388A3
:10E30000C31800F109060293029BB34209D82D4BB2
:10E31000002B6ED184F8019006A9284600F0DEF9A2
:10E32000D4E673780B2B03BF337896F80380F61886
:10E330004FF001087378042BD1D1029B9B1B9BB239
:10E34000039300230193204B9DF804701B78013345
:10E35000BB4225DB3846FFF757FD83460028BED079
:10E360008368039A314628469847082882463DD953
:10E37000039B83423AD3B8F1010F06D1DBF80820A2
:10E38000124B9A4208BF4FF002080022D3B2434515
:10E3900020D331463B4652460D4800F0F1FD56442D
:10E3A000094B1B7801339F42AEDD98E74401002002
:10E3B000F82E0020BD2E002000000000F0ED00E04F
:10E3C0000000000000000000BC2E002091D30100DE
:10E3D000D02E0020B1780B44A34951FA83F30132C7
:10E3E000D978FF297FF47BAFDF70CFE7019B013342
:10E3F000A8E7AFF300808DE79C4B002B8AD0AFF3EA
:10E40000008087E7BDF81A00030A5A1EC0B20E2A20
:10E410003FF6C3AE01A151F822F000BF59E401005C
:10E4200083E40100A3E401009BE101009BE1010002
:10E43000B7E4010083E401009BE101009BE10100DE
:10E440009BE101009BE101009BE101009BE10100D8
:10E450009BE1010063E4010000F0A4FE12230246E8
:10E460000AE0834B002B3FF498AEAFF300800246E6
:10E4700000283FF48DAE438806A9284600F046F9EF
:10E48000A3E6022B06D100F0A3FE00283FF480AEE5
:10E490004388E4E7774B002B3FF47FAEAFF3008077
:10E4A000F3E7BDF81C1000F099FE024600283FF487
:10E4B00074AE0378E0E7704B002B3FF46EAEAFF321
:10E4C0000080F2E7BDF81A30012B7FF466AE2378A6
:10E4D00043F0080323701FE7BDF81A30012B7FF4C7
:10E4E0005CAE23786FF3C303F4E72378C3F34012E1
:10E4F0009B0803F00203134308AA22F80E3D0223EF
:10E50000CCE69DF81C300F2B3FF647AE1C44E0785C
:10E51000FFF77AFC00283FF440AE00F10C0106AA98
:10E520002846FFF7BFFC00287FF4D0AD9DF81830D7
:10E5300013F060047FF431AE9DF819300A3B012BD3
:10E540003FF62BAE00F022F99DF819300A2B7FF42C
:10E55000E3AE08AA02F80E4D9FE69DF81930012B94
:10E5600003D01DD3032B7FF413AEBDF81A2022B9BC
:10E57000012B284619D1FFF783FDB9F1000F3FF4B5
:10E58000A5AD06AA09F10C012846FFF78BFC002077
:10E5900000F0FCF894F82830DE073FF597ADBBE6B5
:10E5A00096F82730C3F34003A6E7FFF74BFDE4E7F7
:10E5B0009DF818102C4B01F07F0403EB440303EB90
:10E5C000D11393F827006FF3000083F8270093F826
:10E5D00027006FF3820083F827003CB9079B9DF862
:10E5E00019209DF8140000F0E3F86FE5D87CFFF7E0
:10E5F0000BFC38B9214B1B68D80700D500BE09B009
:10E60000BDE8F08F0469079B9DF819209DF8140060
:10E61000A0475BE5144B1A78D1077FF557AD184A30
:10E62000002A3FF453AD1878C0F3C000AFF3008068
:10E630004CE50D4B1B78DA077FF548AD114B002BED
:10E640003FF444ADAFF3008040E5069B002B3FF460
:10E650003DAD0798984739E5084B1B68DB077FF508
:10E6600035AD00BE32E500BFBD2E00200000000029
:10E67000000000000000000000000000F0ED00E0DD
:10E680000000000000000000124B9989DA8970B583
:10E690008C1AA4B2054693F90000402C28BF4024F0
:10E6A000002809DA914212D099680B48224601F0FD
:10E6B0007EFE8021084A04E091424FF00001F9D12A
:10E6C000002223462846BDE87040FFF789BC802120
:10E6D000F6E700BFFC2E0020102F002030B40A4CBB
:10E6E00005460A4608684968234603C30023C4E96F
:10E6F000023392F900209A4228461A46ACBF802184
:10E70000194630BCFFF76CBCFC2E0020F8B5194D43
:10E710000C46074608684968AA602E4603C60021D1
:10E72000E981E1888B4228BF0B46AB8179B143B1C7
:10E730003AB9114B1B68DA0701D40020F8BD00BEBE
:10E74000FBE73846FFF7A0FF68B10120F6E794F930
:10E750000030002B0A460B463846ACBF8021002112
:10E76000FFF73EFCF0E7044B1B68DB07E5D500BE76
:10E77000E4E700BFFC2E0020F0ED00E014220021B1
:10E78000014801F038BE00BFFC2E0020014B18618B
:10E79000704700BFFC2E00200146044A006849680B
:10E7A000134603C30023C2E902337047FC2E002046
:10E7B00070B52F4C1E462378C909B1EBD31F05460F
:10E7C00016D03EB12B4B1B68DA0701D4002070BD78
:10E7D00000BEFBE7284B13B12146AFF3008023694D
:10E7E0000BB90120F3E7224A032128469847F8E7AE
:10E7F00094F90030002B06DBA0680028E6D03246F2
:10E800001E4901F0D4FDA368E28933443244A36079
:10E81000E38892B29342E28101D03F2E24D823694B
:10E820009BB994F90030002B4FF000031A46ACBF9F
:10E83000802119462846FFF7D3FB0028D1D10D4B84
:10E840001B68DB07C2D500BEC1E70221084A284683
:10E85000984701460028E4D1284600F0D3FA8021E9
:10E86000284600F0CFFABCE72846FFF70DFFE4E7A3
:10E87000FC2E0020F0ED00E000000000102F002032
:10E8800030B503468518EC1A012C09D854086FF0EE
:10E89000010303FB042212B110F814300B7030BDD9
:10E8A00033F8024B0C80EEE7F0B585B00F4601A9B6
:10E8B00015460646FFF772FABDF804400298AC42CE
:10E8C00028BF2C462D1B22463946ADB2FFF7D8FF94
:10E8D00055B1BDF8063003989D4228BF1D462A4613
:10E8E000FFF7CEFF2C44A4B221463046FFF74CFA86
:10E8F00005B0F0BD2DE9F843174BDC8881461F4673
:10E9000034B91C705C709C70DC700120BDE8F88329
:10E91000B0F85E8008F07F084445254628BF45468C
:10E920004DB11E685B7ADB0700F114012A463046C0
:10E930000DD5FFF7B9FF454538BF4FF40043A4EBB1
:10E94000050438BFA9F82230FC800020DEE72E4401
:10E95000FFF796FF3E60EEE7502F002070B50446AB
:10E96000BDF81050FAB14FF484602084208C8606E4
:10E97000FCD51748467A858061F300064672C5804B
:10E98000EDB10360BAB1B4F86030DB0B03D0B4F87A
:10E9900054301B060CD40F4B186810F0010001D046
:10E9A00000BE002070BD0284208C8006FCD4E0E70D
:10E9B0002046FFF79FFF0120A4F86000F2E705233F
:10E9C000057045708570C570A4F860300120E9E7D6
:10E9D000502F0020F0ED00E02DE9F84F314E0C23D0
:10E9E00003FB01630546B3F806800C46B8F1000F3F
:10E9F00017D131B101F1370235F812305904FBD487
:10EA000004E0294B1B68D80700D500BE0C235C43EB
:10EA1000321900233355012053709370D370BDE831
:10EA2000F88F8BB243F480620285A0F86430B0F8AE
:10EA30006CA01FFA8AFA2B8D03F00F039C42FAD1C7
:10EA40006B8D9A04FCD5D045474628BF574687B101
:10EA50004FF00C0B0BFB04FB06EB0B0305F118014D
:10EA600053F8089B5B78DB073A46484613D5FFF717
:10EA70001BFF57453CBF4FF400436B8500232B859C
:10EA8000288D10F00F00FBD10C2303FB0464A8EBCE
:10EA90000707E780C3E7B944FFF7F2FE46F80B909B
:10EAA000E7E700BF502F0020F0ED00E02DE9F8432C
:10EAB000DFF8D4C0BDF82050D7098E4602F07F029F
:10EAC0000CEB07110A44044692F8781041B92D4B1B
:10EAD000186810F0010001D000BE0846BDE8F883B8
:10EAE0000C224A430CEB02064CF8023096F80990CF
:10EAF000B5806EF3000986F80990F580BFB11DB1AD
:10EB0000FFF76AFF0120E9E78BB20385238D03F04D
:10EB10000F039942FAD1638D9E04FCD54FF4004354
:10EB2000638500232385238D1D07FCD1EAE74B1E57
:10EB3000042BE7D801F1230610EB8603E2D08AB25A
:10EB400000EB4101A0F86420B0F86C20B1F86E0031
:10EB5000800718BFA1F86E7014F82600002004F892
:10EB6000260092B25878154401205870013D95FB5B
:10EB7000F2F55D805A7842F002025A70A1F86E00F8
:10EB8000ACE700BFF0ED00E0502F0020084B03EB96
:10EB9000C000426853B2002B08DB012102F01F02C3
:10EBA00001FA02F25B09034941F82320704700BFD4
:10EBB0004801002000E100E00A4B03EBC00042687E
:10EBC00053B2002B0DDB01215B0902F01F0201FA99
:10EBD00002F22033044941F82320BFF34F8FBFF3E3
:10EBE0006F8F70474801002000E100E07047FFFF91
:10EBF0002DE9F84FCE78B1F804A006F00306012EF7
:10EC00008046CAF30A0A04D1BAF5807F06D90020EB
:10EC100060E0022E04D067D8012E70D13F4B0CE08B
:10EC20003E4B93F82C20002A56D093F83820002A27
:10EC300054D093F84420002A52D01A7D002A51D093
:10EC400093F82030002B5AD102248978344B334A70
:10EC500053F838704FEAD1194FEA09150C2303FB1A
:10EC6000042301F07F0B2A445A441972404682F86B
:10EC70007840FFF7A1FFA3B207EB4402A7F8643086
:10EC80004FF44073A7F86CA0022EA2F86E304FF03C
:10EC90000003A2F86E3045EA0B0337D143F48543F5
:10ECA0009BB2A7F86830012303FA04F4A4B284F4F9
:10ECB000FF715940A7F84610F98E0C43FC86B9F154
:10ECC000000F01D1022E01D0A2F86E304046FFF7AE
:10ECD0005DFF0120BDE8F88F0324B6E70424B4E704
:10ECE0000524B2E70124B0E70C4B06240C2202FBFA
:10ECF0000430007A0028A8D001340A2CF7D1094B3F
:10ED0000186810F00100E5D000BE80E7032E0CBFAC
:10ED100043F4004343F44243C2E700BF502F0020B6
:10ED200048010020F0ED00E0154B70B553F830506D
:10ED3000144BE88E01F07F06C90909015A183244C4
:10ED4000012492F87820944020EA0400E8869AB1E1
:10ED500002F1370405EB44040020208094B2A5F8AA
:10ED600064400C2404FB02320B443344A5F86800D1
:10ED700083F87800107270BD05F16004ECE700BF05
:10ED800048010020502F0020F8B50546FFF714FF7A
:10ED9000094E0A240C27013C04D12846BDE8F8405E
:10EDA000FFF7F4BE07FB0463197A0029F3D0284665
:10EDB000FFF7BAFFEFE700BF502F00202DE9F34126
:10EDC00098460F4B0C46174653F830600546FFF740
:10EDD000F3FE14F07F01CDF800803B4622460AD1B5
:10EDE0003046FFF7BBFD04462846FFF7CFFE20461E
:10EDF00002B0BDE8F08100213046FFF757FEF2E790
:10EE00004801002038B5134B11F07F02054653F836
:10EE100030401BD0CB09104901EB0311114491F88C
:10EE200078309BB1373304EB43048CB12846FFF7AD
:10EE3000C3FE238803F0030343F00203238002236D
:10EE400023802846BDE83840FFF7A0BE6034ECE7D9
:10EE500038BD00BF48010020502F00201A4B2DE97B
:10EE6000F04111F07F0807460E4653F8305016D097
:10EE7000164ACB0902EB0313434493F8784074B16C
:10EE8000373405EB4404ECB13846FFF795FE4FF4F8
:10EE900080732380F30905D0012323800DE005F161
:10EEA0006004F0E7094B434493F87830A5F86430E8
:10EEB000B5F868309B0B012BEED13846BDE8F04128
:10EEC000FFF764BEBDE8F08148010020502F00200C
:10EED000037813F0010310D10278C2F3800262B903
:10EEE000037813F0010308D10278530705D403789F
:10EEF00043F004030370012070470020704703783B
:10EF0000C3F380034BB1027812F0010105D10278FE
:10EF100061F3820202701846704700207047FFFFBD
:10EF20008388C07800F003000228C3F30A0312D0DC
:10EF30001BD801280DD1022940F2FF3208BF4FF43F
:10EF400080629A420DD20D4B186810F0010008D073
:10EF500000BE00207047022904D1B3F5007FF2D132
:10EF600001207047402BEED8FAE702290CBF4FF47E
:10EF7000806240229A42E6D3F2E700BFF0ED00E063
:10EF800030B50A44914200D330BD4C78052C06D1EF
:10EF90008C7804F07F0500EB4505E4092B550C78CF
:10EFA0002144EFE70368DB691847037C0BB90123B1
:10EFB00003747047704713B502AB026803F8011D74
:10EFC000546819460122A04702B010BD007C10B160
:10EFD0000020FEF7FBB87047007C10B10020FEF760
:10EFE00089B97047037C13B10020FEF71FB9704741
:10EFF00007B5007C38B10DF107010020FEF70CF9D0
:10F0000020B19DF8070003B05DF804FB4FF0FF301E
:10F01000F9E710B504460020FEF7C2F800B9607C9D
:10F0200010BD037C07B513B94FF0FF3012E0FFF7B6
:10F03000F0FF0028F8D00020FEF7C8F80028F3D031
:10F0400001220DF107010020FEF7CCF80028EBD0DB
:10F050009DF8070003B05DF804FB037C2DE9F04147
:10F060008846174623B3FFF7D4FF08B30020FEF706
:10F0700027FF3D460024FDB10020FEF73BF930B9E3
:10F080000120FEF71DFF0020FEF7D0F8F3E7A842AD
:10F09000024608EB040128BF2A460020FEF70AF9C1
:10F0A00006460120FEF70CFF1EB13444AD1BEAE713
:10F0B00000242046BDE8F0813C46FAE738B5037CE1
:10F0C00004460BB9002038BD4FF0FF300021FEF799
:10F0D000F5FF2046FFF79DFF0028F3D0054D2C7863
:10F0E000002CF0D00A20FDF7A1FF00232B70204652
:10F0F000E9E700BF50010020064B1970064B1A705B
:10F10000064B1B68B3F5966F02D109B9FDF71CBA1F
:10F11000704700BF0030002001300020FC2F00208D
:10F120000A4A0B6813600A4A48791060094A08794C
:10F130001060094A89791160B3F5966F04D1074BC5
:10F140001B780BB9FDF700BA704700BFFC2F0020F9
:10F150000C30002008300020043000200030002057
:10F16000054B00224FF47A71C3E90121034919606C
:10F170001A745A74704700BFE82F00209C90020058
:10F1800010B501F1080400F00F02D3B2092ACCBF78
:10F190003733303304F8013DA1424FEA1010F2D169
:10F1A00010BDFFFF02480023037143718371704754
:10F1B0005101002007B505480023019310B101A8B3
:10F1C000AFF3008003B05DF804FB00BF0000000057
:10F1D000014B1868704700BF1030002070B5204CFC
:10F1E00094F900300546B3B91E4B1B6803F11406B1
:10F1F00058692146FFF7C4FF04F108017068FFF762
:10F20000BFFF04F11001B068FFF7BAFF04F1180165
:10F21000F068FFF7B5FF5DB9134B40F209425A8021
:10F220000123013310485B0043F44073038070BD39
:10F23000052D12D80D4B0C4C53F825100122013925
:10F2400011F9010F531EDBB20028EAD024F8120096
:10F250000132212AF4D12023E3E70020E7E700BFB1
:10F26000563000209CB17F4014300020C89002002E
:10F27000002070477047FFFFF8B500260F46044690
:10F280001546068046808680F5F703FA874216D831
:10F29000304901EBC70133464868F2B230F812102A
:10F2A0001DB901F03E020A2A04E0012D09D101F046
:10F2B0003E02082A0BD00A0406F10106EDD52046CD
:10F2C000F8BD022D08D101F03E02042AF1D15A1CEA
:10F2D00024F81310D3B2EEE7032D04D101F03E025F
:10F2E000062AE0D1F3E7042D02D101F03A02E0E76B
:10F2F000052D02D101F03A02D5E7062D03D101F028
:10F300003E02102AD6E7072D05D101F03E02122A4F
:10F31000DDD0182ACEE7082D03D101F03E02022AE3
:10F32000C8E70A2D03D101F03E02142AC2E70B2DD3
:10F3300003D101F03E021C2ABCE70C2D03D101F0E1
:10F340003E021A2AB6E70D2DB5D101F03E021E2A63
:10F35000B0E700BF6885020010B5002814BF04465E
:10F360000124204600F0A0FF30B900F019F808B9D8
:10F3700000F0FCFE8047F4E710BD0368DB0706D40D
:10F38000437803B1FFDE0123437018467047002025
:10F39000704701230360704700F08EBFFFF7FCBF8A
:10F3A000024B1868BFF35B8F704700BF9830002096
:10F3B000FFF7F2BFFFF7D0BF08B500F0D7FE08B5E2
:10F3C00000F0D4FE81F0004102E000BF83F0004372
:10F3D00030B54FEA41044FEA430594EA050F08BFF0
:10F3E00090EA020F1FBF54EA000C55EA020C7FEAB4
:10F3F000645C7FEA655C00F0E2804FEA5454D4EB31
:10F400005555B8BF6D420CDD2C4480EA020281EAFA
:10F41000030382EA000083EA010180EA020281EA32
:10F420000303362D88BF30BD11F0004F4FEA013184
:10F430004FF4801C4CEA113102D0404261EB410193
:10F4400013F0004F4FEA03334CEA133302D0524219
:10F4500063EB430394EA050F00F0A780A4F10104D5
:10F46000D5F1200E0DDB02FA0EFC22FA05F280180F
:10F4700041F1000103FA0EF2801843FA05F35941F5
:10F480000EE0A5F120050EF1200E012A03FA0EFC74
:10F4900028BF4CF0020C43FA05F3C01851EBE3719E
:10F4A00001F0004507D54FF0000EDCF1000C7EEBBB
:10F4B00000006EEB0101B1F5801F1BD3B1F5001FF9
:10F4C0000CD349085FEA30004FEA3C0C04F1010418
:10F4D0004FEA445212F5800F80F09A80BCF1004F41
:10F4E00008BF5FEA500C50F1000041EB045141EAC3
:10F4F000050130BD5FEA4C0C404141EB010111F4C4
:10F50000801FA4F10104E9D191F0000F04BF01466E
:10F510000020B1FA81F308BF2033A3F10B03B3F14C
:10F5200020020CDA0C3208DD02F1140CC2F10C02DC
:10F5300001FA0CF021FA02F10CE002F11402D8BF3A
:10F54000C2F1200C01FA02F120FA0CFCDCBF41EA06
:10F550000C019040E41AA2BF01EB0451294330BDD5
:10F560006FEA04041F3C1CDA0C340EDC04F11404B2
:10F57000C4F1200220FA04F001FA02F340EA030089
:10F5800021FA04F345EA030130BDC4F10C04C4F1CF
:10F59000200220FA02F001FA04F340EA03002946AF
:10F5A00030BD21FA04F0294630BD94F0000F83F4F9
:10F5B000801306BF81F480110134013D4EE77FEADC
:10F5C000645C18BF7FEA655C29D094EA050F08BF28
:10F5D00090EA020F05D054EA000C04BF1946104609
:10F5E00030BD91EA030F1EBF0021002030BD5FEA4D
:10F5F000545C05D14000494128BF41F0004130BD75
:10F6000014F580043CBF01F5801130BD01F00045C8
:10F6100045F0FE4141F470014FF0000030BD7FEA3B
:10F62000645C1ABF194610467FEA655C1CBF0B4636
:10F63000024650EA013406BF52EA033591EA030F4D
:10F6400041F4002130BD00BF90F0000F04BF002145
:10F65000704730B54FF4806404F132044FF0000578
:10F660004FF0000150E700BF90F0000F04BF0021F1
:10F67000704730B54FF4806404F1320410F0004557
:10F6800048BF40424FF000013EE700BF42004FEA52
:10F69000E2014FEA31014FEA02701FBF12F07F43CF
:10F6A00093F07F4F81F06051704732F07F4208BF86
:10F6B000704793F07F4F04BF41F40021704730B58D
:10F6C0004FF4607401F0004521F000411CE700BFD9
:10F6D00050EA010208BF704730B54FF000050AE05C
:10F6E00050EA010208BF704730B511F0004502D55D
:10F6F000404261EB41014FF4806404F132045FEA5F
:10F70000915C3FF4D8AE4FF003025FEADC0C18BF07
:10F7100003325FEADC0C18BF033202EBDC02C2F1F9
:10F72000200300FA03FC20FA02F001FA03FE40EA8B
:10F730000E0021FA02F11444BDE600BF70B54FF08F
:10F74000FF0C4CF4E06C1CEA11541DBF1CEA13556D
:10F7500094EA0C0F95EA0C0F00F0DEF82C4481EAD5
:10F76000030621EA4C5123EA4C5350EA013518BFF5
:10F7700052EA033541F4801143F4801338D0A0FBE2
:10F7800002CE4FF00005E1FB02E506F00042E0FB8F
:10F7900003E54FF00006E1FB03569CF0000F18BF95
:10F7A0004EF0010EA4F1FF04B6F5007F64F540743D
:10F7B00004D25FEA4E0E6D4146EB060642EAC621D0
:10F7C00041EA55514FEAC52040EA5E504FEACE2E3D
:10F7D000B4F1FD0C88BFBCF5E06F1ED8BEF1004F40
:10F7E00008BF5FEA500E50F1000041EB045170BDBC
:10F7F00006F0004646EA010140EA020081EA030100
:10F80000B4EB5C04C2BFD4EB0C0541EA045170BDFB
:10F8100041F480114FF0000E013C00F3AB8014F175
:10F82000360FDEBF002001F0004170BDC4F10004BE
:10F83000203C35DA0C341BDC04F11404C4F120053F
:10F8400000FA05F320FA04F001FA05F240EA02009A
:10F8500001F0004221F0004110EBD37021FA04F6D0
:10F8600042EB06015EEA430E08BF20EAD37070BD8A
:10F87000C4F10C04C4F1200500FA04F320FA05F0E9
:10F8800001FA04F240EA020001F0004110EBD370EB
:10F8900041F100015EEA430E08BF20EAD37070BD5B
:10F8A000C4F1200500FA05F24EEA020E20FA04F334
:10F8B00001FA05F243EA020321FA04F001F00041E3
:10F8C00021FA04F220EA020000EBD3705EEA430E54
:10F8D00008BF20EAD37070BD94F0000F0FD101F083
:10F8E0000046400041EB010111F4801F08BF013CBC
:10F8F000F7D041EA060195F0000F18BF704703F0FA
:10F900000046520043EB030313F4801F08BF013D80
:10F91000F7D043EA0603704794EA0C0F0CEA13553C
:10F9200018BF95EA0C0F0CD050EA410618BF52EAF6
:10F930004306D1D181EA030101F000414FF00000FC
:10F9400070BD50EA410606BF1046194652EA43060A
:10F9500019D094EA0C0F02D150EA013613D195EA7E
:10F960000C0F05D152EA03361CBF104619460AD1C6
:10F9700081EA030101F0004141F0FE4141F47001D0
:10F980004FF0000070BD41F0FE4141F4780170BDC0
:10F9900070B54FF0FF0C4CF4E06C1CEA11541DBF25
:10F9A0001CEA135594EA0C0F95EA0C0F00F0A7F827
:10F9B000A4EB050481EA030E52EA03354FEA013154
:10F9C00000F088804FEA03334FF0805545EA131367
:10F9D00043EA12634FEA022245EA111545EA10652F
:10F9E0004FEA00260EF000419D4208BF964244F1C6
:10F9F000FD0404F5407402D25B084FEA3202B61AE5
:10FA000065EB03055B084FEA32024FF480104FF4B8
:10FA1000002CB6EB020E75EB030E22BFB61A75462C
:10FA200040EA0C005B084FEA3202B6EB020E75EBBF
:10FA3000030E22BFB61A754640EA5C005B084FEA27
:10FA40003202B6EB020E75EB030E22BFB61A7546F4
:10FA500040EA9C005B084FEA3202B6EB020E75EBFF
:10FA6000030E22BFB61A754640EADC0055EA060EC0
:10FA700018D04FEA051545EA16754FEA06164FEA03
:10FA8000C30343EA52734FEAC2025FEA1C1CC0D1AF
:10FA900011F4801F0BD141EA00014FF000004FF03C
:10FAA000004CB6E711F4801F04BF01430020B4F1FD
:10FAB000FD0C88BFBCF5E06F3FF6AFAEB5EB030CB5
:10FAC00004BFB6EB020C5FEA500C50F1000041EBB2
:10FAD000045170BD0EF0004E4EEA113114EB5C047F
:10FAE000C2BFD4EB0C0541EA045170BD41F4801152
:10FAF0004FF0000E013C90E645EA060E8DE60CEA5A
:10FB0000135594EA0C0F08BF95EA0C0F3FF43BAF76
:10FB100094EA0C0F0AD150EA01347FF434AF95EA2D
:10FB20000C0F7FF425AF104619462CE795EA0C0F11
:10FB300006D152EA03353FF4FDAE1046194622E7DE
:10FB400050EA410618BF52EA43067FF4C5AE50EAB8
:10FB500041047FF40DAF52EA43057FF4EBAE12E7A8
:10FB60004FF0FF3C06E000BF4FF0010C02E000BF89
:10FB70004FF0010C4DF804CD4FEA410C7FEA6C5C6C
:10FB80004FEA430C18BF7FEA6C5C1BD001B050EA0F
:10FB9000410C0CBF52EA430C91EA030F02BF90EAFA
:10FBA000020F0020704710F1000F91EA030F58BFB9
:10FBB000994208BF90422CBFD8176FEAE37040F01B
:10FBC000010070474FEA410C7FEA6C5C02D150EAB9
:10FBD000013C07D14FEA430C7FEA6C5CD6D152EA74
:10FBE000033CD3D05DF8040B704700BF8446104639
:10FBF00062468C461946634600E000BF01B5FFF738
:10FC0000B7FF002848BF10F1000F01BD4DF808ED07
:10FC1000FFF7F4FF0CBF012000205DF808FB00BFD8
:10FC20004DF808EDFFF7EAFF34BF012000205DF832
:10FC300008FB00BF4DF808EDFFF7E0FF94BF01207F
:10FC400000205DF808FB00BF4DF808EDFFF7CEFF80
:10FC500094BF012000205DF808FB00BF4DF808EDBF
:10FC6000FFF7C4FF34BF012000205DF808FB00BF90
:10FC70004FEA410C7FEA6C5C02D150EA013C0AD1A8
:10FC80004FEA430C7FEA6C5C02D152EA033C02D19A
:10FC90004FF0000070474FF0010070474FEA4102FB
:10FCA00012F5001215D211D56FF47873B3EB6252CE
:10FCB00012D94FEAC12343F0004343EA505311F0F5
:10FCC000004F23FA02F018BF404270474FF0000087
:10FCD000704750EA013005D111F0004008BF6FF0C5
:10FCE000004070474FF00000704700BF4A0011D23B
:10FCF00012F5001211D20DD56FF47873B3EB625286
:10FD00000ED44FEAC12343F0004343EA505323FA91
:10FD100002F070474FF00000704750EA013002D106
:10FD20004FF0FF3070474FF0000070474FEA41023C
:10FD3000B2F1E04324BFB3F5001CDCF1FE5C0DD949
:10FD400001F0004C4FEAC0024CEA5070B2F1004F93
:10FD500040EB830008BF20F00100704711F0804F96
:10FD600021D113F13872BCBF01F00040704741F45B
:10FD700080114FEA5252C2F11802C2F1200C10FA5F
:10FD80000CF320FA02F018BF40F001004FEAC12343
:10FD90004FEAD32303FA0CFC40EA0C0023FA02F3E7
:10FDA0004FEA4303CCE77FEA625307D150EA0133BD
:10FDB0001EBF4FF0FE4040F44000704701F000408D
:10FDC00040F0FE4040F40000704700BF7BB972B9BC
:10FDD0000029BEBF00204FF0004106E008BF002808
:10FDE0001CBF6FF000414FF0FF3000F0BDB9ADF126
:10FDF000080C6DE904CE002909DB002B1ADB00F0AA
:10FE00004DF8DDF804E0DDE9022304B0704740421C
:10FE100061EB4101002B1BDB00F040F8DDF804E052
:10FE2000DDE9022304B0404261EB4101524263EB41
:10FE300043037047524263EB430300F02FF8DDF8B1
:10FE400004E0DDE9022304B0404261EB4101704768
:10FE5000524263EB430300F021F8DDF804E0DDE9F2
:10FE6000022304B0524263EB4303704753B94AB9CB
:10FE7000002908BF00281CBF4FF0FF314FF0FF30B2
:10FE800000F072B9ADF1080C6DE904CE00F006F88F
:10FE9000DDF804E0DDE9022304B070472DE9F04706
:10FEA000089E04468846002B4BD18A42154667D9E6
:10FEB000B2FA82F24AB1C2F1200701FA02F320FA43
:10FEC00007F7954047EA030894404FEA154E230C84
:10FED000B8FBFEF71FFA85FC0EFB178843EA0843C0
:10FEE00007FB0CF1994209D9EB1807F1FF3080F0BC
:10FEF0001B81994240F21881023F2B445B1AA4B245
:10FF0000B3FBFEF00EFB103344EA034400FB0CFC91
:10FF1000A44509D92C1900F1FF3380F00781A445CD
:10FF200040F2048102382C4440EA0740A4EB0C0460
:10FF300000271EB1D4400023C6E900433946BDE87E
:10FF4000F0878B4209D9002E00F0EB800027C6E92C
:10FF5000000138463946BDE8F087B3FA83F7002F31
:10FF600047D18B4202D3824200F2FA80841A61EBBD
:10FF7000030301209846002EE0D0C6E90048DDE7E3
:10FF800002B9FFDEB2FA82F2002A40F08F80491BEC
:10FF90004FEA154E1FFA85F80127B1FBFEFC230C32
:10FFA0000EFB1C1143EA014308FB0CF1994207D9EF
:10FFB000EB180CF1FF3002D2994200F2CD8084465A
:10FFC000591AA3B2B1FBFEF00EFB101443EA04442D
:10FFD00008FB00F8A04507D92C1900F1FF3302D225
:10FFE000A04500F2B6801846A4EB080440EA0C4095
:10FFF0009FE7C7F1200CBB4022FA0CFE4EEA030E2D
:020000022000DC
:1000000001FA07F420FA0CF521FA0CF34FEA1E4826
:100010002543B3FBF8F92C0C08FB19331FFA8EFAB1
:1000200044EA034309FB0AF49C4202FA07F200FA8D
:1000300007F10BD91EEB030309F1FF3080F0878035
:100040009C4240F28480A9F1020973441B1BADB2AB
:10005000B3FBF8F008FB103345EA034400FB0AFA4F
:10006000A24508D91EEB040400F1FF336BD2A24570
:1000700069D90238744440EA0940A0FB0289A4EB24
:100080000A044C45C2464B4654D351D0002E69D089
:10009000B1EB0A0564EB030404FA0CFCFD40FC40E0
:1000A0004CEA0505C6E90054002747E7C2F12003E2
:1000B00020FA03F7954001FA02F021FA03F34FEA20
:1000C000154E3843010CB3FBFEF71FFA85F80EFB03
:1000D000173341EA034107FB08F38B4204FA02F4A9
:1000E00007D9691807F1FF3C2FD28B422DD9023F67
:1000F0002944CB1A81B2B3FBFEF00EFB103341EA68
:10010000034100FB08F38B4207D9691800F1FF3C5B
:1001100017D28B4215D902382944C91A40EA074739
:100120003BE73746304609E70746E7E61846FBE671
:100130004145ABD2B8EB020A69EB0E020138134617
:10014000A4E76046E9E7184695E76746D1E78146A8
:100150007CE702382C4447E7ACF1020C2B442FE734
:10016000384608E73746E9E6704700BF08B506207D
:1001700000F0A6FE012002F055FF0A22002101F046
:100180002DB80A22002101F029B8FFFF014B1868A1
:10019000704700BF6401002010B5044600F012F85B
:1001A0002044407800F0070010BD10B5044600F070
:1001B00009F82044407800F0080010BDD0F8EC00A9
:1001C0007047FFFF044B054A1B681B6A002B08BFE2
:1001D0001346D3F8EC00704764010020C8010020EA
:1001E00070B50E46B1F90E10002996B014461D46A2
:1001F00007DA00232B60B3891A0610D44FF480630A
:100200000EE06A4602F024F80028F2DB019A02F4BC
:100210007042A2F500535A425A412A60EEE7402349
:100220000020236016B070BD8B8973B59D0706460C
:100230000C4607D504F14703236023610123636162
:1002400002B070BD01AB6A46FFF7CAFF00990546D0
:10025000304600F027F948B9B4F90C309A05EFD4CC
:1002600023F0030343F00203A381E3E70D4BB362E2
:10027000A389206043F08003A381009B6361019BFD
:1002800020615BB1B4F90E10304602F011F828B1CC
:10029000A38923F0030343F00103A381A3891D4332
:1002A000A581CDE741210200024B0146186800F00C
:1002B000F9B800BF64010020024B0146186800F045
:1002C000A3B800BF6401002082B001B901A942B106
:1002D0004BB113780B601278101C18BF012002B0CC
:1002E00070471046FBE76FF00100F8E7FFFFFFFFE4
:1002F00001F0FF01102A2BDB10F0070F08D010F8D7
:10030000013B013A8B422DD010F0070F42B3F6D1DA
:10031000F0B441EA012141EA014122F007047FF0F3
:1003200000070023F0E80256083C85EA010586EA4A
:10033000010685FA47F5A3FA87F586FA47F6A5FA86
:1003400087F68EB9EED1F0BC01F0FF0102F0070292
:1003500032B110F8013B013A83EA010313B1F8D13D
:100360000020704701387047002D06BF354603381E
:10037000073815F0010F07D1013015F4807F02BF57
:10038000013015F4C03F0130F0BC0138704700BFA8
:1003900030B50024A24201D1002007E0035D013402
:1003A0000D1915F8015CAB42F4D0581B30BD10B5E7
:1003B000431E0A44914200D110BD11F8014B03F8CD
:1003C000014FF7E7884210B501EB020307D8421E40
:1003D00099420AD011F8014B02F8014FF8E7834225
:1003E000F5D98118D21AD34200D110BD13F8014DAE
:1003F00001F8014DF7E702440346934200D17047EC
:1004000003F8011BF9E7FFFF38B50546002945D081
:1004100051F8043C0C1F002BB8BFE41801F078FF22
:100420001F4A1368104633B9636014602846BDE85C
:10043000384001F06EBFA3420CD921686218934284
:1004400004BF1A685B68636004BF521822600460CE
:10045000ECE713465A680AB1A242FAD9196858184B
:10046000A0420BD120680144581882421960DDD1A6
:10047000106852685A6001441960D7E702D90C230A
:100480002B60D3E7206821188A4204BF11685268A4
:10049000626004BF091821605C60C7E738BD00BF17
:1004A0009C30002070B5CD1C25F0030508350C2DBF
:1004B00038BF0C25002D064601DBA94203D90C23C9
:1004C0003360002070BD01F023FF214A14682146EB
:1004D00091B9204C23681BB9304600F0B9FC20606C
:1004E0002946304600F0B4FC431C24D10C23336071
:1004F000304601F00EFFE4E70B685B1B18D40B2BB2
:100500000FD90B60CD50CC18304601F002FF04F13A
:100510000B00231D20F00700C31AD3D05A42E2502B
:10052000D0E78C424B6816BF636013600C46EBE764
:100530000C464968CCE7C41C24F00304A04205D053
:10054000211A304600F084FC0130CFD02560DBE773
:100550009C300020A03000202DE9FF4755EC104BC7
:100560000D9FDDF830A0002D0E4691461946B8BF0C
:1005700022462B4627F02007BBBF05F100431D464E
:1005800000232D23B8BF1446462F0B7004D0452FEF
:1005900000D10136022100E0032103AB019302AB3D
:1005A00000933246534645EC104B00F03DFF472F79
:1005B000804602D119F0010F26D0462F08EB06091C
:1005C00011D198F80030302B0AD1002200232046A8
:1005D0002946FFF71BFB18B9C6F10106CAF80060EF
:1005E000DAF8003099440022002320462946FFF71C
:1005F0000DFB38B93022039B4B4505D2591C0391A2
:100600001A70F8E7CDF80C90039B0E9AA3EB080341
:100610004046136004B0BDE8F087F7B500290446F2
:10062000BABF49422D232B23092904F8022B43701A
:1006300020DD0DF107031F460A2691FBF6F506FBA8
:1006400015113031092D03F8011C03F1FF32294641
:1006500009DC3031023B02F8011CBB42224604D3C4
:10066000101A03B0F0BD1346E7E713F8012B04F8A6
:10067000012BF2E7302319448370021DC170EFE7AC
:100680002DE9F04F8DB00C46DDF8588016461F4618
:10069000054601F01DFE03680493184600F0DAFCDD
:1006A00000230A93D8F800300590073323F007039E
:1006B00003F1080294F818A0D4F800B0C8F800209C
:1006C000D3E90023C4E91223D4E9128929F00043B5
:1006D0000793CDF818804FF0FF32A74BDDE90601F4
:1006E000FFF7C6FA70BB4FF0FF32A34BDDE90601FE
:1006F000FFF7A0FA30BB0022002340464946FFF72F
:100700008FFA10B12D2384F843309C4A9C4BBAF1E8
:10071000470F8CBF9046984603232BF004022361B9
:1007200022604FF00009009733460BAA2146284665
:1007300000F0E6F9013040F08D804FF0FF300DB051
:10074000BDE8F08F42464B4640464946FFF790FAD7
:1007500010B18C4A8C4BDAE761684B1C4BF4806219
:100760000AA83ED1062363600023CDE9020309AB4A
:10077000009349EC108B0DF123032260CDF804A007
:1007800061682846FFF7E8FE0AF0DF03472B804642
:1007900009D1099BD81C02DB6268934247DDAAF1AC
:1007A000020A5FFA8AFABAF1650F099924D8013969
:1007B000524604F150000991FFF72FFF0A9A1318CF
:1007C000012A8146236102DC2268D10701D5013369
:1007D00023619DF82330002BA5D02D2384F84330CE
:1007E000A1E7BAF1670F00F07781BAF1470FBBD1EB
:1007F0000029B9D10123B6E7BAF1660F19D1002952
:1008000063680CDD216113B92268D20702D5013378
:100810000B442361099BA3654FF00009D9E713B985
:100820002268D00701D50233F3E70123F1E74FF047
:10083000670ADDE90932934205DB22682361D107AB
:10084000E8D50133E5E7002BD4BFC3F10203012350
:100850001344DEE723685A0507D42369424631462C
:100860002846B84701302BD167E7BAF1650F40F24F
:10087000DC8000220023D4E91201FFF7C7F9002829
:1008800033D00123414A31462846B84701303FF46E
:1008900054AFDDE909239A4202DB2368D8070FD55C
:1008A000DDE9042331462846B84701303FF445AF1F
:1008B0004FF0000804F11A090A9B013B434509DC8B
:1008C00023689B0700F10381E0680B9B9842B8BF47
:1008D000184634E701234A4631462846B8470130D6
:1008E0003FF42BAF08F10108E6E7099B002B2BDC56
:1008F0000123264A31462846B84701303FF41DAF50
:10090000099B23B90A9B13B92368D907D8D5DDE918
:10091000042331462846B84701303FF40EAF4FF06C
:10092000000904F11A0A099B5B424B4501DC0A9B52
:1009300094E70123524631462846B84701303FF438
:10094000FCAE09F10109EEE70A9AA36D9A42A8BF2D
:100950001A46002A914607DD13463146424628468C
:10096000B84701303FF4E9AE04F11A034FF0000B31
:1009700029EAE979069315E0FFFFEF7F2E91020047
:100980002A9102003691020032910200863E020056
:100990000123069A31462846B84701303FF4CDAED0
:1009A0000BF1010BD4F858A0AAEB09035B45EFDC6F
:1009B000DDE909239A42D04415DB2368DA0712D413
:1009C0000A9B0999A3EB0A02A3EB010A9245A8BF6F
:1009D0009246BAF1000F0EDC4FF000082AEAEA7ADC
:1009E00004F11A0919E0DDE9042331462846B84725
:1009F0000130E5D1A1E65346424631462846B84784
:100A00000130E9D199E601234A4631462846B847E4
:100A100001303FF492AE08F10108DDE909239B1A89
:100A2000A3EB0A034345EEDC4AE70A9A012A01DCFC
:100A3000DB073AD50123424631462846B847013004
:100A40003FF47BAEDDE9042331462846B847013048
:100A500008F101083FF471AE0A9B002203F1FF3A4E
:100A6000D4E912010023FFF7D1F8C8B95346424632
:100A700031462846B84701300ED15EE60123524682
:100A800031462846B84701303FF457AE08F1010817
:100A90000A9B013B4345F1DC4B4604F15002DEE684
:100AA0004FF0000804F11A0AF2E70123DFE70123FF
:100AB0004A4631462846B84701303FF43EAE08F179
:100AC0000108E3680B9A9B1A4345F0DCFCE64FF003
:100AD000000804F11909F4E700293FF48BAE002364
:100AE000CDE9020309AB009349EC108B2260CDF8ED
:100AF00004A00DF123032846FFF72EFD804648E6AB
:100B00002DE9F04791461F468A680B69DDF8208081
:100B10009342B8BF1346C9F8003091F84320064607
:100B20000C4612B10133C9F800302368990642BF60
:100B3000D9F800300233C9F80030256815F00605F1
:100B400007D104F1190AE368D9F800209B1AAB42D7
:100B500028DC94F843302268003318BF0123920642
:100B60002DD404F1430239463046C047013020D02D
:100B70002368E568D9F8002003F00603042B08BFBA
:100B8000AD1AA36822690CBF25EAE57500259342DA
:100B9000C4BF9B1AED184FF000091A344D451AD105
:100BA000002008E00123524639463046C047013054
:100BB00003D14FF0FF30BDE8F0870135C3E7E118FE
:100BC0005A1C302081F84300224494F8451082F8E2
:100BD00043100233C5E70123224639463046C04759
:100BE0000130E6D009F10109D8E7FFFF2DE9F04314
:100BF00001F1430C0C46097E85B06E291746064666
:100C000098460C9A00F0B38022D8632936D00AD8CF
:100C1000002900F0B980582900F0838004F14205D2
:100C200084F8421032E0642901D06929F6D12068A5
:100C30001368050603F104012AD51B681160002B17
:100C400003DA2D225B4284F843206F480A2239E000
:100C5000732900F09D8008D86F2920D07029DDD13C
:100C6000236843F02003236003E0752917D0782917
:100C7000D4D1782384F84530644855E01368191DB1
:100C80001B68116004F1420584F8423001238CE0B6
:100C90001B68116010F0400F18BF1BB2CFE713683C
:100CA0002568181D1060280601D51B6802E068063B
:100CB000FBD51B8854486F2914BF0A220822002143
:100CC00084F843106568A560002DC0F29580216806
:100CD00021F004012160002B3DD1002D40F08E80D9
:100CE0006546082A0BD12368DB0708D523696268AB
:100CF0009A42DEBF302305F8013C05F1FF35ACEB2D
:100D000005032361CDF800803B4603AA2146304607
:100D1000FFF7F6FE01304DD14FF0FF3005B0BDE8D2
:100D2000F083394884F84510136821681D1D1B683D
:100D300015600A060BD5CA0744BF41F020012160A7
:100D40001BB9226822F0200222601022B7E74D066C
:100D500048BF9BB2EFE76546B3FBF2F102FB1133EC
:100D6000C35C05F8013D0B460029F5D1B9E71368CE
:100D700025686169181D106028061B6801D5196077
:100D800002E06A06FBD51980002323616546B9E7B6
:100D90001368191D11601D68626800212846FFF75D
:100DA000A7FA08B1401B606063682361002384F8E0
:100DB0004330A7E723692A4639463046C047013009
:100DC000AAD023689B0713D4E068039B9842B8BF5E
:100DD0001846A3E701234A4639463046C04701304A
:100DE0009AD00135E368039A9B1AAB42F2DCEBE739
:100DF000002504F11909F5E7002BACD1037884F83C
:100E0000423004F142056CE73A9102004B91020036
:100E10000FB40A4B13B51C6824B1A36913B920465B
:100E200001F0AAF905AB049AA1680193204601F0EC
:100E3000FBFE02B0BDE8104004B070476401002022
:100E4000024B0A460146186801F04EBD64010020BD
:100E500038B5064C0023054608462360F8F7A0FD88
:100E6000431C02D1236803B12B6038BDE43000205D
:100E70001F2938B504460D4604D9162303604FF0E8
:100E8000FF3038BD426C12B152F821304BB92046C8
:100E900000F030F82A4601462046BDE8384000F010
:100EA00017B8012B0AD0591C03D116230360012067
:100EB000E7E7002442F82540284698470020E0E76D
:100EC000024B01461868FFF7D3BF00BF6401002042
:100ED00038B5074C0023054608461146236002F04A
:100EE00099F8431C02D1236803B12B6038BD00BFC1
:100EF000E430002002F086B80CB430B5174B0C1E5D
:100F00009DB01D6808DA8B232B604FF0FF301DB0B9
:100F1000BDE8304002B070474FF40273ADF81430B2
:100F200014BF04F1FF332346049307934FF6FF7376
:100F300002900690ADF81630209A21AB02A92846FF
:100F4000019301F051FD431CBCBF8B232B60002C8F
:100F5000DDD0029B00221A70D9E700BF6401002097
:100F60000EB400B59CB01DAB029006906FF000412E
:100F7000094807910491094953F8042B0591006829
:100F8000019302A901F030FD029B00221A701CB0EF
:100F90005DF804EB03B07047640100200802FFFF16
:100FA00010B50C46B1F90E1001F052FF0028ABBF8E
:100FB000636DA3891B1823F48053ACBF6365A381C1
:100FC00010BD2DE9F0411F468B89DB0505460C4617
:100FD000164605D502230022B1F90E1001F086F95C
:100FE000A389B4F90E1023F48053A38132463B4603
:100FF0002846BDE8F04100F069B910B50C46B1F9DA
:101000000E1001F073F9431CA38915BF606523F42A
:10101000805343F48053A38118BFA38110BDB1F95D
:101020000E1000F065B9C9B2034610F8012B1AB1D1
:101030008A42F9D118467047002918BF0023F9E702
:1010400010F8012B11F8013B012A28BF9A42F7D072
:10105000D01A7047034613F8012B002AFBD1181A47
:101060000138704710B56AB10139841810F8013B96
:1010700011F8012F934203D1A04201D0002BF5D1EA
:10108000981A10BD1046FCE770B50139044602B944
:1010900070BD234611F8015F03F8015B561E2DB9A0
:1010A0001444A342F4D003F8015BFAE71C4632462D
:1010B000EDE7F0B503787BB1044623782046661C43
:1010C0007BB14A1E631E12F8015F4DB113F8017F18
:1010D000AF423446F7D0F0E70B78002B18BF002062
:1010E000F0BD1846FCE72DE9F04780468946924658
:1010F0001E460F463D46089815F8014BFFF75EF86F
:101100002044437813F0080332D12D2C32D17C785F
:10111000BD1C0122002E5DD0102E09D1302C07D12C
:101120002B7803F0DF03582B4FD16C781026023553
:10113000002A14BF4FF000416FF000410027B1FBBF
:10114000F6FC384606FB1C1EA4F13003092B17D809
:101150001C46A64223DD7B1C07D084451CD301D14D
:10116000A64519DB00FB0640012715F8014BEBE70C
:101170002F46BFE72B2C04BFBD1C7C781A46C9E75D
:10118000A4F14103192B01D8373CE2E7A4F1610334
:10119000192B04D8573CDCE74FF0FF37E5E77B1C01
:1011A00008D12223C8F800300846BAF1000F07D151
:1011B000BDE8F08702B14042BAF1000FF8D00FB19C
:1011C00005F1FF39CAF80090F2E73024002EAFD1C4
:1011D0000826ADE7302CA3D00A26A9E7084B37B57F
:1011E0001C68084D236A002B08BF2B46009313464A
:1011F0000A4601462046FFF776FF03B030BD00BF28
:1012000064010020C801002010B50446FEF7DAFF93
:101210002044437803F00303012B08BF2034204609
:1012200010BD10B50446FEF7CDFF2044437803F00F
:101230000303022B08BF203C204610BD30B5141E0E
:1012400005469BB0184605DA8B232B604FF0FF3024
:101250001BB030BD4FF40273ADF80C3014BF04F175
:10126000FF332346029305934FF6FF7300910491D9
:10127000ADF80E3002461E9B6946284601F0B4FBCD
:10128000431CBCBF8B232B60002CE1D0009B0022B1
:101290001A70DDE707B5009313460A460146034876
:1012A0000068FFF7CBFF03B05DF804FB640100208A
:1012B00049B1FF2A85BF8A2303600A704FF0FF30CF
:1012C00098BF0120704708467047FFFF38B5074CAC
:1012D000054608461146002222601A46F3F746F9F1
:1012E000431C02D1236803B12B6038BDE4300020D9
:1012F00038B5064C0023054608462360F3F71AF973
:10130000431C02D1236803B12B6038BDE4300020B8
:101310002DE9F74F03690C69A3428046C0F2828031
:10132000013C01F114074FEA840C00F1140657F850
:10133000245056F8240006EB0C03013507EB0C098A
:101340000193B0FBF5F595B34FF0000A3846B64669
:10135000D34650F8042B93B205FB03A34FEA134A7C
:101360009BB2ABEB0303120CDEF800B005FB02A24C
:1013700013FA8BF34FEA124A1FFA82FBDEF80020C1
:10138000CBEB124202EB23429BB243EA024381457C
:101390004FEA224B4EF8043BDBD256F80C3033B9FF
:1013A000019B043B9E421A4630D3C8F81040404689
:1013B00001F0C6F9002825DB013530464FF0000C5E
:1013C00057F8042BD0F800E093B2ACEB0303120CF7
:1013D00013FA8EF3C2EB1E4202EB23429BB243EAA6
:1013E0000243B9454FEA224C40F8043BE8D256F894
:1013F000242006EB84032AB9043B9E421A460BD3F1
:10140000C8F81040284603B0BDE8F08F1268043BCE
:10141000002ACAD1013CC5E71268043B002AEFD17B
:10142000013CEAE70020EEE72DE9F04F57EC106BA6
:1014300097B0456A069104460B921293DDF88080BE
:10144000CDE900673DB91020FEF72EFF6062C0E9CC
:1014500001550560C560636A196851B15A684A60F0
:10146000012393408B60204600F088FF636A0022CE
:101470001A603B1EBBBF23F00043019300230122EF
:10148000ACBFC8F80030C8F80020AF4BDDF80480CE
:1014900033EA080314D1129A42F20F731360009BCF
:1014A00023B9C8F31300002800F04285219BDFF820
:1014B000ACB2002B00F044850BF1030300F03EBDFD
:1014C000DDE900670022002330463946FEF79EFB27
:1014D000814668B1129A01231360219B002B00F012
:1014E00024859A4B219A03F1FF3B136000F028BD3D
:1014F00014AA15A947EC106B204601F098F9C8F31F
:101500000A550490002D7CD0C7F3130343F07F5B92
:10151000B2464BF4401BA5F2FF35CDF84C900022AB
:101520008B4B50465946FDF751FF81A3D3E9002369
:10153000FEF704F980A3D3E90023FDF749FF06462F
:1015400028460F46FEF790F87DA3D3E90023FEF767
:10155000F5F802460B4630463946FDF739FF064698
:101560000F46FEF79BFB0022824600233046394699
:10157000FEF756FB48B15046FEF776F832463B463A
:10158000FEF744FB08B90AF1FF3ABAF1160F59D831
:10159000704901EBCA01DDE90023D1E90001FEF742
:1015A0005DFB002850D00AF1FF3A00230F93149BF3
:1015B0005D1BB5F1010849BFC5F101030023059387
:1015C0004FF0000858BF0593BAF1000F3EDB00232F
:1015D000D044CDF838A00793069B092B00F29080E9
:1015E000052BC4BF043B0693069BA3F10203CCBFAB
:1015F00000250125032B00F28F80DFE803F07D7FBB
:101600003171DDE914531D4405F23240202813DD09
:10161000C0F14000009B08FA00F805F2124023FADE
:1016200000F048EA0000FEF70FF801238246A1F11E
:10163000F87B013D139372E7009BC0F1200003FA91
:1016400000F0F0E70123B1E70F90B0E7059BA3EBB3
:101650000A030593CAF10003079300230E93BBE727
:1016600001230A930B9B002B59DD02939946666A6E
:1016700000227260042202F114009842716853D96A
:10168000204600F047FE636A3060B9F10E0FD3F8D0
:1016900000B000F2E680002D00F0E3809DED007BBD
:1016A000BAF1000F8DED107B74DD2A4A0AF00F03AA
:1016B00002EBC30393ED007B4FEA2A16F0068DED93
:1016C000087B65D5244BDDE91001D3E90823FEF73B
:1016D0005FF9CDE9000106F00F0603251E4F4CE02F
:1016E00001230A930B9B534403F1010902934B46D8
:1016F000012BB8BF0123BAE70023B2E70023F0E7CC
:101700000125002306930A954FF0FF330293994673
:10171000002212230B92AAE701230A93F4E7012384
:10172000029399461A46F5E7013171605200A2E72B
:1017300061436F63A787D23FB3C8608B288AC63FD7
:10174000FB799F501344D33F0000F07F873E020097
:101750000000F83FF8920200D09202006692020068
:10176000F10708D5DDE90801D7E90023FDF7E6FF19
:10177000CDE90801013576100837002EF0D1DDE9FA
:101780000823DDE90001FEF703F9CDE900011AE0C5
:101790000225A3E700F0A080CAF100069F4BA04FEE
:1017A00006F00F0203EBC203D3E90023DDE91001C9
:1017B000FDF7C4FFCDE90001361100230225002EFC
:1017C0007FD1002BE1D10F9B002B00F08780DDE95A
:1017D00000670022934B30463946FEF721FA002875
:1017E0007CD0B9F1000F79D0029B002B35DD0AF1D6
:1017F000FF330893394600228B4B3046FDF79EFF9E
:10180000CDE90001029F01352846FDF72DFFDDE9F6
:101810000023FDF793FF0022844BFDF7D9FD054619
:10182000A1F15076002F5DD10022814BDDE900014E
:10183000FDF7CCFD2A463346CDE90001FEF70EFA4E
:10184000002840F088822A4606F10043DDE90001C5
:10185000FEF7E6F9002840F07C82DDE91023CDE9AF
:101860000023159B002BC0F25081BAF10E0F00F33C
:101870004C816A4B03EBCA0393ED007B0B9B002B5F
:101880008DED027B80F2D880B9F1000F00F3D48097
:1018900040F05E820022664B51EC170BFDF74EFFC5
:1018A000DDE90023FEF7D0F94F464E46002840F010
:1018B000348231230BF101058BF800300AF1010A63
:1018C0002FE2F20705D5D7E90023FDF737FF0135F1
:1018D00001237610083772E7022574E7CDF820A0BF
:1018E0004F4691E74D4B03EBC70353E902010A9BB7
:1018F000002B47D002460B4600204E49FEF748F821
:101900002A463346FDF762FDCDE90C015D46DDE96F
:101910000001FEF7C3F90646FDF7A6FE02460B4698
:10192000DDE90001FDF752FD303605F8016BDDE918
:101930000C23CDE90001FEF773F9002863D1DDE93E
:10194000002300203749FDF741FDDDE90C23FEF7B8
:1019500067F9002840F0B780A5EB0B039F427FF7A3
:101960007CAF0022304BDDE90C01FDF7E7FE0022E1
:10197000CDE90C012C4BDDE90001FDF7DFFECDE9DF
:101980000001C4E72A463346FDF7D8FECDE90C0135
:101990000BEB07055E46DDE90001FEF77FF9074620
:1019A000FDF762FE303702460B46DDE90001FDF728
:1019B0000DFD06F8017BAE42CDE900014FF00002BB
:1019C00026D11C4BDDE90C01FDF702FD02460B465A
:1019D000DDE90001FEF742F9002874D1DDE90C23AE
:1019E00000201449FDF7F2FC02460B46DDE9000138
:1019F000FEF716F900283FF430AF15F8013C302B04
:101A000005F1FF3202D0DDF820A04AE01546F4E7E8
:101A1000054BFDF793FECDE90001BCE7F89202000B
:101A2000D09202000000F03F0000244000001C4063
:101A3000000014400000E03FDDE900675D46DDE99D
:101A4000022330463946FDF7A3FFFEF727F980460B
:101A5000FDF70AFEDDE90223FDF770FE02460B46A4
:101A60003046394608F13006FDF7B0FC05F8016B49
:101A7000A5EB0B06B14502460B4639D1FDF7A8FC94
:101A8000DDE9022306460F46FEF7E8F8C8B9DDE9AE
:101A9000022330463946FEF7B9F810B118F0010FAD
:101AA0000FD10499204600F069FC0023129A2B7094
:101AB0000AF101031360219B002B00F041821D609D
:101AC0003EE2CDF820A015F8012C392A05F1FF33AC
:101AD00008D19B450AD1089B0133089330238BF82A
:101AE00000305B461A7801321A708CE71D46EAE72F
:101AF00000229B4BFDF722FE0022002306460F46E4
:101B0000FEF784F800289AD0CBE70A9A002A00F062
:101B10008B80069A012A6EDC139A002A67D003F2A2
:101B20003343079F059D059A01211A4420460592DB
:101B3000984400F0C3FC0646002D0CDDB8F1000F00
:101B400009DD4545059A2B46A8BF4346D21A0592A2
:101B5000ED1AA8EB0308079BEBB10A9B002B67D09B
:101B60008FB131463A46204600F048FD049A0146BE
:101B70000646204600F0ABFC04990890204600F091
:101B8000FDFB089B0493079BDA1B04D004992046B5
:101B900000F034FD04900121204600F08FFC0E9BE4
:101BA0000746002B00F0D0811A460146204600F07F
:101BB00025FD069B012B074640DC009B002B39D1FD
:101BC000019BC3F31303002B36D1019B23F0004389
:101BD0001B0D1B052BB1059B0133059308F1010873
:101BE000012307930E9B002B2AD1012030E0149B88
:101BF000C3F1360395E7079B09F1FF37BB42BFBF2F
:101C0000079B0797FA1A0E9BBBBF9B180E93DF1B0F
:101C10000027B9F1000FB5BF059B059DA3EB090592
:101C20004B46B8BF00237EE7079F059D0A9E83E7CA
:101C3000079AABE70023D4E7009BD2E70023079382
:101C40003B6907EB8303186900F0EAFBC0F1200051
:101C5000404410F01F0047D0C0F12003042B3BDDAF
:101C6000059BC0F11C000344059305448044059B7B
:101C7000002B05DD1A460499204600F00DFD049066
:101C8000B8F1000F05DD39464246204600F004FD5C
:101C900007460F9B53B33946049800F051FD0028C6
:101CA00024DA00230A220499204600F07EFB0A9BD6
:101CB00004900AF1FF3A002B00F04D8100233146D9
:101CC0000A22204600F071FB029B002B06464FDCE7
:101CD000069B022B4CDD11E0C9D0059A1C331A4437
:101CE00005921D449844C2E70346F6E7B9F1000F98
:101CF00038DC069B022B35DDCDF80890029B63B9DA
:101D000039460522204600F050FB0146074604985C
:101D100000F016FD00283FF7CCAD0B9B5D466FEA47
:101D2000030A4FF000093946204600F027FB002E39
:101D30003FF4B7AEB9F1000F05D0B14503D0494625
:101D4000204600F01BFB3146204600F017FBA8E6BA
:101D500000273E46E1E7DDF820A03E46A9E500BFAA
:101D6000000024400A9BCDF80890002B00F0FA8078
:101D7000002D05DD31462A46204600F08DFC064642
:101D8000079B002B4CD07168204600F0C3FA3269E3
:101D900002320546920006F10C010C30FEF707FBFB
:101DA00001222946204600F077FC009BCDF814B0B4
:101DB00003F00103B1460793064639460498FFF73E
:101DC000A7FA4946054600F13008049800F0B8FC2F
:101DD000324600903946204600F0CCFCC3680246EB
:101DE00003BB01460890049800F0AAFC089A034639
:101DF00011462046089300F0C1FA089BA3B9069A41
:101E000092B9079A82B9B8F1390F29D0009B002BFB
:101E100001DD05F13108059B5D1C83F8008082E738
:101E20003046C2E70123E3E7009A002A04DB25D10C
:101E3000069A1ABB079A0ABB002BECDD0122049913
:101E4000204600F029FC3946049000F079FC002877
:101E500003DCE0D118F0010FDDD0B8F1390FD8D193
:101E6000059B059A5D1C3923137015F8013C392B2D
:101E700005F1FF324FD00133137054E7059A002B60
:101E800002F1010506DDB8F1390FE9D008F10108CA
:101E9000059BC2E7029A05F8018CA5EB0B03934260
:101EA00021D000230A220499204600F07EFAB14591
:101EB00004904FF000034FF00A024946204605D136
:101EC00000F073FA81460646059576E700F06DFA54
:101ED0003146814600230A22204600F066FA064673
:101EE000F2E74FF0000901220499204600F0D4FBEC
:101EF0003946049000F024FC0028B6DC02D118F02A
:101F0000010FB2D115F8013C302B05F1FF327FF4FF
:101F10000AAF1546F6E7934505D131230AF1010AC8
:101F20008BF80030FFE615469FE7DFF864B007E066
:101F3000219BDFF860B01BB10BF10803219A1360FD
:101F4000584617B0BDE8F08F069B012B7FF735AEE2
:101F50000E9B079349E6029B002B03DC069B022B9A
:101F60003FF7CCAE5D4639460498FFF7D1F900F152
:101F7000300805F8018B029AA5EB0B039A42B0DDFD
:101F800000230A220499204600F00FFA0490EAE7A1
:101F9000863E02005D9202008A892DE9F0410546E5
:101FA00010070C4658D44B68002B05DC0B6C002B3B
:101FB00002DC0020BDE8F081E66A002EF9D00023A3
:101FC00012F480522F68216A2B6032D0606DA38991
:101FD0005A0705D56368C01A636B0BB1236CC01A2E
:101FE00000230246E66A216A2846B047431CA389BB
:101FF00006D129681D2948D8294ACA40D60744D5A0
:1020000000226260D9042269226004D5421C01D1F9
:102010002B6803B96065616B2F600029C9D004F19A
:102020004403994202D02846FEF7EEF9002060638F
:10203000C0E701232846B047411CC8D12B68002BBC
:10204000C5D01D2B01D0162B01D12F60B1E7A3897C
:1020500043F04003A381ADE70F69002FA9D0930798
:102060000E6808BF4B690F6018BF0023A6EB070876
:102070008B60B8F1000F9CDD43463A46216AA66AA0
:102080002846B047002806DCA38943F04003A3811B
:102090004FF0FF308EE70744A8EB0008E9E700BFE8
:1020A0000100402038B50B6905460C46DBB118B17C
:1020B00083690BB900F060F80C4B9C4209D16C6845
:1020C000B4F90C307BB121462846BDE83840FFF713
:1020D00063BF074B9C4201D1AC68F1E7054B9C42C2
:1020E00008BFEC68ECE7002038BD00BF8C9202000E
:1020F000AC9202006C920200002310B50446C0E9C5
:102100000033836081814366C281C0E90433836107
:10211000194608225C30FEF76EF9054B6362054BE9
:10212000A362054BE362054B2462236310BD00BF2D
:10213000A10F0200C30F0200FB0F02001F100200DC
:10214000014900F097B800BFA520020070B54A1EF3
:10215000682555430E4605F17401FEF7A3F90446C0
:1021600040B10021C0E900160C30A06005F1680202
:10217000FEF741F9204670BD836910B5044633BBB4
:10218000C0E912330365124B124A1B6882629842FF
:1021900004BF0123836100F01FF86060204600F057
:1021A0001BF8A060204600F017F80022E060042130
:1021B0006068FFF7A1FF01220921A068FFF79CFFDB
:1021C00002221221E068FFF797FF0123A36110BDEF
:1021D0002091020041210200F8B51B4B1E68B36933
:1021E000074613B93046FFF7C7FF4836D6E9013432
:1021F000013B03D5336833B13668F7E7B4F90C50C7
:102200006DB16834F4E704213846FFF79FFF306072
:102210000028F1D10C233B6004462046F8BD0B4B4F
:102220006566C4E90055A560C4E90335C4E90555F0
:102230000822294604F15C00FEF7DDF8C4E90D55DB
:10224000C4E91255E9E700BF209102000100FFFF39
:1022500038B5074C00230546084611462360F2F7BF
:1022600011FA431C02D1236803B12B6038BD00BFB3
:10227000E43000202DE9F8438046894600F1480407
:10228000002614B93046BDE8F883D4E90175013F52
:1022900001D52468F5E7AB89012B07D9B5F90E30D4
:1022A000013303D029464046C84706436835EEE768
:1022B00038B5064C0023054608462360F2F7A6F918
:1022C000431C02D1236803B12B6038BDE4300020E9
:1022D000044B1B68186A044B002808BF1846F030EE
:1022E000704700BF64010020C801002038B5074CCA
:1022F000054608461146002222601A46F2F7A2F966
:10230000431C02D1236803B12B6038BDE4300020A8
:102310007047704770B5456A04460E463DB91020B7
:10232000FDF7C2FF6062C0E901550560C560656ADE
:10233000EB6883B1636ADB6853F82600B8B9012102
:1023400001FA06F56A1D9200204600F0BFFA60B15E
:10235000C0E901650EE021220421204600F0B6FA12
:10236000636AE860DB68002BE4D1002070BD02687E
:1023700043F826200023C0E90333F7E770B5446A29
:1023800006460D463CB91020FDF78EFF7062C0E98D
:1023900001440460C4603DB1736A6A68DB6853F845
:1023A0002210296043F8225070BD2DE9F0410D69DB
:1023B0001F4606460C4601F1140C0023DCF8000011
:1023C00081B202FB01710F0C000C02FB007089B29C
:1023D000013301EB00419D424FEA10474CF8041BCA
:1023E000ECDCD7B1A368AB4212DC61683046013146
:1023F000FFF790FF2269023204F10C01804692003F
:102400000C30FDF7D4FF21463046FFF7B7FF4446B6
:1024100004EB850301355F6125612046BDE8F0814D
:10242000020C12040346B2B90304102013F07F4FCC
:1024300004BF1B02083013F0704F04BF1B010430AF
:1024400013F0404F04BF9B000230002B06DB5B0003
:1024500003D5013070470020E8E72020704703686B
:1024600013F0070201460BD0DA0723D4980749BFBF
:102470005B089B0801200B605CBF0B60022070476B
:1024800098B2A8B91B0C102013F0FF0F04BF1B0A51
:1024900008301A0704BF1B0904309A0704BF9B08C1
:1024A0000230DA0702D45B0806D001300B607047B7
:1024B0001046E9E7002070472020704710B50C4611
:1024C0000121FFF727FF01224461026110BD2DE9C0
:1024D000F74F14460A6923699A42B8BF0B468846EB
:1024E000BCBFA0461C46D8F81070D4F81090D8F89D
:1024F0000830D8F8041007EB0906B342B8BF013121
:10250000FFF708FF00F1140505EB860E2B460022AD
:10251000734516D304F1140208F1140102EB890388
:1025200001EB87070093009B019293420CD8002E89
:1025300003DD5EF8043D002B5DD0066103B0BDE80D
:10254000F08F43F8042BE3E7B2F800B0BBF1000FC3
:1025500023D08946AC464FF0000859F8044BDCF80C
:1025600000A0A3B21FFA8AFA0BFB03A34FEA144A96
:10257000DCF8004043444FEA14480BFB0A8404EBA8
:102580001344E2469BB243EA04434F454FEA1448E2
:102590004AF8043B2BD8CCF80480019BB3F802A086
:1025A0000432BAF1000F20D02B688946A8464FF0BC
:1025B000000BB9F800C0B8F802400AFB0C445C44B8
:1025C000C4469BB243EA04434CF8043B59F8043B2D
:1025D000B8F804B01B0C0AFB03B303EB14434F45DC
:1025E0004FEA134B05D8C8F8043004359BE7D446AE
:1025F000B3E7E046DDE7013E99E7FFFF2DE9F84349
:10260000154612F0030206460F4607D0013A214C48
:10261000002354F82220FFF7C8FE0746AD1035D03E
:10262000746A3CB91020FDF73FFE7062C0E90144B6
:102630000460C460D6F82480D8F808404CB940F251
:1026400071213046FFF73AFF0023C8F8080004461E
:1026500003604FF00008EB070AD5394622463046A2
:10266000FFF735FF394681463046FFF787FE4F4674
:102670006D100BD0206838B9224621463046FFF74E
:1026800026FF2060C0F800800446E4E73846BDE835
:10269000F88300BFC09302002DE9F0470C464FEAD3
:1026A000621A236949680AEB0309A36807461646BC
:1026B00009F10105AB4232DB3846FFF72BFE002360
:1026C000804600F114011A4653452BDB20692AEAA3
:1026D000EA7A04F1140316F01F0201EB8A0103EBFE
:1026E000800C25D0C2F1200E00201E688A4696403C
:1026F00030434AF8040B53F8040B9C4520FA0EF0C3
:1027000014D8486008B109F10205013D3846C8F8FF
:1027100010502146FFF732FE4046BDE8F0870131F8
:102720005B00C7E741F823200133CDE75146DCE7E2
:10273000043953F8042B41F8042F9C45F9D8E4E7F9
:1027400003690A699B1A30B50CD192001430143118
:102750008418114454F8045D51F8042D954203D0B7
:1027600005D30123184630BDA042F3D3FAE74FF05A
:10277000FF33F7E72DE9F0470D4607461146284697
:102780001446FFF7DDFF061E08D131463846FFF735
:10279000C1FD0123C0E90436BDE8F087A4BF23468C
:1027A0002C4638466168A6BF1D4600260126FFF765
:1027B000B1FD2B69C660266905F1140904F1140204
:1027C00002EB860709EB830800F114054FF0000EB9
:1027D00052F804AB59F8044B1EFA8AF1A3B2C91A95
:1027E000230CC3EB1A4303EB214389B24FEA234E78
:1027F000C84541EA0343944645F8043BE8D8BC4544
:1028000004D355F8043D83B10661C5E75CF8041BA9
:102810001EFA81F31A1402EB11429BB243EA0243FF
:102820004FEA224E45F8043BE9E7013EE9E72DE98E
:10283000F7430E46012159EC108B1546FFF76AFD50
:10284000C9F30A540746C9F3130334BB0193B8F123
:10285000000327D002A840F8083DFFF700FE0099CA
:10286000F0B1019AC0F1200302FA03F30B43C24016
:102870007B610192019BBB61002B14BF02210121EE
:102880003961C4B1A4F2334404443460C0F135006A
:102890002860384603B0BDE8F08343F48013D5E7E1
:1028A0007961E7E701A8FFF7DAFD019B7B61012170
:1028B00039612030E5E707EB8103A0F23240306058
:1028C0001869FFF7ADFDC0EB4110E1E738B502FB39
:1028D00001F42146FDF7E6FD054618B12246002128
:1028E000FDF789FD284638BDF8B5074614460E4663
:1028F00021B91146BDE8F840FDF7D4BD22B9FDF776
:1029000083FD25462846F8BD00F074FBA0420FD297
:1029100021463846FDF7C6FD05460028F2D031466F
:102920002246FDF744FD31463846FDF76DFDE9E7E7
:102930003546E7E72DE9F0478E689E4282460C4611
:102940009046994637D88A8912F4906F31D025681D
:1029500009696F1A6569022305EB450595FBF3F5D7
:1029600009F101033B449D4238BF1D46530530D554
:102970002946FDF797FD064650B90C23CAF80030EA
:10298000A38943F04003A3814FF0FF30BDE8F087F7
:102990003A462169FDF70BFDA38923F4906343F0C8
:1029A0008003A381266165613E44ED1B2660A5601E
:1029B0004E464E4500D94E46324641462068FDF708
:1029C00001FDA3689B1BA36023681E4426600020B2
:1029D000DCE72A46FFF788FF06460028E2D1216996
:1029E0005046FDF711FDC8E72DE9F04F9DB0804638
:1029F00003938B891D060C4616460FD50B696BB9E0
:102A00004021FDF74FFD2060206128B90C23C8F854
:102A100000304FF0FF30C7E040236361002309938B
:102A200020238DF8293030238DF82A304FF0010B08
:102A300037463D4615F8013B0BB1252B3ED1B7EB90
:102A4000060A0BD05346324621464046FFF772FF36
:102A5000013000F0A480099B534409933B78002B7C
:102A600000F09D8000234FF0FF32CDE90523049351
:102A700007938DF853301A932F46052217F8011B40
:102A80004F48FDF735FC049BD0B9D90644BF20223E
:102A90008DF853201A0744BF2B228DF853202A7833
:102AA0002A2A15D0079A2F4600200A25394611F800
:102AB000013B303B092B4DD9B8B10FE02F46B8E7A9
:102AC0003F4A801A0BFA00F0184304903D46D3E7C2
:102AD000039A111D12680391002A01DB079204E09A
:102AE000524243F00203079204933B782E2B0CD101
:102AF0007B782A2B33D1039B1A1D1B680392002B72
:102B0000B8BF4FF0FF33023705932E4D39780322BB
:102B10002846FDF7EDFB38B14023401B03FA00F0D7
:102B2000049B034301370493397827488DF8281014
:102B300006227E1CFDF7DCFB002838D0234B13BB9C
:102B4000039B073323F0070308330393099B4B448C
:102B500009936DE705FB023201200F46A6E700232B
:102B60000137059319460A25384610F8012B303AEB
:102B7000092A03D9002BC8D00591C6E705FB01211E
:102B800001230746F0E703AB00932246104B04A94C
:102B90004046FDF775FDB0F1FF3F8146D6D1A389D0
:102BA0005B063FF536AF09981DB0BDE8F08F03AB6B
:102BB00000932246064B04A94046FEF717F8EAE7C1
:102BC000CC930200D2930200D69302008106020049
:102BD000352902009368013B002B10B4936008DA9A
:102BE0009469A34201DB0A2903D15DF8044B00F08C
:102BF00041B91368581C1060197008465DF8044B01
:102C00007047F8B506460F461446D518AC4201D1B8
:102C1000002007E03A4614F8011B3046FFF7DAFFC0
:102C2000431CF3D1F8BDFFFF2DE9F04F9DB00C46DA
:102C300017460393064618B183690BB9FFF79CFA50
:102C40007B4B9C4257D17468A38918075DD52369D3
:102C5000002B5AD00023099320238DF829303023EC
:102C60008DF82A304FF0010BB846454615F8013B68
:102C70000BB1252B54D1B8EB070A0BD053463A467B
:102C800021463046FFF7BDFF013000F0C280099BAE
:102C90005344099398F80030002B00F0BA800023C9
:102CA0004FF0FF32CDE90523049307938DF853309D
:102CB0001A93A846052218F8011B5E48FDF718FB79
:102CC000049B78BBD90644BF20228DF853201A07F5
:102CD00044BF2B228DF853202A782A2A2AD0079A1B
:102CE000A84600200A25414611F8013B303B092B3C
:102CF00069D960B324E0504B9C4201D1B468A3E78A
:102D00004E4B9C4208BFF4689EE72146304600F0D7
:102D100003F900289ED04FF0FF301DB0BDE8F08FC2
:102D2000A846A2E7434A801A0BFA00F01843049021
:102D30004546BEE7039A111D12680391002A01DB84
:102D4000079204E0524243F002030792049398F87A
:102D500000302E2B0ED198F801302A2B38D1039B4E
:102D60001A1D1B680392002BB8BF4FF0FF3308F108
:102D700002080593324D98F8001003222846FDF70B
:102D8000B7FA40B14023401B03FA00F0049B034311
:102D900008F10108049398F800102A488DF82810CB
:102DA000062208F10107FDF7A3FA002837D0264BC9
:102DB0001BBB039B073323F0070308330393099BD3
:102DC0004B44099350E705FB0232012088468AE70D
:102DD000002308F10108059319460A25404610F81A
:102DE000012B303A092A03D9002BC3D00591C1E742
:102DF00005FB012101238046F0E703AB0093224647
:102E0000124B04A93046FDF73BFCB0F1FF3F814671
:102E1000D5D1A3895B063FF57EAF09987DE703AB6B
:102E200000932246094B04A93046FDF7DFFEECE78C
:102E30008C920200CC930200AC9202006C920200D1
:102E4000D2930200D693020081060200032C0200F6
:102E500038B5074C054608461146002222601A463E
:102E6000F1F7B0FB431C02D1236803B12B6038BDDE
:102E7000E4300020F8B50E461446054618B18369C3
:102E80000BB9FFF779F9214B9C422AD16C68A369F1
:102E9000A360A3891A072ED5236963B32369206829
:102EA000C01A6369F6B28342374604DC21462846DD
:102EB000FFF7F8F828BBA368013BA36023685A1CFE
:102EC00022601E7063690130834204D0A389DB074E
:102ED00019D50A2E17D121462846FFF7E3F890B1FD
:102EE0000FE00B4B9C4201D1AC68D0E7094B9C42F0
:102EF00008BFEC68CBE72146284600F00DF8002813
:102F0000CCD04FF0FF373846F8BD00BF8C9202009E
:102F1000AC9202006C920200324B70B51D680646FE
:102F20000C4625B1AB6913B92846FFF725F92E4B9E
:102F30009C420FD16C68B4F90C309AB215072CD4AE
:102F4000D00611D40922326043F04003A3814FF030
:102F5000FF303EE0254B9C4201D1AC68EBE7244BAF
:102F60009C4208BFEC68E6E7510712D5616B41B19E
:102F700004F14403994202D03046FDF745FA00239C
:102F80006363A38923F02403A3810023636023697F
:102F90002360A38943F00803A38123694BB9A38964
:102FA00003F42073B3F5007F03D021463046FDF7CC
:102FB0003BF9A28912F001030CD00023A3606369DE
:102FC0005B42A361236953B9B4F90C3013F080005C
:102FD000BAD170BD920758BF6369A360F2E70020C1
:102FE000F7E700BF640100208C920200AC9202005F
:102FF0006C92020051F8043C181F002BBCBF0B5808
:10300000C0187047024B58221A604FF0FF307047CB
:10301000E4300020024B58221A604FF0FF30704716
:10302000E4300020FEE700BF4275696C74207769C8
:1030300074682052656E6573617320416476616EB9
:1030400063656420466C657869626C6520536F66C1
:103050007477617265205061636B61676520766586
:103060007273696F6E20342E302E3000342E302E65
:103070003000000000000004F8B500BFF8BC08BC38
:103080009E467047F8B500BFF8BC08BC9E46704726
:103090003D3D3D20426F696C6572204173736973D9
:1030A00074616E742076332E3120426F6F74203D30
:1030B0003D3D0050726F626520257500313233410D
:1030C00034353642373839432A3023440000000073
:1030D00000000000BF5E0000B95E0000B15E0000AD
:1030E000CDCCCC3D0AD7233C17B7D13877CC2B3287
:1030F0009595E6241FB14F0A000020410000C84208
:1031000000401C4620BCBE4CCA1B0E5AAEC59D7466
:103110009A9999999999B93F7B14AE47E17A843F7E
:103120002D431CEBE2361A3F3A8C30E28E79453E55
:10313000BC89D897B2D29C3C33A7A8D523F649398D
:103140003DA7F444FD0FA5329D978CCF08BA5B25AF
:10315000436FAC642806C80A000000000000244049
:103160000000000000005940000000000088C3403B
:103170000000000084D797410080E03779C34143C5
:10318000176E05B5B5B89346F5F93FE9034F384DCD
:10319000321D30F94877825A3CBF737FDD4F157579
:1031A000426F696C6572417373697374616E740008
:1031B0004D5154543A2064697361626C65642062B5
:1031C0006563617573652062726F6B6572206175EE
:1031D0007468656E7469636174696F6E20697320C9
:1031E0006E6F7420636F6E66696775726564004800
:1031F0004947482054454D50455241545552452069
:103200004C4F434B4F555400484947482054454D77
:10321000504552415455524520434C454152454436
:103220000054414E4B2050524F4245204641554C90
:1032300054202D2053595354454D2053544F505032
:1032400045440054414E4B2050524F424520464188
:10325000554C5420434C4541524544004558484143
:103260005553542050524F4245204641554C54200E
:103270002D2046414E20313030252046414C4C42D5
:1032800041434B00455848415553542050524F42FA
:1032900045204641554C5420434C4541524544003D
:1032A000454D42455220475541524449414E2041E7
:1032B000435449564500454D4245522047554152D9
:1032C0004449414E20434C454152454400626F6998
:1032D0006C65722F636D642F23007B7B76616C7548
:1032E000655F6A736F6E2E657868617573747D7D36
:1032F00000457868617573742054656D70006D6465
:10330000693A6669726500C2B046007B7B76616C83
:1033100075655F6A736F6E2E66616E7D7D004661B6
:103320006E205370656564006D64693A66616E0075
:103330007B7B76616C75655F6A736F6E2E66616EFE
:103340005F66696E616C7D7D0046616E2046696EC8
:10335000616C204F7574707574006D64693A6661B4
:103360006E2D73706565642D33007B7B76616C75A3
:10337000655F6A736F6E2E727373697D7D00576926
:103380004669205369676E616C00776966695F738F
:1033900069676E616C006D64693A7769666900738C
:1033A00069676E616C5F737472656E6774680064E0
:1033B000426D007B7B76616C75655F6A736F6E2E04
:1033C00073746174657D7D004275726E2053746103
:1033D0007465006275726E5F7374617465006D640C
:1033E000693A666972652D616C657274007B7B76E3
:1033F000616C75655F6A736F6E2E73746174655F5F
:10340000746578747D7D004275726E2050686173BA
:10341000652054657874007B7B76616C75655F6AA6
:10342000736F6E2E656D6265725F67756172646938
:10343000616E5F6163746976657D7D00456D62656F
:103440007220477561726469616E204163746976A8
:1034500065006D64693A736869656C6400706F77C4
:103460006572007B7B76616C75655F6A736F6E2E2B
:10347000656D6265725F677561726469616E5F73C5
:1034800065636F6E64737D7D00456D626572204774
:103490007561726469616E205365636F6E64732039
:1034A00052656D61696E696E67006D64693A746931
:1034B0006D65722D73616E64006475726174696FFD
:1034C0006E007B7B76616C75655F6A736F6E2E65CF
:1034D0006D6265725F677561726469616E5F6D6967
:1034E0006E757465737D7D00456D626572204775EC
:1034F00061726469616E204D696E757465732052E6
:10350000656D61696E696E67006D64693A74696DB5
:103510006572007B7B76616C75655F6A736F6E2E7A
:10352000656D6265725F677561726469616E5F7215
:10353000656D61696E696E675F746578747D7D0025
:10354000456D62657220477561726469616E2052D3
:10355000656D61696E696E672054657874006D648D
:10356000693A74696D65722D73616E642D636F6D58
:10357000706C65746500626F696C65722F636D6451
:103580002F656D6265725F677561726469616E5FF8
:103590006F7665727269646500456D626572204779
:1035A0007561726469616E204F76657272696465D7
:1035B000006D64693A736869656C642D6F666600B6
:1035C00077617465725F2564005761746572205479
:1035D000656D70202564007B7B76616C75655F6A24
:1035E000736F6E2E77617465725B25645D7D7D00FF
:1035F0006D64693A636F6F6C616E742D74656D7084
:1036000065726174757265007B7B76616C75655F50
:103610006A736F6E2E74656D707D7D004F75746476
:103620006F6F722054656D70006F7574646F6F7288
:103630005F74656D70006D64693A746865726D6F72
:103640006D65746572007B7B76616C75655F6A730E
:103650006F6E2E68756D7D7D004F7574646F6F722F
:103660002048756D6964697479006F7574646F6F53
:10367000725F68756D006D64693A77617465722D6B
:1036800070657263656E740068756D6964697479DC
:10369000007B7B76616C75655F6A736F6E2E7072EE
:1036A00065737D7D004F7574646F6F722050726515
:1036B0007373757265006F7574646F6F725F70728B
:1036C0006573006D64693A6761756765007072655E
:1036D000737375726500626F696C65722F636D64D8
:1036E0002F736574706F696E7400457868617573C7
:1036F0007420536574706F696E7400626F696C65D5
:10370000722F636D642F626F6F737400426F6F73FB
:10371000742054696D65006D64693A726F636B65FE
:10372000742D6C61756E636800626F696C65722FD1
:10373000636D642F6465616462616E6400446561F9
:103740006462616E64006D64693A6172726F772DB4
:10375000657870616E642D766572746963616C0062
:10376000626F696C65722F636D642F636C616D703D
:103770005F6D696E0046616E20436C616D70204D17
:10378000696E00626F696C65722F636D642F636C84
:10379000616D705F6D61780046616E20436C616D94
:1037A00070204D617800626F696C65722F636D6483
:1037B0002F646561647A6F6E6500446561647A6F39
:1037C0006E652046616E204D6F6465006D64693AD8
:1037D000746F67676C652D73776974636800626FD7
:1037E000696C65722F636D642F656D62657200454B
:1037F0006D62657220477561726469616E204D6902
:103800006E7574657300626F696C65722F636D64A9
:103810002F666C75655F6C6F7700466C7565204C24
:103820006F77205468726573686F6C64006D6469AB
:103830003A746865726D6F6D657465722D616C6543
:10384000727400626F696C65722F636D642F666CB1
:1038500075655F72656300466C7565205265636FC0
:1038600076657279205468726573686F6C64006D58
:1038700064693A746865726D6F6D657465722D6305
:10388000686576726F6E2D757000626F696C657217
:103890002F636D642F6C6F636B6F7574005365617C
:1038A000736F6E204C6F636B6F757420486F757209
:1038B00073006D64693A74696D65722D6C6F636B2A
:1038C00000626F696C65722F636D642F6175746F30
:1038D0005F736561736F6E004175746F205365612E
:1038E000736F6E006D64693A63616C656E646172DA
:1038F0002D73796E6300626F696C65722F636D64FE
:103900002F736561736F6E5F6D6F646500536561E2
:10391000736F6E204D6F6465006D64693A63616C0E
:10392000656E64617200626F696C65722F636D64AD
:103930002F73756D6D65725F736574706F696E74EA
:103940000053756D6D657220536574706F696E7488
:1039500000626F696C65722F636D642F7370665FB0
:10396000736574706F696E7400537072696E672F3F
:1039700046616C6C20536574706F696E7400626F81
:10398000696C65722F636D642F77696E7465725F01
:10399000736574706F696E740057696E7465722018
:1039A000536574706F696E7400626F696C65722F15
:1039B000636D642F65787472656D655F736574708F
:1039C0006F696E740045787472656D652053657417
:1039D000706F696E7400626F696C65722F636D64DD
:1039E0002F74616E6B5F6C6F770054616E6B204C4F
:1039F0006F7720536574706F696E74006D64693AF7
:103A000077617465722D626F696C657200626F69AF
:103A10006C65722F636D642F74616E6B5F6869678C
:103A2000680054616E6B2048696768205365747044
:103A30006F696E7400484947485F54454D500054C3
:103A4000414E4B5F50524F42455F4641554C5400EA
:103A5000455848415553545F50524F42455F464187
:103A6000554C5400454D4245525F475541524449DB
:103A7000414E0076616C7565002F73756D6D6572D2
:103A80005F7374617274002F7370665F7374617218
:103A900074002F77696E7465725F7374617274005D
:103AA0002F65787472656D655F7374617274002F31
:103AB00073756D6D65725F627566666572002F73F2
:103AC00070665F627566666572002F77696E7465F1
:103AD000725F627566666572002F65787472656DD7
:103AE000655F627566666572002F70726F62655FF2
:103AF000726F6C650070687973002F666163746F14
:103B000072795F726573657400636F6E6669726D5A
:103B100000636F6465006D65737361676500746948
:103B20006D657374616D705F6D7300626F696C6554
:103B3000722F616C6572740045584841555354208A
:103B400053454E534F52204E454544532052455005
:103B50004C4143454D454E54202D2046414E203189
:103B60003030252046414C4C4241434B0049444CA7
:103B7000450052414D5000484F4C4400554E4B4E6D
:103B80004F574E00454D4245525F47554152440004
:103B90006578686175737400657868617573745FC2
:103BA000736D6F6F746800657868617573745F72A8
:103BB000617700657868617573745F66616C6C62CB
:103BC00061636B00657868617573745F616C6572C1
:103BD000740074616E6B5F74656D700074616E6B00
:103BE0005F73656E736F725F6F6B0066616E5F64AB
:103BF000656D616E640066616E5F66696E616C0022
:103C000066616E5F70776D5F70657263656E74007C
:103C100061646170746976655F736C6F7065007262
:103C200073736900656D6265725F6775617264695F
:103C3000616E5F61637469766500656D6265725F70
:103C4000677561726469616E5F7365636F6E6473DB
:103C500000656D6265725F677561726469616E5F50
:103C60006D696E75746573002564206D696E757479
:103C700065732072656D61696E696E6700656D625E
:103C800065725F677561726469616E5F72656D61AF
:103C9000696E696E675F7465787400626F6F7374C4
:103CA0005F73746172740072616D705F73746172BE
:103CB0007400686F6C645F737461727400656D6228
:103CC00065725F737461727400636F6E74726F6C8F
:103CD0005F6D6F6465007361666574795F737461AD
:103CE00074650074616E6B5F6C6F775F7365747081
:103CF0006F696E740074616E6B5F686967685F738B
:103D00006574706F696E7400626F696C65722F7391
:103D10007461746500696E6465780074656D705FC8
:103D20006600636F6E74726F6C735F74616E6B00AC
:103D3000636F756E7400626F696C65722F77617462
:103D4000657200626F696C65722F6F7574646F6F56
:103D5000720066616E5F6D696E0066616E5F6D61B7
:103D60007800626F6F73745F73656300656D626581
:103D7000725F6D696E006C6F636B6F75745F6872F4
:103D800000626F696C65722F73657474696E677316
:103D90000025732F6E756D6265722F25732F257345
:103DA0002F636F6E666967007374657000686F6D6E
:103DB00065617373697374616E740025732F736525
:103DC0006E736F722F25732F25732F636F6E666965
:103DD0006700626F696C65725F61737369737461A8
:103DE0006E74005F00756E69715F69640073746161
:103DF000745F740076616C5F74706C00756E6974CA
:103E00005F6F665F6D656173006465765F636C61AB
:103E1000006963006465760069647300426F696CD1
:103E2000657220417373697374616E74006D66000E
:103E30004B61726C006D646C00554E4F2052342003
:103E40005769466900737700332E330025732F734B
:103E500077697463682F25732F25732F636F6E66E0
:103E6000696700636D645F74006E756C6C002F2F62
:103E7000272722225C5C6208660C6E0A720D7409A8
:103E8000005C753030303000747275650066616CAE
:103E9000736500FF680900206A0900206C09002092
:103EA0006E090020700900207109002072090020AD
:103EB00073090020480900204A0900204C0900200D
:103EC0004E0900205009002052090020540900200A
:103ED00056090020580900205A0900205C090020DA
:103EE0005E090020600900206209002064090020AA
:103EF000660900209C4A0200FD4A0200124B0200A3
:103F0000274B02003C4B0200514B0200664B020063
:103F10007B4B0200904B0200A54B0200BA4B020003
:103F2000CF4B0200E44B0200F94B02000E4C0200A2
:103F3000234C0200384C02004D4C0200624C02003F
:103F4000774C02008C4C0200B14A0200C44A0200C5
:103F5000D74A0200EA4A0200554E4B4E4F574E20B8
:103F6000534541534F4E20202020002020203C2D3F
:103F7000004F4E20004F464600343A20454D424502
:103F80005220475541524449414E202000333A20A7
:103F9000444541445A4F4E452046414E2020202062
:103FA00000323A20434C414D502F4442414E442F61
:103FB000424F4F535400313A2045584841555354CD
:103FC00020534554504F494E540043555252454E8C
:103FD000543A2025336446004E45573A2025730055
:103FE0002A3D4241434B202020233D53415645204A
:103FF00020202000455848415553542053455450E3
:104000004F494E54202000313A204D494E20434C18
:10401000414D503A20253364252500323A204D4148
:104020005820434C414D503A202533642525003318
:104030003A204445414442414E443A2020253364CD
:104040004600343A20424F4F53542054494D4520A6
:10405000202020200043555252454E543A2025330B
:1040600064252500534554204D494E20434C414D75
:1040700050202020202000534554204D41582043FB
:104080004C414D50202020202000534554204445D1
:10409000414442414E4420202020202000313A4615
:1040A000414E20414C57415953204F4E202573001B
:1040B000323A46414E20414C4C4F574544204F46E2
:1040C00046202573002A3D4241434B2020202020DA
:1040D000202020202020202000444541445A4F4EDB
:1040E000452046414E2052554C455300333A204618
:1040F0004C554520524543205448524553482000D2
:10410000323A20464C5545204C4F57205448524592
:1041100053482000313A2054494D45522020202058
:104120002020202020202000454D42455220475588
:1041300041524449414E20202020004355525245CF
:104140004E543A20253264204D494E00454D42459B
:10415000522054494D455220202020202020004646
:104160004C5545204C4F5720544852455348202029
:104170002000464C5545205245434F564552592044
:10418000544852200043555252454E543A2025334C
:1041900064205345430053455420424F4F5354200D
:1041A00054494D452020202000343A2053414645B3
:1041B00054592053544154555320202000333A2061
:1041C00048494748205741544552205345542020E0
:1041D00000323A204C4F5720574154455220534506
:1041E0005420202000313A2052554E204D4F444556
:1041F000202020202020202000313A20434F4E5400
:10420000494E554F5553257300323A204155544F6E
:104210002054414E4B25730053454C454354205286
:10422000554E204D4F444520202000204C4F572014
:1042300057415445522053455450542020200048A3
:104240004947482057415445522053455450542023
:10425000200053544154453A204C4F434B4F555442
:104260000054414E4B3A2025336446002A3D5245C6
:1042700053455420202020202020202020202000D2
:1042800020534146455459205354415455532020FE
:104290002020200053544154453A204F4B004849B8
:1042A0004748204C494D49543A2031393046002086
:1042B0002020413A59455320202020423A4E4F2099
:1042C0002020200021214E4F204155544F2053489B
:1042D0005554444F574E2121002149474E4F5245D6
:1042E00053202054414E4B2054454D502100212154
:1042F000434F4E54494E554F555320204D4F444542
:10430000212100323A204C4F434B4F55542F4D4FF3
:1043100044452020202000313A20534541534F4E40
:104320005320202020202020202000454E56495296
:104330004F4E4D454E542020202020202000343A5E
:104340002045585452454D45202020202020202033
:104350002000333A2057494E544552202020202037
:10436000202020202000323A20535052494E472F1F
:1043700046414C4C202020202000313A2053554DFE
:104380004D45522020202020202020202000333A9C
:1043900020455848415553542053455450542020EB
:1043A0002000323A2048595354455245534953202E
:1043B000202020202000313A2053544152542054D0
:1043C000454D5020202020202000363A204D4158D5
:1043D00020434C414D502020202020202000353A01
:1043E0002054414E4B204C4F57202020202020208D
:1043F0002000343A2054414E4B2048494748202061
:104400002020202020004544495420535441525438
:104410002054454D502020200045444954204859FF
:104420005354455245534953202020004544495494
:104430002045584820534554504F494E542000457C
:104440004449542054414E4B20484947482020209D
:104450002000454449542054414E4B204C4F572096
:10446000202020200045444954204D415820434CF1
:10447000414D502020202000333A204C4F434B4FD9
:10448000555420484F55525320202000323A2041A5
:1044900055544F2D534541534F4E2020202020008E
:1044A000313A204D4F44452020202020202020203C
:1044B000202020004C4F434B4F5554202F204D4F70
:1044C00044452020202000313A204F4646257300E5
:1044D000323A2055534552257300333A2041555402
:1044E0004F257300454E5649524F4E4D454E542070
:1044F0004D4F44450043555252454E543A20257382
:1045000000233D4241434B2020202020202020201A
:1045100020202020002A3D544F47474C4520202092
:104520002020202020202020004155544F2D53458D
:1045300041534F4E2020202020202000435552522E
:10454000454E543A2025326C75004C4F434B4F5525
:104550005420484F555253202020202000333A2029
:104560004E4554574F524B494E4720202020202083
:1045700000323A20424D4532383020535441545590
:104580005320202000313A2050524F424520524FB4
:104590004C455320202020200053454E534F52536A
:1045A0002026204E4554574F524B2000524F4C4529
:1045B000203A20252D3136730050524F42453A2083
:1045C00025640054454D50203A2025342E3166464E
:1045D0000054454D503A202D2D2D2E2D460057418B
:1045E0005445522050524F424520524F4C45532083
:1045F00020202020202000434845434B205749528B
:10460000494E4720202020202000424D453238309E
:10461000204552524F52202020202020004F555438
:104620002054454D503A20202020202025332E3183
:1046300066460048554D49444954593A20202020A7
:10464000202025322E3166252500505245535355E2
:1046500052453A20202025332E31666850610042B1
:104660004D4532383020535441545553202020209A
:10467000202000323A20464143544F52592052459F
:1046800053455420202000313A204E4554574F5274
:104690004B20494E464F20202020004E4554574F76
:1046A000524B494E472020202020202020005255E8
:1046B0004E2053455455502041502020202020208A
:1046C000004E4F205749464920434F4E4649472008
:1046D000202020004E4554574F524B20494E464F04
:1046E00020202020202000434845434B20524F5596
:1046F00054455220202020202000574946493A2086
:104700004E4F5420434F4E4E202020200049503A17
:104710002533642E2533642E2533642E253364001F
:10472000574946493A20434F4E4E4543544544006D
:10473000525353493A25346464426D202A3D424124
:10474000434B00423A204E4F2020202020202020A2
:10475000202020202000413A2059455320202020AD
:10476000202020202020202000574946492F4D514D
:1047700054542F4F544120202020200052455345AF
:1047800054204E4554574F524B3F2020202000428A
:104790003A2043414E43454C202020202020202019
:1047A0002000413A20434F4E4649524D20202020C0
:1047B000202020200054484953204552415345535E
:1047C00020414C4C20202000434F4E4649524D2062
:1047D00052455345542020202020002020424F499C
:1047E0004C455220415353495354414E54202000CC
:1047F00020202020494E495449414C495A494E47AE
:104800002020202000202053595354454D20434858
:1048100045434B204F4B20202000202020202020EB
:1048200057454C434F4D452020202020202000207C
:10483000204C4F4144494E472053595354454D5302
:1048400020202000202020202020202056332E3120
:10485000202020202020202000204558484155536A
:10486000542053454E534F5220424144200020547F
:10487000414E4B2053454E534F522042414420203D
:104880002020002053454E534F5220554E4B4E4F43
:10489000574E20202020200020424F5448205345CE
:1048A0004E534F52532042414420202000202020CC
:1048B0002020544F205245534554202020202020B2
:1048C00020002020202020205052455353202A2011
:1048D0002020202020200020202044414D504552FF
:1048E0002F46414E204F46462020200020202045C4
:1048F0004D42455220475541524449414E202020C7
:10490000002054414E4B2054454D503A20253364ED
:104910004600205052455353202A20544F205245E0
:104920005345542020002053595354454D2053548F
:104930004F5050454420202020002053454E534FD7
:1049400052204641554C54204C4F434B20002048A8
:104950004947482054454D50204C4F434B4F5554E8
:1049600020002046414E2052554E4E494E472031A0
:104970003030252020002053595354454D204445C4
:104980004641554C54202020200020455848415590
:1049900053542050524F4245204241442000452F5D
:1049A0005350543A253364462020572F483A253037
:1049B00033644600452F4355523A45525220202039
:1049C000572F4C3A253033644600452F4355523A11
:1049D000253364462020572F4C3A25303364460057
:1049E00046414E3A4F46462020202020572F433A3A
:1049F00025303364460046414E3A25336425252050
:104A0000202020572F433A25303364460049444C38
:104A100045202020202020202020200052414D50E1
:104A2000494E472055502020202000494E20544810
:104A300045205A4F4E4521212000424F4F535449A3
:104A40004E4720202020202000454D42455220473F
:104A50005541524420202000554E4B4E4F574E207A
:104A600020202020202000454D424552204755411E
:104A7000524420494E202532644D00FFA14C0200D3
:104A8000AB4C0200B54C0200BF4C0200C94C020006
:104A9000D34C0200DF4C0200E84C02002020202012
:104AA0002020202020202020202020202020202006
:104AB0000053554D4D45522053455454494E47538C
:104AC00020202000535052494E472F46414C4C2045
:104AD0005345542020200057494E544552205345F9
:104AE0005454494E47532020200045585452454DB8
:104AF0004520434F4C442053455420200023202080
:104B000020202020202020202020202020202020A5
:104B100020002323202020202020202020202020AF
:104B2000202020202020002323232020202020209C
:104B30002020202020202020202020002323232389
:104B40002020202020202020202020202020202065
:104B50000023232323232020202020202020202066
:104B60002020202020002323232323232020202053
:104B70002020202020202020202000232323232346
:104B8000232320202020202020202020202020003F
:104B900023232323232323232020202020202020FD
:104BA000202020200023232323232323232320200A
:104BB0002020202020202020200023232323232303
:104BC00023232323202020202020202020200023F6
:104BD00023232323232323232323202020202020B7
:104BE00020202000232323232323232323232323C1
:104BF00020202020202020200023232323232323C0
:104C000023232323232320202020202020002323AC
:104C10002323232323232323232323232020202070
:104C2000202000232323232323232323232323237D
:104C30002323202020202000232323232323232376
:104C40002323232323232323202020200023232363
:104C5000232323232323232323232323232320202A
:104C6000200023232323232323232323232323233A
:104C7000232323232020002323232323232323232D
:104C80002323232323232323232320002A2A2A2AFE
:104C90002A2A2A2A2A2A2A2A2A2A2A2A2A2A2A2A74
:104CA000004D41494E2054414E4B004C312053554C
:104CB00050504C59004C312052455455524E004CE6
:104CC0003220535550504C59004C322052455455C7
:104CD000524E0054414E4B20424F54544F4D0054BD
:104CE000414E4B20544F5000455854524100576993
:104CF00046694150493A20736B6970706564202899
:104D00004150206D6F646520616374697665290088
:104D1000576946694150493A20696E69740057697C
:104D200046694150493A206E6F2063726564656E32
:104D30007469616C7320E2869220736B697070698C
:104D40006E6700576946694150493A20636F6E6E3D
:104D5000656374696E6720746F20535349443A2029
:104D60000053454E534F525F4641554C54005769CE
:104D700046694150493A207265747279696E6720BC
:104D8000535349442000576946694150493A2057D6
:104D900069466920636F6E6E65637465642E204991
:104DA000503A20000D00504F535400436F6E74650D
:104DB0006E742D4C656E6774683A00474554202F19
:104DC000204854545000474554202F646173686252
:104DD0006F61726400436F6E74656E742D547970E8
:104DE000653A20746578742F68746D6C3B20636835
:104DF00061727365743D7574662D38004361636834
:104E0000652D436F6E74726F6C3A206E6F2D7374E4
:104E10006F726500474554202F6170692F7374616C
:104E20007465006275726E5F73746174655F74653A
:104E30007874007361666574795F74657874006571
:104E40007868617573745F73656E736F725F6F6B93
:104E500000776966695F6F6B00646973706C617974
:104E60005F6E616D6500656E7600474554202F6169
:104E700070692F73657474696E6773006578686113
:104E80007573745F736574706F696E7400626F6FB1
:104E900073745F74696D6500646561647A6F6E65D3
:104EA0005F66616E00656D6265725F6D696E7574D7
:104EB000657300666C75655F7265636F76657279A0
:104EC00000504F5354202F6170692F736574007B1D
:104ED000226572726F72223A22696E76616C696421
:104EE000204A534F4E227D007B226572726F7222E0
:104EF0003A22636F6E66696775726174696F6E20BE
:104F000076616C7565206F7574206F662072616EB6
:104F10006765227D007B226F6B223A747275657D16
:104F200000504F5354202F6170692F70726F62656B
:104F3000007B226572726F72223A22696E76616C12
:104F400069642070726F6265206E616D65227D00FC
:104F5000504F5354202F6170692F72657365740030
:104F60007B226572726F72223A22686967682D74BB
:104F7000656D7065726174757265206C6F636B6FBF
:104F80007574207265717569726573206C6F6361E9
:104F90006C207265736574227D00485454502F3123
:104FA0002E3120343034204E6F7420466F756E647D
:104FB00000582D426F696C65722D546F6B656E3AA7
:104FC00020000A3C21646F63747970652068746DF9
:104FD0006C3E3C68746D6C206C616E673D22656E42
:104FE000223E3C686561643E0A3C6D6574612063E5
:104FF0006861727365743D227574662D38223E3C7B
:105000006D657461206E616D653D227669657770AE
:105010006F72742220636F6E74656E743D227769BF
:105020006474683D6465766963652D776964746846
:105030002C696E697469616C2D7363616C653D31B7
:10504000223E0A3C7469746C653E426F696C6572FD
:1050500020417373697374616E743C2F7469746C4E
:10506000653E0A3C7374796C653E0A3A726F6F74E0
:105070007B636F6C6F722D736368656D653A6461F5
:10508000726B3B2D2D62673A233135313531353B1B
:105090002D2D70616E656C3A233232323B2D2D63BB
:1050A0006172643A233262326232623B2D2D6C6946
:1050B0006E653A233434343B2D2D746578743A236D
:1050C0006634663466343B2D2D6D757465643A2301
:1050D0006161613B2D2D686F743A236666386232D8
:1050E000623B2D2D64616E6765723A2365663533C8
:1050F00035303B2D2D6F6B3A233635633436367D94
:105100000A2A7B626F782D73697A696E673A626FDB
:10511000726465722D626F787D626F64797B6D61F8
:105120007267696E3A303B70616464696E673A31E8
:105130003670783B6261636B67726F756E643A7646
:105140006172282D2D6267293B636F6C6F723A760E
:105150006172282D2D74657874293B666F6E743AE0
:10516000313670782073797374656D2D75692C7381
:10517000616E732D73657269667D2E777261707BC7
:105180006D61782D77696474683A39363070783B90
:105190006D617267696E3A6175746F7D0A686561E9
:1051A0006465727B646973706C61793A666C65786A
:1051B0003B6A7573746966792D636F6E74656E747E
:1051C0003A73706163652D6265747765656E3B61E6
:1051D0006C69676E2D6974656D733A63656E74658D
:1051E000723B6761703A313270783B6D617267690A
:1051F0006E2D626F74746F6D3A313670783B7061EA
:105200006464696E673A313670783B6261636B67DC
:10521000726F756E643A766172282D2D70616E65BD
:105220006C293B626F726465723A31707820736FDB
:105230006C696420766172282D2D6C696E65293B3E
:10524000626F726465722D7261646975733A387049
:10525000787D68317B6D617267696E3A303B636F50
:105260006C6F723A766172282D2D686F74293B66D7
:105270006F6E742D73697A653A312E333572656DB0
:105280007D2E7374617475737B636F6C6F723A7685
:105290006172282D2D6D75746564293B666F6E747F
:1052A0002D73697A653A2E3972656D7D0A6E617665
:1052B0007B646973706C61793A666C65783B676191
:1052C000703A3870783B6D617267696E2D626F74E9
:1052D000746F6D3A313270787D627574746F6E7B65
:1052E000626F726465723A31707820736F6C6964B2
:1052F00020766172282D2D6C696E65293B626F7274
:105300006465722D7261646975733A3670783B70AA
:10531000616464696E673A31307078203133707837
:105320003B6261636B67726F756E643A233330332F
:105330003033303B636F6C6F723A766172282D2D7B
:1053400074657874293B637572736F723A706F6914
:105350006E7465727D627574746F6E2E61637469AC
:1053600076652C627574746F6E2E7072696D6172E1
:10537000797B6261636B67726F756E643A76617296
:10538000282D2D686F74293B636F6C6F723A23313F
:1053900031313B626F726465722D636F6C6F723A6C
:1053A000766172282D2D686F74297D627574746F13
:1053B0006E2E64616E6765727B6261636B67726F8C
:1053C000756E643A766172282D2D64616E67657220
:1053D000293B626F726465722D636F6C6F723A76EF
:1053E0006172282D2D64616E676572293B636F6C55
:1053F0006F723A233131317D0A73656374696F6E60
:105400007B646973706C61793A6E6F6E657D7365EC
:105410006374696F6E2E6163746976657B6469730A
:10542000706C61793A626C6F636B7D2E6772696430
:105430007B646973706C61793A677269643B677207
:1054400069642D74656D706C6174652D636F6C7526
:105450006D6E733A726570656174286175746F2D35
:105460006669742C6D696E6D61782831383070789A
:105470002C31667229293B6761703A313270787D30
:105480002E636172647B70616464696E673A313463
:1054900070783B6261636B67726F756E643A7661B8
:1054A00072282D2D63617264293B626F726465728C
:1054B0003A31707820736F6C696420766172282DA0
:1054C0002D6C696E65293B626F726465722D726125
:1054D000646975733A3870787D2E6C6162656C7B97
:1054E000636F6C6F723A766172282D2D6D757465DD
:1054F00064293B666F6E742D73697A653A2E383570
:1055000072656D3B6D617267696E2D626F74746F49
:105510006D3A3670787D2E76616C75657B666F6E40
:10552000742D73697A653A312E343572656D3B6638
:105530006F6E742D7765696768743A3630307D2EEA
:10554000616C6572747B6D617267696E2D626F74D8
:10555000746F6D3A313270783B70616464696E6764
:105560003A313270783B626F726465722D72616499
:105570006975733A3670783B6261636B67726F75F9
:105580006E643A766172282D2D64616E67657229AA
:105590003B636F6C6F723A233131313B64697370D6
:1055A0006C61793A6E6F6E657D2E616C6572742EDA
:1055B00073686F777B646973706C61793A666C6548
:1055C000783B6A7573746966792D636F6E74656E66
:1055D000743A73706163652D6265747765656E3BBF
:1055E000616C69676E2D6974656D733A63656E747D
:1055F00065723B6761703A313270787D2E616C65FF
:10560000727420627574746F6E7B6261636B677213
:105610006F756E643A233131313B636F6C6F723A50
:10562000766172282D2D74657874293B626F7264DF
:1056300065722D636F6C6F723A233131317D2E6646
:105640006F726D7B646973706C61793A67726964BB
:105650003B677269642D74656D706C6174652D6350
:105660006F6C756D6E733A726570656174286175E3
:10567000746F2D6669742C6D696E6D617828323196
:105680003070782C31667229293B6761703A31326B
:1056900070787D2E6669656C64206C6162656C7BD8
:1056A000646973706C61793A626C6F636B3B636FB2
:1056B0006C6F723A766172282D2D6D757465642950
:1056C0003B666F6E742D73697A653A2E3835726554
:1056D0006D3B6D617267696E2D626F74746F6D3AA8
:1056E0003570787D2E6669656C6420696E7075749E
:1056F0002C2E6669656C642073656C6563747B77BA
:10570000696474683A313030253B70616464696E55
:10571000673A3970783B6261636B67726F756E646C
:105720003A233131313B636F6C6F723A7661722884
:105730002D2D74657874293B626F726465723A31FD
:10574000707820736F6C696420766172282D2D6CDF
:10575000696E65293B626F726465722D726164695E
:1057600075733A3570787D2E616374696F6E737BE3
:10577000646973706C61793A666C65783B676170D7
:105780003A3870783B616C69676E2D6974656D732A
:105790003A63656E7465723B6D617267696E2D74F4
:1057A0006F703A313470787D2E68696E747B636FE8
:1057B0006C6F723A766172282D2D6D75746564294F
:1057C0003B666F6E742D73697A653A2E3835726553
:1057D0006D7D0A3C2F7374796C653E3C2F68656162
:1057E000643E3C626F64793E3C6D61696E20636C1F
:1057F0006173733D2277726170223E0A3C68656175
:105800006465723E3C68312069643D227369746549
:105810004E616D65223E426F696C65722041737303
:10582000697374616E743C2F68313E3C6469762004
:10583000636C6173733D22737461747573222069A4
:10584000643D22636F6E6E656374696F6E223E43C2
:105850006F6E6E656374696E672E2E2E3C2F6469C1
:10586000763E3C2F6865616465723E0A3C646976E9
:105870002069643D22616C6572742220636C6173DF
:10588000733D22616C657274223E3C7370616E20C0
:1058900069643D22616C65727454657874223E3C83
:1058A0002F7370616E3E3C627574746F6E20696414
:1058B0003D22616C6572745265736574223E526557
:1058C00073657420616C61726D3C2F627574746FC6
:1058D0006E3E3C2F6469763E0A3C6E61763E3C62C9
:1058E0007574746F6E20636C6173733D22746162B2
:1058F000206163746976652220646174612D74612E
:10590000726765743D227374617465223E4D6169EE
:105910006E3C2F627574746F6E3E3C627574746F6A
:105920006E20636C6173733D227461622220646136
:1059300074612D7461726765743D22736574746956
:105940006E6773223E53657474696E67733C2F6291
:105950007574746F6E3E3C627574746F6E20636C08
:105960006173733D227461622220646174612D74DD
:1059700061726765743D2273656E736F7273223E48
:1059800053656E736F72733C2F627574746F6E3EE5
:105990003C2F6E61763E0A3C73656374696F6E20BE
:1059A00069643D2273746174652220636C61737352
:1059B0003D22616374697665223E3C6469762063AA
:1059C0006C6173733D2267726964223E0A3C6469AC
:1059D0007620636C6173733D2263617264223E3C86
:1059E00064697620636C6173733D226C6162656CDF
:1059F000223E4275726E2073746174653C2F646937
:105A0000763E3C64697620636C6173733D227661F7
:105A10006C7565222069643D226275726E537461F3
:105A20007465223E2D2D2D3C2F6469763E3C2F64FB
:105A300069763E0A3C64697620636C6173733D222B
:105A400063617264223E3C64697620636C617373A7
:105A50003D226C6162656C223E45786861757374A5
:105A60002074656D70657261747572653C2F646930
:105A7000763E3C64697620636C6173733D22766187
:105A80006C7565222069643D226578686175737460
:105A9000223E2D2D2D3C2F6469763E3C2F64697685
:105AA0003E0A3C64697620636C6173733D226361D6
:105AB0007264223E3C64697620636C6173733D229C
:105AC0006C6162656C223E43757272656E7420660D
:105AD000616E3C2F6469763E3C64697620636C613C
:105AE00073733D2276616C7565222069643D226680
:105AF000616E223E2D2D2D3C2F6469763E3C2F6435
:105B000069763E0A3C64697620636C6173733D225A
:105B100063617264223E3C64697620636C617373D6
:105B20003D226C6162656C223E54616E6B2074652F
:105B30006D70657261747572653C2F6469763E3C68
:105B400064697620636C6173733D2276616C756560
:105B5000222069643D2274616E6B223E2D2D2D3C06
:105B60002F6469763E3C2F6469763E0A3C64697610
:105B700020636C6173733D2263617264223E3C64F6
:105B8000697620636C6173733D226C6162656C227F
:105B90003E416461707469766520736C6F70653C1A
:105BA0002F6469763E3C64697620636C6173733D53
:105BB0002276616C7565222069643D2261646170A2
:105BC00074697665536C6F7065223E2D2D2D3C2FC8
:105BD0006469763E3C2F6469763E0A3C64697620AF
:105BE000636C6173733D2263617264223E3C64693D
:105BF0007620636C6173733D226C6162656C223E3A
:105C000054616E6B2068696768202F206C6F773C49
:105C10002F6469763E3C64697620636C6173733DE2
:105C20002276616C7565222069643D2274616E6B19
:105C30004C696D697473223E2D2D2D3C2F6469765D
:105C40003E3C2F6469763E0A3C64697620636C6151
:105C500073733D2263617264223E3C646976206303
:105C60006C6173733D226C6162656C223E536166A8
:105C70006574793C2F6469763E3C64697620636C78
:105C80006173733D2276616C7565222069643D22E3
:105C9000736166657479223E2D2D2D3C2F646976E3
:105CA0003E3C2F6469763E0A3C2F6469763E3C2F69
:105CB00073656374696F6E3E0A3C73656374696FE4
:105CC0006E2069643D2273657474696E6773223E49
:105CD0003C64697620636C6173733D226361726416
:105CE000223E3C64697620636C6173733D22666F6B
:105CF000726D223E0A3C64697620636C6173733D69
:105D0000226669656C64223E3C6C6162656C3E454E
:105D100078686175737420736574706F696E742030
:105D20002846293C2F6C6162656C3E3C696E70753B
:105D3000742069643D22657868617573745F73656A
:105D400074706F696E742220747970653D226E756F
:105D50006D62657222206D696E3D223230302220E4
:105D60006D61783D22393030223E3C2F6469763EA9
:105D70000A3C64697620636C6173733D22666965D1
:105D80006C64223E3C6C6162656C3E446561646299
:105D9000616E64202846293C2F6C6162656C3E3C34
:105DA000696E7075742069643D2264656164626126
:105DB0006E642220747970653D226E756D62657225
:105DC00022206D696E3D223122206D61783D2231A5
:105DD0003030223E3C2F6469763E0A3C646976206E
:105DE000636C6173733D226669656C64223E3C6C32
:105DF0006162656C3E426F6F73742074696D6520DB
:105E0000287365636F6E6473293C2F6C6162656CE7
:105E10003E3C696E7075742069643D22626F6F73D9
:105E2000745F74696D652220747970653D226E75AA
:105E30006D62657222206D696E3D223522206D6192
:105E4000783D22363030223E3C2F6469763E0A3C53
:105E500064697620636C6173733D226669656C6466
:105E6000223E3C6C6162656C3E46616E206D696EDF
:105E7000696D756D202825293C2F6C6162656C3E2B
:105E80003C696E7075742069643D22636C616D704D
:105E90005F6D696E2220747970653D226E756D624A
:105EA000657222206D696E3D223022206D61783D41
:105EB00022313030223E3C2F6469763E0A3C6469D0
:105EC0007620636C6173733D226669656C64223E63
:105ED0003C6C6162656C3E46616E206D6178696DF7
:105EE000756D202825293C2F6C6162656C3E3C69EC
:105EF0006E7075742069643D22636C616D705F6DB6
:105F000061782220747970653D226E756D626572CC
:105F100022206D696E3D223022206D61783D223154
:105F20003030223E3C2F6469763E0A3C646976201C
:105F3000636C6173733D226669656C64223E3C6CE0
:105F40006162656C3E46616E206D6F64653C2F6CCE
:105F50006162656C3E3C73656C6563742069643D89
:105F600022646561647A6F6E655F66616E223E3C95
:105F70006F7074696F6E2076616C75653D2230229A
:105F80003E46616E20616C6C6F776564206F66665B
:105F90003C2F6F7074696F6E3E3C6F7074696F6EEA
:105FA0002076616C75653D2231223E46616E20612E
:105FB0006C77617973206F6E3C2F6F7074696F6EB0
:105FC0003E3C2F73656C6563743E3C2F6469763E7E
:105FD0000A3C64697620636C6173733D226669656F
:105FE0006C64223E3C6C6162656C3E54616E6B2059
:105FF0006C6F77202846293C2F6C6162656C3E3CB3
:10600000696E7075742069643D2274616E6B5F6C9B
:106010006F772220747970653D226E756D626572AE
:1060200022206D696E3D22343022206D61783D2240
:10603000313839223E3C2F6469763E0A3C646976E9
:1060400020636C6173733D226669656C64223E3C1B
:106050006C6162656C3E54616E6B20686967682094
:106060002846293C2F6C6162656C3E3C696E7075F8
:10607000742069643D2274616E6B5F686967682291
:1060800020747970653D226E756D62657222206D97
:10609000696E3D22343022206D61783D22313839DD
:1060A000223E3C2F6469763E0A3C64697620636C2C
:1060B0006173733D226669656C64223E3C6C61626B
:1060C000656C3E477561726469616E206D696E75BD
:1060D0007465733C2F6C6162656C3E3C696E7075D3
:1060E000742069643D22656D6265725F6D696E75CD
:1060F0007465732220747970653D226E756D6265DA
:106100007222206D696E3D223122206D61783D2220
:10611000313230223E3C2F6469763E0A3C64697617
:1061200020636C6173733D226669656C64223E3C3A
:106130006C6162656C3E466C7565206C6F772028DB
:1061400046293C2F6C6162656C3E3C696E707574CB
:106150002069643D22666C75655F6C6F77222074E0
:106160007970653D226E756D62657222206D696E73
:106170003D22353022206D61783D22353030223E7F
:106180003C2F6469763E0A3C64697620636C6173D7
:10619000733D226669656C64223E3C6C6162656C8D
:1061A0003E466C7565207265636F7665727920284E
:1061B00046293C2F6C6162656C3E3C696E7075745B
:1061C0002069643D22666C75655F7265636F7665F4
:1061D00072792220747970653D226E756D626572E8
:1061E00022206D696E3D22353022206D61783D227E
:1061F000353030223E3C2F6469763E0A203C2F64C5
:1062000069763E3C64697620636C6173733D2261FC
:106210006374696F6E73223E3C627574746F6E2096
:10622000636C6173733D227072696D6172792220B3
:1062300069643D2273617665223E53617665207301
:10624000657474696E67733C2F627574746F6E3E0B
:106250003C627574746F6E2069643D22726573656B
:1062600074416C61726D223E526573657420616386
:106270007469766520616C61726D3C2F627574740F
:106280006F6E3E3C627574746F6E2069643D22745B
:106290006F6B656E223E53657420636F6E74726F10
:1062A0006C20746F6B656E3C2F627574746F6E3EFC
:1062B0003C7370616E20636C6173733D2268696E1C
:1062C00074222069643D226D657373616765223EA7
:1062D0003C2F7370616E3E3C2F6469763E3C2F64A8
:1062E00069763E3C2F73656374696F6E3E0A3C733A
:1062F000656374696F6E2069643D2273656E736FA8
:106300007273223E3C64697620636C6173733D2234
:1063100067726964223E3C64697620636C617373C2
:106320003D2263617264223E3C64697620636C6145
:1063300073733D226C6162656C223E4F7574646FAD
:106340006F722074656D70657261747572653C2F33
:106350006469763E3C64697620636C6173733D22A8
:1063600076616C7565222069643D226F7574646F77
:106370006F72223E2D2D2D3C2F6469763E3C2F649A
:1063800069763E3C64697620636C6173733D226379
:10639000617264223E3C64697620636C6173733D74
:1063A000226C6162656C223E48756D69646974791E
:1063B0003C2F6469763E3C64697620636C6173733C
:1063C0003D2276616C7565222069643D2268756D99
:1063D0006964697479223E2D2D2D3C2F6469763EC7
:1063E0003C2F6469763E3C64697620636C6173730C
:1063F0003D2263617264223E3C64697620636C6175
:1064000073733D226C6162656C223E5072657373DA
:106410007572653C2F6469763E3C64697620636CD6
:106420006173733D2276616C7565222069643D223B
:106430007072657373757265223E2D2D2D3C2F642D
:1064400069763E3C2F6469763E3C64697620636CD5
:106450006173733D2263617264223E3C64697620FD
:10646000636C6173733D226C6162656C223E45789A
:1064700068617573742073656E736F723C2F646905
:10648000763E3C64697620636C6173733D2276616D
:106490006C7565222069643D226578686175737446
:1064A0004F6B223E2D2D2D3C2F6469763E3C2F6490
:1064B00069763E3C64697620636C6173733D226348
:1064C000617264223E3C64697620636C6173733D43
:1064D000226C6162656C223E54616E6B2073656E46
:1064E000736F723C2F6469763E3C64697620636CFE
:1064F0006173733D2276616C7565222069643D226B
:1065000074616E6B4F6B223E2D2D2D3C2F6469768E
:106510003E3C2F6469763E3C64697620636C61730F
:10652000733D2263617264223E3C64697620636C31
:106530006173733D226C6162656C223E57694669E6
:106540003C2F6469763E3C64697620636C617373AA
:106550003D2276616C7565222069643D227769660B
:1065600069223E2D2D2D3C2F6469763E3C2F6469B7
:10657000763E3C2F6469763E3C68323E57617465D6
:10658000722070726F6265733C2F68323E3C6469A2
:106590007620636C6173733D22677269642220699F
:1065A000643D22776174657250726F626573223E3A
:1065B0003C2F6469763E3C2F73656374696F6E3E51
:1065C0000A3C2F6D61696E3E3C7363726970743E64
:1065D0000A636F6E7374206964733D5B2765786826
:1065E000617573745F736574706F696E74272C279F
:1065F0006465616462616E64272C27626F6F7374D7
:106600005F74696D65272C27636C616D705F6D69C0
:106610006E272C27636C616D705F6D6178272C2766
:10662000646561647A6F6E655F66616E272C27749E
:10663000616E6B5F6C6F77272C2774616E6B5F6880
:10664000696768272C27656D6265725F6D696E7575
:10665000746573272C27666C75655F6C6F77272CC4
:1066600027666C75655F7265636F76657279275D05
:106670003B0A636F6E737420746F6B656E4B657944
:106680003D27626F696C65722D636F6E74726F6CFB
:106690002D746F6B656E273B0A66756E6374696F48
:1066A0006E20746F6B656E28297B72657475726ECF
:1066B000206C6F63616C53746F726167652E6765E0
:1066C000744974656D28746F6B656E4B6579297CB0
:1066D0007C27277D0A66756E6374696F6E2073650B
:1066E000742869642C76297B636F6E737420653D12
:1066F000646F63756D656E742E676574456C656D4A
:10670000656E7442794964286964293B6966286525
:10671000262676213D3D756E646566696E65642941
:10672000652E76616C75653D767D0A66756E63745F
:10673000696F6E20746578742869642C76297B6390
:106740006F6E737420653D646F63756D656E742E36
:10675000676574456C656D656E7442794964286936
:1067600064293B6966286529652E74657874436FD2
:106770006E74656E743D767D0A66756E6374696FBE
:106780006E2072656E64657250726F6265732870F8
:10679000726F626573297B636F6E737420726F6FA3
:1067A000743D646F63756D656E742E676574456CBA
:1067B000656D656E744279496428277761746572E6
:1067C00050726F62657327293B69662821726F6F6B
:1067D000742972657475726E3B726F6F742E696E78
:1067E0006E657248544D4C3D27273B636F6E737442
:1067F000206E616D65733D5B274D41494E205441CC
:106800004E4B272C274C3120535550504C59272C98
:10681000274C312052455455524E272C274C3220BC
:10682000535550504C59272C274C32205245545523
:10683000524E272C2754414E4B20424F54544F4D1B
:10684000272C2754414E4B20544F50272C27455876
:10685000545241275D3B2870726F6265737C7C5B8C
:106860005D292E666F724561636828703D3E7B63CB
:106870006F6E737420636172643D646F63756D65E0
:106880006E742E637265617465456C656D656E74BA
:10689000282764697627293B636172642E636C61E3
:1068A00073734E616D653D2763617264273B636F4F
:1068B0006E7374206C6162656C3D646F63756D65A9
:1068C0006E742E637265617465456C656D656E747A
:1068D000282764697627293B6C6162656C2E636C9E
:1068E0006173734E616D653D276C6162656C273B1A
:1068F0006C6162656C2E74657874436F6E74656E3E
:10690000743D702E6E616D652B28702E636F6E74F2
:10691000726F6C735F74616E6B3F272028636F6EBC
:1069200074726F6C732074616E6B29273A2720286C
:106930006D6F6E69746F72206F6E6C792927293BB9
:10694000636F6E73742076616C75653D646F6375FB
:106950006D656E742E637265617465456C656D65F9
:106960006E74282764697627293B76616C75652EDD
:10697000636C6173734E616D653D2776616C7565FF
:10698000273B76616C75652E74657874436F6E7401
:10699000656E743D702E74656D705F663D3D3D6E35
:1069A000756C6C3F27455252273A4D6174682E72C0
:1069B0006F756E6428702E74656D705F66292B2765
:1069C0002046273B636F6E73742073656C65637438
:1069D0003D646F63756D656E742E63726561746579
:1069E000456C656D656E74282773656C65637427E7
:1069F000293B6E616D65732E666F72456163682811
:106A00006E616D653D3E7B636F6E7374206F707455
:106A1000696F6E3D646F63756D656E742E6372652C
:106A2000617465456C656D656E7428276F70746957
:106A30006F6E27293B6F7074696F6E2E76616C756F
:106A4000653D6E616D653B6F7074696F6E2E746528
:106A50007874436F6E74656E743D6E616D653B69ED
:106A600066286E616D653D3D3D702E6E616D6529D8
:106A70006F7074696F6E2E73656C65637465643DC9
:106A8000747275653B73656C6563742E61707065B7
:106A90006E644368696C64286F7074696F6E297DD9
:106AA000293B636F6E737420627574746F6E3D64FE
:106AB0006F63756D656E742E637265617465456C88
:106AC000656D656E742827627574746F6E27293B37
:106AD000627574746F6E2E74657874436F6E74652E
:106AE0006E743D2753617665206E616D65273B624C
:106AF0007574746F6E2E6F6E636C69636B3D2829BD
:106B00003D3E7361766550726F626528702E696EC6
:106B10006465782C73656C6563742E76616C75653D
:106B2000293B636172642E617070656E64286C61CC
:106B300062656C2C76616C75652C73656C6563742D
:106B40002C627574746F6E293B726F6F742E617056
:106B500070656E644368696C642863617264297D42
:106B6000297D0A6173796E632066756E6374696F3F
:106B70006E207361766550726F626528696E646518
:106B8000782C6E616D65297B636F6E737420723D26
:106B9000617761697420666574636828272F617066
:106BA000692F70726F6265272C7B6D6574686F64E6
:106BB0003A27504F5354272C686561646572733AC5
:106BC0007B27436F6E74656E742D54797065273A18
:106BD000276170706C69636174696F6E2F6A736F7F
:106BE0006E272C27582D426F696C65722D546F6B80
:106BF000656E273A746F6B656E28297D2C626F6411
:106C0000793A4A534F4E2E737472696E676966798A
:106C1000287B696E6465783A696E6465782C6E616C
:106C20006D653A6E616D657D297D293B6966282118
:106C3000722E6F6B2973686F77416C6572742827A9
:106C400050726F6265206E616D6520776173206E92
:106C50006F7420736176656427297D0A6173796E8C
:106C6000632066756E6374696F6E207265736574F8
:106C7000416C61726D28297B636F6E737420723D65
:106C8000617761697420666574636828272F617075
:106C9000692F7265736574272C7B6D6574686F64EA
:106CA0003A27504F5354272C686561646572733AD4
:106CB0007B27582D426F696C65722D546F6B656E22
:106CC000273A746F6B656E28297D7D293B636F6E53
:106CD0007374206A3D617761697420722E6A736FE4
:106CE0006E28293B73686F77416C657274286A2E31
:106CF0006F6B3F27416C61726D2072657365742004
:106D0000726571756573746564273A286A2E6572B9
:106D1000726F727C7C27416C61726D207265736545
:106D2000742072656A65637465642729293B7374EE
:106D300061746528297D0A66756E6374696F6E20BB
:106D400073686F77416C6572742873297B636F6E0B
:106D5000737420653D646F63756D656E742E676531
:106D600074456C656D656E74427949642827616C61
:106D700065727427293B636F6E737420743D646F72
:106D800063756D656E742E676574456C656D656EB3
:106D900074427949642827616C657274546578740B
:106DA00027293B6966287429742E74657874436FAB
:106DB0006E74656E743D737C7C27273B652E636C17
:106DC0006173734C6973742E746F67676C652827E1
:106DD00073686F77272C212173297D0A6173796E7F
:106DE000632066756E6374696F6E20737461746579
:106DF00028297B7472797B636F6E737420723D6196
:106E00007761697420666574636828272F617069EB
:106E10002F7374617465272C7B63616368653A27FF
:106E20006E6F2D73746F7265277D293B696628210B
:106E3000722E6F6B297468726F77204572726F7251
:106E400028293B636F6E737420733D6177616974A9
:106E500020722E6A736F6E28293B0A20746578743D
:106E60002827636F6E6E656374696F6E272C274FDA
:106E70006E6C696E6527293B746578742827736981
:106E800074654E616D65272C27426F696C657220B1
:106E9000417373697374616E7427293B74657874E8
:106EA00028276275726E5374617465272C732E6285
:106EB00075726E5F73746174655F746578747C7CE1
:106EC000732E6275726E5F7374617465293B7465AD
:106ED0007874282765786861757374272C732E651C
:106EE0007868617573745F736D6F6F74683D3D3D55
:106EF0006E756C6C3F27455252273A4D6174682E6F
:106F0000726F756E6428732E657868617573745F2F
:106F1000736D6F6F7468292B27204627293B746592
:106F20007874282766616E272C28732E66616E5F41
:106F300066696E616C3F3F732E66616E3F3F30291C
:106F40002B272527293B7465787428276164617095
:106F500074697665536C6F7065272C4E756D62652C
:106F60007228732E61646170746976655F736C6FEB
:106F700070653F3F31292E746F4669786564283308
:106F800029293B74657874282774616E6B272C73EC
:106F90002E74616E6B5F74656D703D3D3D6E756CFA
:106FA0006C3F27455252273A4D6174682E726F75B7
:106FB0006E6428732E74616E6B5F74656D70292B1F
:106FC00027204627293B74657874282774616E6BE7
:106FD0004C696D697473272C28732E74616E6B5F16
:106FE000686967683F3F272D2D2D27292B27202FE4
:106FF00020272B28732E74616E6B5F6C6F773F3F79
:10700000272D2D2D27292B27204627293B746578EE
:10701000742827736166657479272C732E736166F3
:107020006574795F746578747C7C732E73616665B2
:1070300074795F7374617465293B7465787428276B
:107040006F7574646F6F72272C732E656E763F2E8A
:1070500074656D705F663D3D3D6E756C6C3F274598
:107060005252273A4D6174682E726F756E642873A0
:107070002E656E763F2E74656D705F66292B272016
:107080004627293B74657874282768756D6964699B
:107090007479272C732E656E763F2E68756D696442
:1070A0006974793D3D3D6E756C6C3F2745525227A2
:1070B0003A4D6174682E726F756E6428732E656E1A
:1070C000763F2E68756D6964697479292B272527A9
:1070D000293B7465787428277072657373757265BF
:1070E000272C732E656E763F2E70726573737572E2
:1070F000653D3D3D6E756C6C3F27455252273A4EBB
:10710000756D62657228732E656E763F2E7072659E
:107110007373757265292E746F46697865642831BA
:10712000292B272068506127293B7465787428270C
:10713000657868617573744F6B272C732E6578685A
:10714000617573745F73656E736F725F6F6B3F27EA
:107150004F4B273A274641554C5427293B746578B5
:1071600074282774616E6B4F6B272C732E74616EBD
:107170006B5F73656E736F725F6F6B3F274F4B274B
:107180003A274641554C5427293B74657874282783
:1071900077696669272C732E776966695F6F6B3F25
:1071A000274F4B273A274F464627293B72656E6487
:1071B000657250726F62657328732E7761746572A1
:1071C000293B73686F77416C65727428732E616C0C
:1071D0006572747C7C2727293B0A207D6361746378
:1071E000682865297B746578742827636F6E6E65DF
:1071F0006374696F6E272C274F66666C696E65270E
:10720000293B73686F77416C6572742827436F6EF2
:1072100074726F6C6C657220756E617661696C61F9
:10722000626C6527297D7D0A6173796E63206675BE
:107230006E6374696F6E2073657474696E6773280A
:10724000297B7472797B636F6E737420723D6177F2
:1072500061697420666574636828272F6170692FDF
:1072600073657474696E6773272C7B6361636865EB
:107270003A276E6F2D73746F7265277D293B636F9C
:107280006E737420733D617761697420722E6A7326
:107290006F6E28293B6964732E666F72456163685F
:1072A000286B3D3E736574286B2C735B6B5D2929DD
:1072B0007D63617463682865297B7D7D0A617379CC
:1072C0006E632066756E6374696F6E207361766598
:1072D00028297B636F6E737420626F64793D7B7DB8
:1072E0003B6964732E666F7245616368286B3D3E2F
:1072F0007B626F64795B6B5D3D4E756D6265722874
:10730000646F63756D656E742E676574456C656D2D
:10731000656E7442794964286B292E76616C7565B7
:10732000297D293B636F6E737420723D61776169BB
:107330007420666574636828272F6170692F7365F0
:1073400074272C7B6D6574686F643A27504F5354D3
:10735000272C686561646572733A7B27436F6E748E
:10736000656E742D54797065273A276170706C6969
:10737000636174696F6E2F6A736F6E272C27582DA7
:10738000426F696C65722D546F6B656E273A746F2E
:107390006B656E28297D2C626F64793A4A534F4E93
:1073A0002E737472696E6769667928626F647929D1
:1073B0007D293B636F6E7374206A3D6177616974E8
:1073C00020722E6A736F6E28293B646F63756D653A
:1073D0006E742E676574456C656D656E744279498F
:1073E0006428276D65737361676527292E74657836
:1073F00074436F6E74656E743D6A2E6F6B3F2753D6
:1074000061766564273A286A2E6572726F727C7C99
:107410002752656A656374656427293B61776169F2
:10742000742073657474696E677328297D0A646FAC
:1074300063756D656E742E717565727953656C65D3
:1074400063746F72416C6C28272E74616227292E39
:10745000666F724561636828623D3E622E6F6E639F
:107460006C69636B3D28293D3E7B646F63756D6578
:107470006E742E717565727953656C6563746F7285
:10748000416C6C28272E74616227292E666F724525
:1074900061636828783D3E782E636C6173734C6934
:1074A00073742E72656D6F766528276163746976D3
:1074B000652729293B646F63756D656E742E717540
:1074C00065727953656C6563746F72416C6C2827C3
:1074D00073656374696F6E27292E666F72456163E9
:1074E0006828783D3E782E636C6173734C697374C1
:1074F0002E72656D6F7665282761637469766527DE
:1075000029293B622E636C6173734C6973742E611D
:107510006464282761637469766527293B646F6317
:10752000756D656E742E676574456C656D656E74FA
:107530004279496428622E646174617365742E74A3
:107540006172676574292E636C6173734C6973741F
:107550002E616464282761637469766527297D2913
:107560003B0A646F63756D656E742E676574456C58
:10757000656D656E74427949642827736176652765
:10758000292E6F6E636C69636B3D736176653B6436
:107590006F63756D656E742E676574456C656D659A
:1075A0006E744279496428277265736574416C6111
:1075B000726D27292E6F6E636C69636B3D72657304
:1075C0006574416C61726D3B646F63756D656E745B
:1075D0002E676574456C656D656E744279496428E3
:1075E00027616C657274526573657427292E6F6EFE
:1075F000636C69636B3D7265736574416C61726D38
:107600003B646F63756D656E742E676574456C655C
:107610006D656E74427949642827746F6B656E27B7
:10762000292E6F6E636C69636B3D28293D3E7B6339
:107630006F6E737420763D70726F6D70742827457D
:107640006E74657220746865204F544120506173D8
:1076500073776F72642073617665642064757269F4
:107660006E67205769466920736574757027293BDA
:1076700069662876213D3D6E756C6C296C6F63617F
:107680006C53746F726167652E7365744974656DB0
:1076900028746F6B656E4B65792C76297D3B73651D
:1076A0007474696E677328293B7374617465282943
:1076B0003B736574496E74657276616C287374618E
:1076C00074652C31303030293B736574496E7465B4
:1076D0007276616C2873657474696E67732C3130CF
:1076E000303030293B0A3C2F7363726970743E3C22
:1076F0002F626F64793E3C2F68746D6C3E0A0048BF
:107700005454502F312E312034303120556E617554
:1077100074686F72697A656400436F6E74656E7425
:107720002D547970653A206170706C696361746979
:107730006F6E2F6A736F6E00436F6E6E6563746950
:107740006F6E3A20636C6F7365007B226572726F97
:1077500072223A2261757468656E74696361746936
:107760006F6E207265717569726564227D00485480
:1077700054502F312E3120323030204F4B0057697A
:10778000466950726F766973696F6E696E673A20E9
:10779000696E697420285354412D66697273742C84
:1077A0002041502D66616C6C6261636B2900626FD1
:1077B000696C6572617373697374616E7400576983
:1077C000466950726F766973696F6E696E673A20A9
:1077D0005573696E672072756E74696D65205353B9
:1077E00049443A20005769466950726F7669736957
:1077F0006F6E696E673A2053544120636F6E6E65F9
:1078000063746564207669612072756E74696D6554
:10781000206372656473005769466950726F7669B8
:1078200073696F6E696E673A2049503A2000576954
:10783000466950726F766973696F6E696E673A2038
:1078400044617368626F6172643A20687474703A5C
:107850002F2F626F696C6572617373697374616EE7
:10786000742F005769466950726F766973696F6E3D
:10787000696E673A2052756E74696D652053544184
:10788000206661696C656420E28692204150206D1B
:107890006F6465005769466950726F766973696FE6
:1078A0006E696E673A204E6F2072756E74696D65F1
:1078B0002063726564656E7469616C7320E2869200
:1078C000204150206D6F6465005769466950726FA2
:1078D000766973696F6E696E673A2052415720521C
:1078E00045515545535420424547494E0057694636
:1078F0006950726F766973696F6E696E673A20526C
:107900004157205245515545535420454E4400504F
:107910004F535420000D0A0D0A0073736964007000
:10792000617373006D717474536572766572006D66
:1079300071747455736572006D71747450617373F2
:10794000006F74615061737300646973706C617966
:107950004E616D65005769466950726F766973694B
:107960006F6E696E673A206D697373696E67205335
:10797000534944206F722070617373776F72640093
:107980005769466950726F766973696F6E696E6781
:107990003A204E65772063726564656E7469616C28
:1079A0007320726563656976656420616E64207317
:1079B0006176656420746F20454550524F4D0043F9
:1079C0006F6E74656E742D547970653A20746578A5
:1079D000742F68746D6C003C68746D6C3E3C626F13
:1079E00064793E3C68333E53617665642E2052656F
:1079F000626F6F74696E672E2E2E3C2F68333E3C8B
:107A00002F626F64793E3C2F68746D6C3E0057693D
:107A1000466950726F766973696F6E696E673A2056
:107A2000524553455454494E47204E4F57003C2130
:107A3000444F43545950452068746D6C3E3C687403
:107A40006D6C3E3C626F64793E3C68323E426F69C9
:107A50006C657220417373697374616E7420576929
:107A600046692053657475703C2F68323E3C666FE2
:107A7000726D206D6574686F643D27504F535427B5
:107A80003E596F7572206E616D653A3C62723E3C84
:107A9000696E707574206E616D653D2764697370E1
:107AA0006C61794E616D6527206D61786C656E67DC
:107AB00074683D273331273E3C62723E3C62723E21
:107AC0005769466920535349443A3C62723E3C69C7
:107AD0006E707574206E616D653D277373696427E0
:107AE0003E3C62723E576946692050617373776FFE
:107AF00072643A3C62723E3C696E707574206E61CD
:107B00006D653D27706173732720747970653D271B
:107B100070617373776F7264273E3C62723E3C62A1
:107B2000723E4D515454205365727665723A3C62F0
:107B3000723E3C696E707574206E616D653D276D97
:107B4000717474536572766572273E3C62723E4D65
:107B500051545420557365723A3C62723E3C696ED2
:107B6000707574206E616D653D276D717474557309
:107B70006572273E3C62723E4D51545420506173F1
:107B800073776F72643A3C62723E3C696E707574D2
:107B9000206E616D653D276D71747450617373273C
:107BA00020747970653D2770617373776F726427F5
:107BB0003E3C62723E3C62723E4F544120506173C3
:107BC00073776F72643A3C62723E3C696E70757492
:107BD000206E616D653D276F74615061737327205E
:107BE000747970653D2770617373776F7264273E97
:107BF0003C62723E3C62723E3C696E7075742074E9
:107C00007970653D277375626D6974272076616CA4
:107C100075653D2753617665273E3C2F666F726D13
:107C20003E3C2F626F64793E3C2F68746D6C3E0061
:107C30005769466950726F766973696F6E696E67CE
:107C40003A20464143544F5259205245534554001F
:107C50005769466950726F766973696F6E696E67AE
:107C60003A207265626F6F74696E67206166746531
:107C70007220666163746F72792072657365742E09
:107C80002E2E005769466950726F766973696F6E60
:107C9000696E673A205374617274696E672041504F
:107CA000206D6F64652E2E2E00426F696C657241E7
:107CB0007373697374616E742D53657475700057B6
:107CC00069466950726F766973696F6E696E673A5B
:107CD00020415020737461727420726573756C74E6
:107CE000203D2000000000000000000009E7000027
:107CF00059E8000059E60000AFE7000069E700001E
:107D000075E7000097E7000069EE00009FEE0000B5
:107D1000C1E7000091E80000E7EF0000A7EF0000D6
:107D2000F1E600006DF00000F9E600005DE70000FC
:107D300063E7000001000400100020004000000183
:107D40000002000800200000000000000000000009
:107D500000008000800000020004000800100020E5
:107D60000040202020414E53574552202870617317
:107D7000737468726F756768293A2000202020525A
:107D80006573756C743A204F4B0020202052657348
:107D9000756C743A204552524F5200202020526593
:107DA00073756C743A2054494D454F55540020204A
:107DB00020526573756C743A205061727365457218
:107DC000726F7200524551554553542028706173AB
:107DD000737468726F756768293A20002B534F4699
:107DE000545245534554574946493A0041542B5340
:107DF0004F46545245534554574946490D0A00527F
:107E00004551554553543A2000202020414E5357A8
:107E100045523A20004E4F5F434D445F434845432F
:107E20004B005241573A20003C4C463E003C4352E6
:107E30003E003C53503E003C004F4B0D0A0046694B
:107E40006E616C205374617465200020726573202C
:107E5000003C2D52415720454E44006261736963D6
:107E60005F737472696E673A3A5F4D5F7265706CEA
:107E70006163650062617369635F737472696E67E1
:107E80003A3A5F4D5F637265617465006261736960
:107E9000635F737472696E673A3A5F4D5F636F6ECA
:107EA000737472756374206E756C6C206E6F7420C1
:107EB00076616C6964002B444953434F4E4E4543F1
:107EC000543A0041542B444953434F4E4E4543547A
:107ED0000D0A002B484F535442594E414D453A002C
:107EE000257325730D0A0041542B484F53544259B2
:107EF0004E414D453D002B484F53544E414D45009A
:107F000041542B484F53544E414D453D002B47455E
:107F100054525353493A0041542B474554525353FA
:107F2000493F0D0A002B574946494D4F44453A00F9
:107F300041542B574946494D4F44453F0D0A002BAC
:107F4000474554535349443A0041542B47455453F1
:107F50005349443F0D0A00257325640D0A0041541E
:107F60002B574946494D4F44453D002B4245474913
:107F70004E5354413A0041542B424547494E5354C5
:107F8000413D00257325732C25730D0A002B4745B1
:107F9000545354415455533A0041542B474554537C
:107FA00054415455533F0D0A002B534F46544150F2
:107FB000434F4E4649473A00257325732C25732CB1
:107FC00025730D0A0041542B534F46544150434FE3
:107FD0004E4649473D002B53455449503A002573BE
:107FE00025732C25732C25732C25732C25730D0AD2
:107FF0000041542B53455449503D002B42454749BD
:108000004E534F465441503A00257325732C257327
:108010002C25640D0A0041542B424547494E534FCD
:10802000465441503D002B4950534F465441503A1D
:108030000041542B4950534F465441500D0A002BD8
:1080400049505354413A0041542B49505354413DF7
:108050000062617369635F737472696E673A3A6153
:108060007070656E6400FFFF0000000000000000FB
:1080700019070100290701001F0701003707010048
:108080001B0701002B52454D4F5445504F52543A57
:108090000041542B52454D4F5445504F52543D00D2
:1080A0002B434C49454E54434C4F53453A004154A1
:1080B0002B434C49454E54434C4F53453D002B43B5
:1080C0004C49454E54524543454956453A00415462
:1080D0002B434C49454E54524543454956453D0076
:1080E0002B464C5553483A0041542B464C55534867
:1080F0003D002B434C49454E5453454E443A0025D0
:108100007325642C25640D0A0041542B434C4945CA
:108110004E5453454E443D002B434C49454E544329
:108120004F4E4E4543543A00257325642C25732C3D
:1081300025642C25640D0A0041542B434C49454EBF
:1081400054434F4E4E4543543D002B434C49454EFE
:1081500054434F4E4E4543544E414D453A002573CE
:1081600025642C25732C25640D0A0041542B434CA7
:1081700049454E54434F4E4E4543544E414D453D67
:10818000002B52454D4F544549503A0041542B5213
:10819000454D4F544549503D002B415641494C41B6
:1081A000424C453A0041542B415641494C41424CC6
:1081B000453D002B434C49454E54434F4E4E45439D
:1081C0005445443A0041542B434C49454E54434F87
:1081D0004E4E45435445443D002B424547494E438E
:1081E0004C49454E543A0041542B424547494E4371
:1081F0004C49454E540D0A000000000000000000EC
:10820000D7060100D109010059E60000F90C010070
:10821000510A0100ED060100CB0C01003F070100EF
:1082200021090100430C0100590D0100D10D01008D
:10823000BD0601000D070100C7060100510E010037
:10824000F90E01002B424547494E534552564552BF
:108250003A0041542B424547494E534552564552E8
:108260003D002B53455256455257524954453A000A
:1082700041542B53455256455257524954453D009F
:108280002B534552564552415641494C41424C456B
:108290003A0041542B534552564552415641494CA0
:1082A00041424C453D00FFFF00000000000000007F
:1082B0008B1001003D12010059E600007910010009
:1082C00035120100A11001007B100100444154410E
:1082D000464C41534800FFFF000000000000000032
:1082E0001D14010041140100DB15010001140100FF
:1082F000751401000314010009140100EF130100BB
:108300004D1501000F14010095160100EB1301003B
:108310005F1401005F1401005F140100F9130100F4
:10832000F3130100C112010065140100C512010020
:108330008B130100251301006D1401004172647557
:10834000696E6F2D252E386C78004D51545400FF06
:108350000000000000000000A9180100711B0100CE
:1083600059E60000EB180100BF180100CB1801000E
:10837000591B0100ED23010021240100551D0100BE
:108380005F240100FF1A0100ED180100F11801003F
:1083900049190100005EBCE2613FDD83C29C7E2082
:1083A000A3FD1F41009D23BE46DB65F88C11AF3253
:1083B000CA57E9743F5F7FFF5E00BC007701010090
:1083C000010001010000000000000000C1390100AF
:1083D0006D3B0100C539010063390100453A0100D8
:1083E0003D3901003F390100C5400100413901001C
:1083F00043390100453901005D3F01004739010063
:1084000000000000000000009742010081BF010051
:1084100059E6000079100100000000000000000093
:1084200085440100874401007B440100774401003A
:108430006544010073440100474401006F4401009A
:108440004B44010055440100694401005F440100B0
:108450002544010031440100354401003B44010042
:108460004144010045440100140082815400C2814E
:1084700094008280D4801401C2809401C283D4818C
:1084800014829402C28194055209440082000900BA
:1084900051080C8054055201460042000B00570859
:1084A0000E8014051C00920811008B081080D40463
:1084B0001A00920017805208420009805200028080
:1084C000128812801A00520051004B0A4E801C0084
:1084D0005208C2009700490A4C80D2000201910064
:1084E000510A5080D20851088B80120904001100F3
:1084F000510A50801201440042000B00578A460086
:10850000020009801208C2004988120082004B88CC
:10851000120982018900578A120142018B80D28997
:10852000D201428292090600420117004B8892094B
:10853000420109000C80920102010B000E8014041C
:10854000928054049208C2024B889404D208020319
:1085500049881E00548292010400020011805209D1
:10856000C2015700498AFFFF010300001085020085
:10857000020300001885020004010000B684020016
:1085800005010000BC84020006010000C084020056
:1085900007010000C28402000B010000DA8402001F
:1085A0000C010000E48402000403000020850200A6
:1085B000030300001E85020003010000AE840200D8
:1085C0000B040000368502000A0400002E8502001C
:1085D00002010000A28402000E0000005285020089
:1085E0000000000068840200010000006C840200AA
:1085F0000200000070840200010100009484020067
:108600000001000086840200000500003E85020093
:10861000080400005E85020009010000C484020015
:108620000A010000CE84020001050000428502001C
:10863000020500004A850200000400005685020081
:10864000010400002485020003000000748402007D
:1086500004000000768402000B0000007A8402000F
:108660000C0000007E8402000D00000080840200E7
:108670000F0000008284020004020000EA8402006D
:1086800005020000F484020006020000FE840200DD
:108690000C020000048502000D0200000A850200A1
:1086A000FFFF00FF010203FF0403010C000914088F
:1086B000111C101918FFFFFF060008001000180019
:1086C00020004000600080000001800100020004E2
:1086D0000008FFFF0A0900000A0900003F0B000024
:1086E000010002000800100000000000000000006F
:1086F00079B0010081BF010059E6000057B00100C8
:10870000CFB0010091B1010061B001004DB0010096
:1087100091B30100ADB0010049B001000C0A080E90
:10872000101802191D1F0125752E25752E25752E71
:1087300025750025303278253032783A2530327868
:10874000253032783A25303278253032783A253063
:108750003278253032783A25303278253032783AFE
:1087600025303278253032783A253032782530324B
:10877000783A253032782530327800FF000000004A
:108780000000000001BB0100636D5F6261636B74F8
:10879000726163655F6661756C7400696E69745FB0
:1087A0006F6B0028257329206861732061737365DE
:1087B0007274206661696C65642061742025732E73
:1087C00000216F6E5F6661756C74004661756C7434
:1087D000206F6E20696E74657272757074206F728E
:1087E0002062617265206D6574616C286E6F204F28
:1087F000532920656E7669726F6E6D656E74003DEB
:108800003D3D3D3D3D3D3D3D3D3D3D3D3D3D3D3D98
:108810003D3D2052656769737465727320696E66A9
:108820006F726D6174696F6E203D3D3D3D3D3D3D14
:108830003D3D3D3D3D3D3D3D3D3D3D3D3D002020DF
:1088400025733A2025303878202025733A202530AA
:108850003878202025733A20253038782020257359
:108860003A2025303878003D3D3D3D3D3D3D3D3D84
:108870003D3D3D3D3D3D3D3D3D3D3D3D3D3D3D3D28
:108880003D3D3D3D3D3D3D3D3D3D3D3D3D3D3D3D18
:108890003D3D3D3D3D3D3D3D3D3D3D3D3D3D3D3D08
:1088A0003D3D3D3D3D0048617264206661756C74DC
:1088B0002069732063617573656420627920666145
:1088C000696C656420766563746F72206665746395
:1088D00068004D656D6F7279206D616E6167656DC1
:1088E000656E74206661756C7420697320636175B0
:1088F00073656420627920696E737472756374693C
:108900006F6E206163636573732076696F6C617449
:10891000696F6E004D656D6F7279206D616E616774
:10892000656D656E74206661756C74206973206373
:10893000617573656420627920646174612061638C
:10894000636573732076696F6C6174696F6E004D37
:10895000656D6F7279206D616E6167656D656E74AE
:10896000206661756C74206973206361757365643A
:1089700020627920756E737461636B696E67206520
:1089800072726F72004D656D6F7279206D616E61EC
:1089900067656D656E74206661756C7420697320FF
:1089A00063617573656420627920737461636B69B8
:1089B0006E67206572726F72004D656D6F727920FF
:1089C0006D616E6167656D656E74206661756C744E
:1089D0002069732063617573656420627920666C19
:1089E0006F6174696E672D706F696E74206C617A47
:1089F0007920737461746520707265736572766135
:108A000074696F6E00546865206D656D6F727920B2
:108A10006D616E6167656D656E74206661756C74FD
:108A2000206F63637572726564206164647265733C
:108A30007320697320253038780042757320666191
:108A4000756C742069732063617573656420627945
:108A500020696E737472756374696F6E20616363ED
:108A60006573732076696F6C6174696F6E0042750F
:108A700073206661756C742069732063617573651A
:108A80006420627920707265636973652064617423
:108A900061206163636573732076696F6C617469CB
:108AA0006F6E00427573206661756C742069732067
:108AB00063617573656420627920696D70726563A6
:108AC00069736520646174612061636365737320F9
:108AD00076696F6C6174696F6E00427573206661B0
:108AE000756C7420697320636175736564206279A5
:108AF00020756E737461636B696E67206572726F47
:108B00007200427573206661756C7420697320630E
:108B1000617573656420627920737461636B696E3B
:108B200067206572726F7200427573206661756CA2
:108B300074206973206361757365642062792066AF
:108B40006C6F6174696E672D706F696E74206C61F3
:108B50007A792073746174652070726573657276BA
:108B60006174696F6E005468652062757320666178
:108B7000756C74206F6363757272656420616464E0
:108B800072657373206973202530387800557361DE
:108B90006765206661756C74206973206361757305
:108BA000656420627920617474656D7074732074DB
:108BB0006F206578656375746520616E20756E64DD
:108BC0006566696E656420696E7374727563746935
:108BD0006F6E005573616765206661756C742069FE
:108BE00073206361757365642062792061747465B4
:108BF0006D70747320746F20737769746368207468
:108C00006F20616E20696E76616C69642073746197
:108C100074652028652E672E2C2041524D29005561
:108C200073616765206661756C7420697320636188
:108C30007573656420627920617474656D707473F6
:108C400020746F20646F20616E2065786365707496
:108C5000696F6E2077697468206120626164207694
:108C6000616C756520696E20746865204558435FA6
:108C700052455455524E206E756D626572005573A3
:108C8000616765206661756C742069732063617526
:108C900073656420627920617474656D70747320EB
:108CA000746F2065786563757465206120636F70EB
:108CB000726F636573736F7220696E73747275631C
:108CC00074696F6E005573616765206661756C74B9
:108CD0002069732063617573656420627920696E11
:108CE00064696361746573207468617420616E20C7
:108CF000756E616C69676E6564206163636573732B
:108D0000206661756C74206861732074616B656E98
:108D100020706C61636500557361676520666175DD
:108D20006C742069732063617573656420627920B7
:108D3000496E646963617465732061206469766952
:108D40006465206279207A65726F2068617320748F
:108D5000616B656E20706C616365202863616E20B5
:108D6000626520736574206F6E6C7920696620449B
:108D700049565F305F5452502069732073657429DF
:108D8000004465627567206661756C7420697320A4
:108D90006361757365642062792068616C74207208
:108DA000657175657374656420696E204E5649431C
:108DB000004465627567206661756C742069732074
:108DC00063617573656420627920424B5054206959
:108DD0006E737472756374696F6E20657865637500
:108DE000746564004465627567206661756C742003
:108DF00069732063617573656420627920445754F8
:108E0000206D61746368206F6363757272656400BE
:108E10004465627567206661756C742069732063B0
:108E2000617573656420627920566563746F722082
:108E30006665746368206F6363757272656400446D
:108E400065627567206661756C7420697320636163
:108E500075736564206279204544424752512073FE
:108E600069676E616C206173736572746564004636
:108E700069726D77617265206E616D653A20257348
:108E80002C20636F6D70696C6564206F6E3A2025CD
:108E900073004552524F523A20556E61626C652004
:108EA000746F2067657420746865206D61696E2039
:108EB000737461636B20696E666F726D6174696F44
:108EC0006E2C20706C6561736520636865636B2030
:108ED00074686520636F6E66696775726174696F27
:108EE0006E206F6620746865206D61696E207374F2
:108EF00061636B004572726F723A204D61696E203A
:108F0000737461636B28253038782920776173206A
:108F10006F766572666C6F77003D3D3D3D3D205438
:108F2000687265616420737461636B20696E666F3B
:108F3000726D6174696F6E203D3D3D3D3D002020A6
:108F4000616464723A2025303878202020206461E2
:108F500074613A2025303878002530386C78002E3E
:108F6000656C660053686F77206D6F726520636172
:108F70006C6C20737461636B20696E666F2062791C
:108F80002072756E3A2061646472326C696E65207D
:108F90002D652025732573202D61202D66202573D6
:108FA0000044756D702063616C6C20737461636B39
:108FB0002068617320616E206572726F7200523199
:108FC00020005230200052332000523220004C52F8
:108FD000200052313200505352005043200053655C
:108FE000702031382032303236000022433A5C554E
:108FF000736572735C4B61726C5C41707044617438
:10900000615C4C6F63616C5C61726475696E6F5C0E
:10901000736B6574636865735C443933433335300F
:10902000393631344142373837464534444438467E
:109030004130363142453138362F426F696C6572A6
:10904000417373697374616E745F335F315F546F22
:1090500074616C5F446F6D696E6174696F6E2E69C7
:109060006E6F22000DD3010061D3010091D3010086
:1090700035D40100F1D401000000000001D6010048
:10908000F1D5010009D60100CDD60100ADD801000F
:10909000000000000000000000000000B7EF010029
:1090A0005BF00100D9EF0100E5EF0100CDEF010019
:1090B00023F00100F1EF0100ABEF0100A5EF01008B
:1090C000B5EF0100BDF00100803E0200E09002001B
:1090D000393E020056300020E8900200F190020074
:1090E00041726475696E6F0043444320506F72741F
:1090F000004446552D525420506F727400000000F9
:10910000000000000000000000000000000000005F
:1091100000000000000000000000000000FFFFFF52
:1091200068010020504F53495800494E4600696E6F
:1091300066004E414E006E616E0030313233343580
:1091400036373839414243444546003031323334B2
:109150003536373839616263646566000020202047
:1091600020202020202028282828282020202020D7
:1091700020202020202020202020202020881010A7
:109180001010101010101010101010101004040403
:1091900004040404040404101010101010104141C1
:1091A00041414141010101010101010101010101AF
:1091B00001010101010101011010101010104242C3
:1091C000424242420202020202020202020202027F
:1091D000020202020202020210101010200000001F
:1091E000000000000000000000000000000000007F
:1091F000000000000000000000000000000000006F
:10920000000000000000000000000000000000005E
:10921000000000000000000000000000000000004E
:10922000000000000000000000000000000000003E
:10923000000000000000000000000000000000002E
:10924000000000000000000000000000000000001E
:1092500000000000000000000000000000496E66F1
:10926000696E697479004E614E00FFFF00000000D6
:1092700000000000000000000000000000000000EE
:1092800000000000000000000000000000000000DE
:1092900000000000000000000000000000000000CE
:1092A00000000000000000000000000000000000BE
:1092B00000000000000000000000000000000000AE
:1092C000000000000000000000000000FFFFFFFFA2
:1092D0000080E03779C34143176E05B5B5B89346B2
:1092E000F5F93FE9034F384D321D30F94877825A7E
:1092F0003CBF737FDD4F1575000000000000F03F9C
:109300000000000000002440000000000000594060
:109310000000000000408F40000000000088C340B3
:1093200000000000006AF8400000000080842E4128
:1093300000000000D01263410000000084D7974174
:109340000000000065CDCD41000000205FA002427A
:10935000000000E876483742000000A2941A6D42EF
:10936000000040E59C30A2420000901EC4BCD642E2
:1093700000003426F56B0C430080E03779C341438D
:1093800000A0D8855734764300C84E676DC1AB4303
:10939000003D9160E458E143408CB5781DAF154421
:1093A00050EFE2D6E41A4B4492D54D06CFF08044FC
:1093B000F64AE1C7022DB544B49DD9794378EA4411
:1093C00005000000190000007D000000232D302B57
:1093D0002000686C4C0065666745464700FFFFFF4C
:0493E0000000000089
:1093EC00B4008C00010000000000803F0000000071
:1093FC00000000000000F87FD430020000000000E4
:10940C00000000000000F87F0200000000000000D7
:10941C000000000000000000FFFFFFFFFFFFFFFF48
:10942C00FFFFFFFF00000000000000000000000034
:10943C000000000000000000000000000000000020
:10944C000000000000000000000000000000000010
:10945C000000000000000000000000000000000000
:10946C0000000000000000000000000000000000F0
:10947C0000000000000000000000000000000000E0
:10948C0000000000000000000000000000000000D0
:10949C0000000000000000000000000000000000C0
:1094AC0000000000000000000000000000000000B0
:1094BC0000000000000000000000000000000000A0
:1094CC000000000000000000000000000000000090
:1094DC000000000000000000000000000000000080
:1094EC000000000000000000000000000000000070
:1094FC000000000000000000000000000000000060
:10950C00000000000000000000000000000000004F
:10951C000000000000000000208402000800000091
:10952C000A000000FF000000000009400A000000D3
:10953C0001120100020202014041236D00000101F1
:10954C000203010068010020000000008C92020060
:10955C00AC9202006C9202000000000000000000BF
:10956C0000000000000000000000000000000000EF
:10957C0000000000000000000000000000000000DF
:10958C0000000000000000000000000000000000CF
:10959C0000000000000000000000000000000000BF
:1095AC00000000000000000043000000000000006C
:1095BC00000000000000000000000000000000009F
:1095CC00000000000000000043000000000000004C
:1095DC00000000000000000000000000000000007F
:1095EC00000000000000000043000000000000002C
:1095FC00000000000000000000000000000000005F
:10960C00000000000000000043000000000000000B
:10961C00000000000000000000000000000000003E
:10962C0000000000000000004300000000000000EB
:10963C00000000000000000000000000000000001E
:10964C0000000000000000004300000000000000CB
:10965C0000000000000000000000000000000000FE
:10966C0000000000000000004300000000000000AB
:10967C0000000000000000000000000000000000DE
:10968C000000000000000000B1120200C90202003C
:10969C00000000005C910200A77C0200803E0200EA
:1096AC00803E0200803E0200803E0200803E0200AE
:1096BC00803E0200803E0200803E0200803E02009E
:1096CC00FFFFFFFFFFFFFFFFFFFFFFFFFFFF00009C
:1096DC000100415343494900000000000000000014
:1096EC00000000000000000000000000000000006E
:1096FC0000004153434949000000000000000000F5
:10970C00000000000000000000000000000000004D
:10971C0000000000E540000055430000758B000080
:10972C0005A3000069BE000089CF000005E300001E
:10973C0081F000003DF20000E1FA00009506010006
:10974C000941010011B0010039B5010055B5010006
:10975C0071B501008DB5010085BA010059BF01003A
:10976C00A1CD010045D1010061F10100C140000013
:10977C00FD430000159F000041A30000B1BE000096
:10978C00E1CF000011E3000009FB0000A10601007D
:10979C0025B0010099B50100D1BA010051D10100E9
:04000003100099E16F
:00000001FF
