:10400000007F002045EE0100EDEC010041EE0100D3
:1040100041EE010041EE010041EE010041EE0100E0
:1040200000000000000000000000000041EE010060
:1040300041EE01000000000041EE010041EE0100F0
:104040000000000000000000000000000000000070
:104050000000000000000000000000000000000060
:104060000000000000000000000000000000000050
:104070000000000000000000000000000000000040
:104080000000000000000000000000000000000030
:104090000000000000000000000000000000000020
:1040A0000000000000000000000000000000000010
:1040B0000000000000000000000000000000000000
:1040C00010B5054C237833B9044B13B10448AFF352
:1040D00000800123237010BD0004002000000000B8
:1040E000B4D7030008B5034B1BB103490348AFF332
:1040F000008008BD0000000004040020B4D70300C5
:104100002DE9D04357EC106B234C2DED028B10EEB4
:10411000102A3B4610EE100A394694ED358A21F0FC
:10412000C7F948B118EE100A20F0D0FEBDEC028BA2
:1041300041EC100BBDE8D083B4EE488AF1EE10FAE2
:104140001ED618EE100A20F0C1FE0FA3D3E90023FB
:1041500020F014FF0EA3D3E90023804689463046A1
:10416000394620F00BFF02460B464046494620F0F8
:104170004FFD21F0FBF9C4F8D400D4F8D400D3E704
:1041800030463946F5E700BF9A9999999999E93FE0
:104190009A9999999999C93F300A00202DE9F843D5
:1041A0002DED028B1EF094FB06466B486B4C0FF016
:1041B000D5FB02F005FC08F0F3FB1EF089FB054679
:1041C00002F0ECFC074658B108F080F9FFF798FFC1
:1041D000D4F88011384609F06DF9614B01221A704C
:1041E000604F3B6840F6B832EB1A934205D908F0AD
:1041F0002DFB284601F0F2FF3D605B4F3B68EB1A58
:10420000B3F5FA7F02D908F0BBFA3D60574F284654
:1042100008F004FE3B684EF65F22EB1A934202D987
:1042200008F0ACFA3D6008F051F951EC100BB0EE1B
:10423000408AF0EE608A21F099F9B0EE480AF0EE7B
:10424000680AC4F8D800FFF75BFF51EC100B21F0AF
:104250008DF9C4F8D40000F0D7FCC4F8F40002F0E3
:10426000E7F8074602F046FA41F22433C4F88071B9
:10427000E5501EF02DFB05461EF02AFB80460EF091
:104280001BF981460EF04EFAB9F1000F03D0384900
:1042900040460EF03FF90EF03FFA78B941F228336C
:1042A000E35C5BB10EF008F940B11EF011FB8046F3
:1042B0000CF00AFB2F4940460EF02CF90EF02CFAB8
:1042C00078B941F22833E35C5BB10EF0F5F840B108
:1042D0001EF0FEFA804606F01DFA274940460EF011
:1042E00019F90EF019FA70B91EF0F2FA80460EF0C4
:1042F000E3F8814607F04AFDB9F1000F03D01F49EA
:1043000040460EF007F91EF0E3FA41F23433401B49
:10431000E05041F23833E258904288BFE050D4F880
:10432000D40020F0D3FD164B41EC100B1878394621
:1043300009F09EFF0EF020FC1EF0CAFA41F22C3369
:10434000801BE050BDEC028B41F23033E2589042CA
:1043500088BFE050BDE8F883F8290020300A00202B
:104360000000002024040020200400201C04002061
:10437000F491020059C70200019202000692020065
:10438000C404002010B51B4C1B4821461DF0ABFA9D
:1043900021461A481DF0A7FA214619481DF0A3FA34
:1043A000214618481DF09FFA214617481DF09BFA38
:1043B000214616481DF097FA214615481DF093FA3C
:1043C000214614481DF08FFA214613481DF08BFA40
:1043D000214612481DF087FA214611481DF083FA44
:1043E000214610481DF07FFA21460F48BDE81040D5
:1043F0001DF079BAA5A10200A00400202804002025
:104400004C04002040040020340400205804002004
:104410008804002094040020B8040020AC0400208C
:10442000700400207C0400206404002008B51448B7
:104430001DF00EFA13481DF00BFA13481DF008FA90
:1044400012481DF005FA12481DF002FA11481DF03D
:10445000FFF911481DF0FCF910481DF0F9F910485A
:104460001DF0F6F90F481DF0F3F90F481DF0F0F9B3
:104470000E481DF0EDF90E48BDE808401DF0E8B902
:10448000640400207C04002070040020AC040020A0
:10449000B804002094040020880400205804002060
:1044A00034040020400400204C0400202804002094
:1044B000A004002008B54FF4E1311D481CF02EF98E
:1044C0004FF4FA701EF0C0F9012106201EF014F816
:1044D000012106201EF028F802F096F814481DF07D
:1044E000F5F8144912481DF001F902F0F1FA08F04C
:1044F0005BFB01F025FA08F0C1FA01F05FFE00F065
:1045000025FB01F0BDFE0C4802F01CFB08F010FF7B
:104510000EF064F80EF000F918B90BF07DF802F017
:104520003DFD4FF47A510548BDE808400FF082BACE
:10453000103000200B92020034210020F8290020C6
:104540002DE9F0475D4C089F94F8CCA005469046B5
:104550009946BAF1000F02D094F8E0604EB1584A83
:1045600000231360574A84F87031C4F87431136023
:1045700057E094F80611481E012800F28380104687
:10458000194620F095FFA8B9B4F97C0120F08CFC05
:1045900042464B464FF0010620F080FF00B9064628
:1045A000B4F97E0120F080FC42464B46F6B220F082
:1045B00061FF08B94FF0000A94F87031CBB9404B55
:1045C000002E3DD01A6802B91F601A6843F6972181
:1045D000BA1A8A4225D900221A603A4B84F86E2111
:1045E0000121C4F8747184F870111A6094F8703164
:1045F000BBB1D4F87401D4F87811324ABAF1000F83
:1046000020D0136803B91760136823B1FB1A47F26F
:104610002F56B34219D84EF660233F1A4B439F42A0
:104620001BD294F86F1189B304230620012184F86A
:1046300006311DF079FF0020C4F88001BDE8F08745
:104640001E60D3E7C2F800A0DEE7002384F87031D3
:1046500084F86E31C4F8743189E7042384F8063194
:10466000012384F86E3184F86F31154B002584F8EE
:10467000F85084F8075184F80C5184F870511D608B
:104680001560CEE704297FF46AAFCAE794F80631D3
:10469000013B022B88BF012106201DF045FF002DA4
:1046A00009DDD4F8E400A842C8DCD4F8E800A84248
:1046B000A8BF2846C2E70020C0E700BF300A00209C
:1046C000D8040020E80400202DE9F04F0B4687B005
:1046D0001546024682468B4620F0EAFE20B10025B0
:1046E000284607B0BDE8F08FA54A02921368A54C92
:1046F000002B00F08980A5EB0308B8F57A7FC0F0A5
:104700008880A14BD3E9006732463B4630463946A4
:1047100020F0CEFE002840F0DE81404620F0B4FBC1
:1047200000229A4B20F054FD002200238046894647
:1047300020F0B4FE002800F0CE8132463B465046C1
:10474000594620F063FA42464B4620F041FD0646AA
:104750000F4694F8F030002B56D1D4F8DC90DFF8F7
:104760004C82A9F1140020F09FFB02460B465046F4
:10477000594620F075FE78B17FA3D3E90023304677
:10478000394620F06DFE38B1D8ED007A9FED807A81
:1047900077EE877AC8ED007A09F1140020F084FBE7
:1047A00002460B465046594620F078FE78B172A377
:1047B000D3E900233046394620F070FE38B1D8EDF9
:1047C000007A9FED737A77EEC77AC8ED007A98ED9C
:1047D000000AF6EE007AB4EEE70AF1EE10FA64D4BD
:1047E000F0EE007AB4EE670AF1EE10FAC8BFB0EE50
:1047F000670A684E684A336888ED000AEB1A9342EC
:1048000002D901F0B1FB35605F4BC3E900AB029BFD
:104810001D60D4F8EC0020F047FB00225F4B20F035
:10482000ADFB002200238046894620F023FE18B10C
:10483000DFF87C914FF00008D4F8DC0020F034FB66
:1048400042464B4606460F4620F0E0F94B46CDE97E
:10485000020142463046394620F0DAF994F8063132
:104860004F4E022BCDE9040122D100224D4BDDE950
:10487000020120F0CBF902460B465046594620F083
:10488000EFFDA8B1336803B935603368ED1A43F61C
:1048900097239D420ED90123434A84F80631002311
:1048A00033601370D4F880511AE7B0EE670AA0E7BE
:1048B0000023336094F8F030012B2BD1DDE9022383
:1048C0005046594620F0D6FD10B1D4F8E85007E71D
:1048D000DDE9042350465946D4F8E45020F0D4FDD5
:1048E00000287FF4FDAEDDE9040120F0F7FD074666
:1048F000DDE9020120F0F2FD59460646504620F05F
:10490000EDFD0095D4F8E8303A4631461CF056FCEF
:104910000546E5E6002B7FF4E2AEDDE902235046D2
:10492000594620F09DFD10B11F4B01221A70D4F89A
:10493000DC0020F0B9FA52465B4620F09BFD10B136
:10494000194B00221A70DDE902235046594620F027
:104950009BFD78B3DDE904235046594620F08AFDDB
:1049600040B3114B1B78002B3FF4B9AED4F8E450A0
:10497000B6E600BFAFF300809A9999999999A93F3B
:10498000E4040020300A00200800002000408F408E
:104990000AD7A33BDC0400207FEE36000000E03F96
:1049A000C804002000002440C504002004000020AA
:1049B0000000F03FDDE902235046594620F050FD4B
:1049C000002840D00022454B4046494620F066FD75
:1049D00018B9DFF808914FF0000852465B46DDE950
:1049E000020120F013F942464B4620F0F1FB3C4B0C
:1049F000064618680F4620F069FA02460B46304614
:104A0000394620F0BBFA0022364B06460F4620F00E
:104A100045FD08B1334F0026D4E93950401B20F042
:104A200043FA32463B4620F0A9FA064628460F468E
:104A300020F03AFA02460B463046394620F0E8F8B4
:104A400020F04CFD64E7DDE904235046594620F090
:104A500025FD00283FF443AEDDE9042350465946C6
:104A600020F0D4F842464B4606460F4620F00CFD97
:104A700000287FF434AED4F8E40020F015FA424662
:104A800004460D464B463046394620F0A1FB02460F
:104A90000B460020134920F0B9F802460B46204689
:104AA000294620F06BFA0E4B044618680D4620F09C
:104AB0000DFA02460B462046294620F05FFA0022F6
:104AC000002304460D4620F0CBFC08B1002400254D
:104AD00020462946B4E7002600273AE60000494070
:104AE000040000200000F03F014B93ED000A7047E6
:104AF00004000020044A00231360044A1360044A9F
:104B000082F80531704700BFE0040020D404002083
:104B1000300A002008B5FFF7EDFF0B4B002283F8A9
:104B2000E02083F8042183F86E2183F86F2183F855
:104B30007021C3F8742183F8F82083F8072183F8E3
:104B40000C2183F8062108BD300A002038B5002466
:104B5000184D194B85F8064120461C7001F0CAFD1E
:104B600000F01DFD154B164983ED000A154B85F825
:104B7000F8400020C3E90001134B85F80C411C608C
:104B8000124B85F807411C60114B85F86E411C6083
:104B9000104BC5F87441012106201C6085F86F4157
:104BA00085F870411DF0A8FC01210620BDE83840C1
:104BB0001DF0BABC300A0020CC0400200400002004
:104BC0000000F87F08000020E4040020DC0400203E
:104BD000E0040020D404002010B50A4C012384F81E
:104BE000F8301DF075FE002384F86E31C4F874317E
:104BF00084F86F3184F870310323C4F8FC0084F822
:104C0000063110BD300A00202DE9F04F2DED028B4A
:104C100087B01DF05DFEA34C0746A34894F80651EB
:104C200003786A1E013B022ADBB200F2C082022B2B
:104C300001D9C4F8347241F23D330570E35C63B9C5
:104C400041F23E32A35441F23F32A354974A1370CB
:104C500041F24232A352964A136041F23F31635C03
:104C6000002B00F08380924A1368002B7ED091487D
:104C7000FB1A83427AD941F23E330025E5548B4B2F
:104C800065541D7041F2423306200121E552156042
:104C900084F8065184F8F85084F8075184F80C51D0
:104CA0001DF042FC284607B0BDEC028BBDE8F08F3A
:104CB000C4F8B8212278C4F888914EF66023B1FB7D
:104CC000F3F3C4F8E8314FF6FF73A4F81832B2B129
:104CD00094F844309A4212D904EB8303D3ED017A5D
:104CE000F4EE677AF1EE10FA09D6B6EE007A77EEB6
:104CF000877AFDEEE77A17EE903AA4F8183241F27F
:104D00003F32BCF10B0FC4F83812A15C98BF0CF114
:104D1000010C4FF0000398BF84F830C2C4F834325D
:104D200059B1A35441F23E32A354604A137041F288
:104D30004232A3525E4A13607DE741F23D33E35CA9
:104D4000002B3FF478AF41F2423141F24432635AD2
:104D5000A25A9342BFF46FAF01339BB29A4263529F
:104D60009EBF41F23E330122E25464E706F0ACFA02
:104D7000054668B1062001211DF0D6FB002084F80D
:104D8000060184F8F80084F8070184F80C018AE72A
:104D900094F80431013B012BECD994F8CC20464B1C
:104DA000002A45D0D4F8D020BA1AB2F57A7F3FD87D
:104DB00084F8E000186094F81891DFF80481B9F1E4
:104DC000010F5BD12278002A46D094F844309A42F1
:104DD00042D904EB830240F6B831526ABA1A8A42C9
:104DE0003AD804EB830393ED018A18EE100A20F001
:104DF0006DF802460B4620F05BFB064660BBDFED1C
:104E00002F7AC8F80000B4EEE78AF1EE10FA3EDB24
:104E10000620494684F804911DF086FB84F806615B
:104E200084F8F86084F8076184F80C6130463AE74A
:104E30001A6802B91F601B684EF65F22FB1A934284
:104E400088BF94F805314FF0010582BF2B4384F8E9
:104E5000E05084F80531AEE7D8F800300BB9C8F857
:104E60000070D8F80030FF1A4EF65F239F420ED92B
:104E7000022384F8043184F805317BE70023C8F865
:104E8000003094F8053123F0020384F8053194F8DA
:104E90000431BBB1062001211DF046FB002084F83F
:104EA000060100E7300A0020CC040020701D00201D
:104EB000D00400207FEE3600E004002000003E43D6
:104EC000D404002094F81831002B40F0CD801DF060
:104ED000FFFC94ED358A824618EE100A1FF0F6FFAB
:104EE0000646D4F8D8000F461FF0F0FF94F80631BC
:104EF000CDE902010BB9FFF76FFE94F80631032BE1
:104F000017D194F8F83053B1D4F8FC30D4F800112C
:104F1000AAEB03024FF47A734B439A4209D300235E
:104F200084F8F830012384F8063184F80731C4F896
:104F300008A194F80631012B3CD194F807211AB945
:104F400084F80731C4F808A132463B46304639465A
:104F500020F0AEFAB0BBD4F8EC001FF0A5FF0022A1
:104F6000AE4B20F00BF80022AD4B8046894620F076
:104F700077FA18B1DFF8A8924FF00008D4F8DC00F7
:104F80001FF092FF42464B461FF040FE02460B4682
:104F90003046394620F078FAA0B1022384F8063171
:104FA000012384F80C310023C4F810A184F86E3179
:104FB00084F8703194F80631022B4BD0032B51D07A
:104FC000012B4DD132463B463046394620F070FA2F
:104FD000002845D1D4F8DCB058461FF065FF002208
:104FE000904BCDE904011FF011FE80468946024630
:104FF0000B463046394620F03DFA98BBDDE90423E4
:1050000030463946D4F8E44020F03EFA70B94946BB
:10501000404620F063FAFDEEC87A0146009464230E
:105020005A4617EE900A1CF0C9F80446CDF800A0C5
:10503000DDE902232046FFF783FA002D3FF433AE6B
:10504000794A92F80631013B012B3FF62CAED2F89B
:10505000E80028E6524630463946FFF735FBE4E7DC
:105060000024E3E76424E1E71DF032FC94ED358A87
:10507000804618EE100A1FF029FF8246D4F8D800A7
:105080008B461FF023FF94F8443022789A42CDE9F2
:10509000020142D904EB830358681FF017FF06464C
:1050A0000F4694F806312BBB32463B463046394614
:1050B00020F0FEF9002840F08681B4F914011FF0B9
:1050C000F3FE02460B463046394620F0C9F9002867
:1050D00000F07981FFF780FD41F23D33E35C4BB195
:1050E000524B1B78E3B141F23F330122E254504B63
:1050F000C3F8008094F80631032B00F09D80013B3B
:10510000012B00F2BA8032463B463046394620F049
:10511000CFF9002800F09780CBE00026454FC0E78C
:1051200041F23E33E35C002BE4D00DF0ABF90028F4
:10513000E0D041F248333C22E35A13FB020041F233
:105140004A33E35C002B0CBF00234FF46163C018AB
:1051500041F2463348BF00F5A830E15C41F24733E5
:1051600048BF00F5C070E25C9142BCD04FF0180C13
:105170004FF4616390FBF3F090FBFCF30CFB130026
:1051800004D28842B6DB9042B4DAACE78842FADB5C
:10519000A9E741F23F33E35C3BB9424650465946EA
:1051A000FFF792FA0BE100240AE1642408E1022BE4
:1051B0003FF641ADD4F8341200293FF43CADD4F8A9
:1051C0003822A7EB01094FF47A73B9FBF3F912B156
:1051D0008A1AB2FBF3F294F830C2BCF10B0FE0462E
:1051E00028BF4FF00B0804EB880304EB480E03F5CF
:1051F000C4730EF5067EB8F1000F3FF459AD53F8B5
:10520000046D5E601E6B5E631E6E5E663EF8026D30
:10521000AEF8026008F1FF38EDE700BF0000E03FA4
:105220000000F03F00006940300A0020701D00209F
:10523000D00400200000F87F32463B463046394615
:1052400020F036F9E8B9B4F916011FF02DFE024638
:105250000B463046394620F017F970B15B4A0023FF
:1052600084F8063184F8F83084F8073184F80C317A
:1052700084F86E3184F87031136094F80631032B92
:1052800017D194F8F83053B1D4F8FC30D4F80011A9
:10529000A8EB03024FF47A734B439A4209D30023DD
:1052A00084F8F830012384F8063184F80731C4F813
:1052B000088194F80631012B3AD194F807211AB9E4
:1052C00084F80731C4F8088152465B465046594677
:1052D00020F0EEF8B8BBD4F8EC001FF0E5FD00229A
:1052E0003B4B1FF04BFE00223A4B06460F4620F088
:1052F000B7F808B1374F0026D4F8DC001FF0D4FD12
:1053000032463B461FF082FC02460B465046594649
:1053100020F0BAF8B8B1022384F80631012384F8EA
:105320000C310023C4F8108184F86E3184F8703198
:1053300094F80631022B3FF42CAF032B3FF435AF2A
:10534000012B7FF430AF41F23F33E65C002E7FF457
:105350002CAF52465B465046594620F0A9F800282B
:105360007FF421AFD4F8DC9048461FF09DFD002269
:10537000194BCDE904011FF049FC06460F460246D1
:105380000B465046594620F075F800287FF40DAFC3
:10539000DDE9042350465946D4F8E44020F074F87F
:1053A00070B93946304620F099F8FDEEC87A0146CA
:1053B000009464234A4617EE900A1BF0FFFE044651
:1053C000CDF8008034E694F8063198E6C804002051
:1053D0000000E03F0000F03F0000694010B50446C7
:1053E00011F0F2FA2168BDE8104011F015BB07B5C5
:1053F00002AB43F8040D1846FFF7F0FF03B05DF869
:1054000004FB38B50546FFF7F2FF0446681CFFF7BA
:10541000EEFF44EA002000B238BD70B500254FF61B
:10542000FF744AF201062846FFF7E1FF4440A4B2A8
:105430000823E2074FEA640003F1FF3348BF7040DE
:1054400013F0FF0384B2F4D10135582DEBD120467F
:1054500070BD73B502AD002345F8043D04460E4609
:1054600011F0B2FA2A46216811F041FB01280CD153
:1054700011F0AAFA2268314611F0E2FA11F0A4FA0A
:1054800011F0FDFA204602B070BD11F09DFA2268BD
:10549000314611F0D5FAF5E707B502AB43F8040D34
:1054A0001846FFF7D6FF03B05DF804FB38B50D468C
:1054B0000446FFF793FF854204D020462946FFF7B4
:1054C000C8FF0446204638BD07B502AB43F8040DBB
:1054D0001846FFF7EBFF03B05DF804FB10B5FFF7CC
:1054E0009CFFBA2104465820FFF7EEFF0321592004
:1054F000FFF7EAFFE1B25A20FFF7E6FFC4F3072106
:105500005B20BDE81040FFF7DFBF38B505460C460D
:10551000C9B2FFF7C1FFC4F30721681CFFF7BCFF46
:10552000BDE83840FFF7DABF38B50C4A0C4D41F200
:105530004B334FF4E670D15CFFF7C6FF40F2CD1459
:1055400015F8011F2046FFF7BFFF95F900301BB18A
:105550000134B4F5F77FF3D138BD00BF300A002025
:105560007B1D002001B20020FFF7CFBF01B2022057
:10557000FFF7CBBF01B20420FFF7C7BF01B206207F
:10558000FFF7C3BF01B20820FFF7BFBF08B5C1B224
:105590000A20FFF781FFBDE80840FFF79FBF13B562
:1055A0004FF07E530093342401A80194FFF716FFB7
:1055B0000DEB04030134382C03F8340CF4D19DEDC9
:1055C000000AB4EE400AF1EE10FA13D6F6EE007AB5
:1055D000B4EEE70AF1EE10FA0CD4F0EE007AB4EE75
:1055E000670AF1EE10FAF7EE007AC8BFB0EE670A6C
:1055F00002B010BDB7EE000AFAE701B20C20FFF7C7
:1056000084BF01B20E20FFF780BF01B21020FFF768
:105610007CBFFFFF38B5074D3C2463192046197A3B
:105620000134FFF739FF442CF7D1BDE83840FFF7CC
:1056300055BF00BF300A00202DE9F047164CDFF8B7
:105640005CA04FF4C87601274FF00008A4F5A279BA
:105650000025A819FFF7CBFE63190135102D83F83B
:105660004C00F6D194F84C3084F85B800133DBB207
:10567000012B06D83B465246294609EB060021F08D
:10568000B3F81036B6F5047F07F1010704F11004F2
:10569000DED1BDE8F08700BF300A00203092020062
:1056A0000728F8B50FD800F11906074F3601050194
:1056B00000242B193B44301993F84C100134FFF7A8
:1056C00003FF102CF5D1F8BD300A002008B50146C3
:1056D0001220FFF7E1FEBDE80840FFF7FFBE08B566
:1056E00001461320FFF7D8FEBDE80840FFF7F6BEDD
:1056F00008B501461420FFF7CFFEBDE80840FFF7CC
:10570000EDBE011C18BF01215C20FFF7DDBEFFFFCD
:1057100010B50B4C1620B4F92A11FFF7F6FEB4F9B8
:105720002C111820FFF7F1FEB4F92E111A20FFF703
:10573000ECFEB4F930111C20BDE81040FFF7E5BEC7
:10574000300A002010B50B4C1E20B4F93211FFF7BF
:10575000DCFEB4F934112020FFF7D7FEB4F936117E
:105760002220FFF7D2FEB4F938112420BDE8104002
:10577000FFF7CBBE300A002010B50B4C2620B4F941
:105780003A11FFF7C2FEB4F93C112820FFF7BDFE25
:10579000B4F93E112A20FFF7B8FEB4F940112C20CD
:1057A000BDE81040FFF7B1BE300A002010B5154C1F
:1057B0004420B4F94211FFF7A8FEB4F94411462081
:1057C000FFF7A3FEB4F946114820FFF79EFEB4F997
:1057D00048114A20FFF799FEB4F94A114C20FFF70F
:1057E00094FEB4F94C114E20FFF78FFEB4F94E1120
:1057F0005020FFF78AFEB4F950115220BDE8104046
:10580000FFF783BE300A002010B50C4C542094F8EA
:105810005211FFF741FE94F853115520FFF73CFE5B
:1058200094F854115620FFF737FE94F8551157207D
:10583000FFF732FEBDE81040FFF750BE300A0020EF
:1058400010B541F23D33124C5D20E15CFFF73CFEA8
:1058500041F244335E20E15CFFF736FE41F246330D
:105860005F20E15CFFF730FE41F247336020E15CEE
:10587000FFF72AFE41F248336120E15EFFF745FE63
:1058800041F24A336320E15CBDE81040FFF71CBEE3
:10589000300A002001B22E20FFF737BE01B23020BF
:1058A000FFF733BE08B501463220FFF7F5FDBDE82E
:1058B0000840FFF713BEFFFF70B5074E642440F2A7
:1058C000A515A319204613F8641C0134FFF7E4FD65
:1058D000AC42F6D170BD00BFEA0700202DE9F74FBA
:1058E0000DF10808002348F8083D0F46914614467C
:1058F000042611F069F84246394611F0F8F80128FB
:105900001AD1009DB54228BF354604EB050AA7EB26
:10591000040B544504EB0B0306D014F8011B019350
:1059200001A8FFF7C3FDF4E7761B2F4411F04CF8F4
:1059300011F0A5F8002EDCD1484603B0BDE8F08F89
:105940002DE9F3410020FFF75CFDBF4CC4F8DC00FB
:105950000220FFF756FDC4F800010420FFF751FDB7
:10596000C4F8EC000620FFF74CFDC4F8E400082062
:10597000FFF747FDC4F8E8000A20FFF738FD84F878
:10598000F0000C20FFF73DFDC4F878010E20FFF772
:1059900038FDA4F87C011020FFF733FDA4F87E0148
:1059A0001620FFF72EFDA4F82A011820FFF729FD85
:1059B000A4F82C011A20FFF724FDA4F82E011C20C6
:1059C000FFF71FFDA4F830011E20FFF71AFDA4F811
:1059D00032012020FFF715FDA4F834012220FFF743
:1059E00010FDA4F836012420FFF70BFDA4F83801C0
:1059F0002620FFF706FDA4F83A012820FFF701FD55
:105A0000A4F83C012A20FFF7FCFCA4F83E012C205E
:105A1000FFF7F7FCA4F840011220FFF7E8FC84F838
:105A200057011320FFF7E3FC003018BF012084F872
:105A300056011420FFF7DBFC4FF461635843C4F8B0
:105A400058014420FFF7DDFCA4F842014620FFF78F
:105A5000D8FCA4F844014820FFF7D3FCA4F8460181
:105A60004A20FFF7CEFCA4F848014C20FFF7C9FC00
:105A7000A4F84A014E20FFF7C4FCA4F84C015020C2
:105A8000FFF7BFFCA4F84E015220FFF7BAFCA4F8C0
:105A900050015420FFF7ABFC84F852015520FFF76A
:105AA000A6FC84F853015620FFF7A1FC84F85401AA
:105AB0005720FFF79CFC84F855012E20FFF7A1FC2E
:105AC000A4F814013020FFF79CFCA4F81601322042
:105AD000FFF78DFC84F818015D20FFF788FC451E58
:105AE000684241F23D336841E0545E20FFF77FFC9D
:105AF00041F24433E0525F20FFF779FC41F2463334
:105B0000E0546020FFF773FC41F24733E05461201A
:105B1000FFF777FC05466320FFF769FC012800F2D8
:105B2000AF8105F534739BB2B3F5C36F00F2A88162
:105B300041F24833E55241F24A3300F00100E054AB
:105B40003C2500262846FFF752FC6319072805F17B
:105B5000010594BF18721E72442DF3D13B4FFFF71D
:105B60006BFD642540F2A5183E462846FFF73FFC32
:105B7000EB190135454503F8640CF6D10023F21802
:105B800092F8212142B1203A5E2A02D80133202B1B
:105B9000F5D1002386F82131D4F80031D4F858210A
:105BA000B3F5167F84BF1E23C4F80031D4F8DC306F
:105BB000C83BB3F52F7F84BF4FF4C873C4F8DC3003
:105BC000D4F8EC30013B632B84BF0A23C4F8EC30DB
:105BD000D4F8E430642B84BF0A23C4F8E430D4F84A
:105BE000E830642B84BF5A23C4F8E830D4F8783105
:105BF000013B772B84BF0A23C4F87831B4F87C3199
:105C0000323BB3F5E17F84BF7823A4F87C31B4F84C
:105C10007E31323BB3F5E17F84BFB423A4F87E31FB
:105C200094F85731022B84BF002384F85731084B76
:105C30009A4284BF0023C4F8583141F24433E25AF7
:105C400042B1FF2A08D105E0300A0020EA0700200F
:105C5000307005001E22E25241F246335820E25CC9
:105C6000172A84BF1722E25441F24733E25C172A15
:105C700084BF0622E25441F24832A35A03F534733A
:105C80009BB2B3F5C36F84BF4FF69863A35294F8E9
:105C90005231B4F94A21642B84BF282384F852314D
:105CA00094F85331642B84BF322384F8533194F831
:105CB0005431642B84BF3C2384F8543194F855311B
:105CC000642B84BF462384F85531B4F942319A429B
:105CD000A2BF9623A4F84A31AA23B4F94C21A8BF45
:105CE000A4F84231B4F944319A42A2BF9B23A4F8EC
:105CF0004C31AF23B4F94E21A8BFA4F84431B4F914
:105D000046319A42A1BFA023A4F84E31B423A4F88F
:105D10004631B4F95021B4F948319A42A1BFA523C4
:105D2000A4F85031B923A4F84831FFF760FBBA2832
:105D300040F0C6805920FFF75AFBC11E4E424E412B
:105D40005A20FFF754FB05465B20FFF750FB074640
:105D50005820FFF74CFBBA28814C00F0B380002E8E
:105D600040F08B8006F020FFB4F9DC103046FFF7DE
:105D7000CCFBB4F900110220FFF7C7FBB4F9EC101B
:105D80000420FFF7C2FBB4F9E4100620FFF7BDFBC7
:105D9000B4F9E8100820FFF7B8FB94F8F0100A20D7
:105DA000FFF792FBB4F978110C20FFF7AEFBB4F9C2
:105DB0007C110E20FFF7A9FBB4F97E111020FFF72C
:105DC000A4FB94F857111220FFF77EFB94F85611AC
:105DD0001320FFF779FB4FF461631420D4F85811B6
:105DE000B1FBF3F1C9B2FFF76FFBFFF791FCFFF7CF
:105DF000A9FCFFF7C1FCB4F914112E20FFF785FBB5
:105E0000B4F916113020FFF780FB94F818113220F6
:105E1000FFF75AFB02AA4FF07E5342F8043D3421AB
:105E20005048FFF75BFDFFF7F5FBFFF7BFFCFFF7FF
:105E3000EBFC41F23D335D20E15CFFF745FB41F2B5
:105E400044335E20E15CFFF73FFB41F246335F20C5
:105E5000E15CFFF739FB41F247336020E15CFFF77B
:105E600033FB41F248336120E15EFFF74EFB41F224
:105E70004A336320E15CFFF727FBFFF72FFB2FE09E
:105E80006120FFF7B4FA05466220FFF7B0FA012857
:105E90000CD86BB213F10C0F08DB0E2B06DCC3EB36
:105EA000031341F248329B00A35244E641F24833C7
:105EB0004FF69862E25241F24A330022E2543FE642
:105EC00000263DE75920FFF792FA03287FF447AFF9
:105ED000FFF7A3FA45EA0725ADB285427FF43FAF4D
:105EE0005C20FFF784FA431E5842584184F8280189
:105EF0004FF4E670FFF77BFA421E504241F24B33FB
:105F00005041E05440F2CD1541F27F162846FFF78C
:105F10006EFAAB1942B2E254DAB120F02003413BF1
:105F2000DBB2192B07D93038C0B2092803D92D2A82
:105F300001D05F2A03D10135B5F5F77FE6D141F2F3
:105F40004C320023A35441F24B32A35402B0BDE8BB
:105F5000F08141F24C33E356002BF0D0F6E700BF5E
:105F6000300A0020EC040020F6EE007AB4EEE70AD6
:105F7000F1EE10FA07B514D4F0EE007AB4EE670A29
:105F8000F1EE10FAC8BFB0EE670A02AA22ED010ACC
:105F900034210548FFF7A2FCFFF7A0FA03B05DF833
:105FA00004FBB0EE670AF0E7EC0400202B4B93F8FB
:105FB0005621AAB1032813D8DFE800F002233241AA
:105FC000B3F93A21C3F8DC20B3F84221A3F8162133
:105FD000B3F84A21A3F8142193F85221C3F8E8201A
:105FE000D3F8DC20A3F86421D3F8E82083F86621F5
:105FF000B3F81621A3F86821B3F81421A3F86A2195
:106000007047B3F93C21C3F8DC20B3F84421A3F86E
:106010001621B3F84C21A3F8142193F85321DDE79E
:10602000B3F93E21C3F8DC20B3F84621A3F81621CA
:10603000B3F84E21A3F8142193F85421CEE7B3F915
:106040004021C3F8DC20B3F84821A3F81621B3F8A7
:106050005021A3F8142193F85521BFE7300A0020FE
:10606000144BB3F9302107EE902AF8EEE77AF4EEFC
:10607000C07AF1EE10FA18DAB3F92E2107EE902A61
:10608000F8EEE77AF4EEC07AF1EE10FA0FDAB3F92F
:106090002C3107EE903AF8EEE77AB4EEE70AF1EE2B
:1060A00010FA94BF0120002070470320704702209F
:1060B000704700BF300A00203F4B93F8192193F836
:1060C0005C0152B193ED470AB4EE400AF1EE10FACA
:1060D00003D6FF2805D1FFF7C3BFFF2808BF002064
:1060E00070470328F7D8DFE800F002133251B3F904
:1060F0002C21B3F93431D21A07EE902AF8EEE77A60
:10610000B4EEE70AF1EE10FA94BF012000207047C8
:10611000B3F92C21B3F932110A4407EE902AF8EEB4
:10612000E77AB4EEE70AF1EE10FA40DCB3F92E217B
:10613000B3F93631D21A07EE902AF8EEE77AB4EEC8
:10614000E70AF1EE10FA94BF022001207047B3F97C
:106150002E21B3F934110A4407EE902AF8EEE77ABB
:10616000B4EEE70AF1EE10FA23DCB3F93021B3F90B
:106170003831D21A07EE902AF8EEE77AB4EEE70A41
:10618000F1EE10FA94BF032002207047B3F93021DA
:10619000B3F936311A4407EE902AF8EEE77AB4EEF6
:1061A000E70AF1EE10FACCBF02200320704700206E
:1061B00070470120704700BF300A002010B5FFF77C
:1061C0007BFFFFF7F3FE044C84F85C011CF080FBBE
:1061D000C4F8600110BD00BF300A002038B5044685
:1061E000FFF76AFF0C4B93F85C2182420ED0D3F884
:1061F00058513DB1D3F860114FF47A72611A6A4375
:10620000914203D383F85C01C3F8604193F85C01C9
:10621000BDE83840FFF7CABE300A0020F8B5044692
:106220001CF056FB134B144D93F80631022B1DD175
:106230002B68A342B5BF4FF4FA71642101220322F7
:106240000E4E3768C01BB0FBF1F328686BB15A43A0
:10625000241A9442A8BF14465242A242ACBF8018EE
:10626000001901FB037328603360F8BD6421032229
:10627000E6E700BF300A0020F0040020F40400200C
:1062800010B5084B00241C70074B93F80621074BF0
:106290001A70074B1C601CF01BFB064B1860064B6A
:1062A0001C6010BD04050020300A0020F804002006
:1062B000F0040020F404002000050020F8B5554D3E
:1062C000554C95F806312278544E934207460DD02E
:1062D000013A022A00F29080227895F80631022ACB
:1062E00012D1012B10D14E4A137023703368DBB1E9
:1062F0001CF0EEFA3368C01A00284FF000040EDAE2
:10630000484B1C602046F8BD032B01D0002BECD17C
:10631000434A00211170002BE7D13360E5E7346078
:106320001CF0D6FA404B186095F8E0303C4E13B99B
:1063300095F8CC309BB995F80631032B0DD0013B75
:10634000012B0CD8D5F8E84001233370354B1C6085
:106350001CF0BEFA344B1860D4E76424F4E795F8D7
:10636000043113B100243470F0E795F86F31002B3D
:10637000F8D195F80631042BF4D0032B03D1012377
:1063800033706424E2E7002BECD095F8F020012A6A
:1063900001D0012B0FD101233370D5F8E400D5F8DB
:1063A000E830B842B8BF38469842A8BF1846BDE8A2
:1063B000F840FFF733BF1CF08BFA1C4B31781A689A
:1063C000821A71B1D5F8E410B94206DD47F22F51B7
:1063D0008A4202D90022327018603478002CDCD155
:1063E000B4E7D5F8E4100931B942F6DA4EF65F2188
:1063F0008A42F2D90122EEE7013B022B3FF66CAF55
:106400001CF066FA074B00F59C5008300022306003
:106410001A6061E7300A0020F8040020000500201F
:1064200004050020F0040020F4040020FC040020F7
:10643000FFF744BF10B51CF051FA25490B6842F232
:106440000F72C31A9342234A82BF0860002313705D
:1064500013780133DBB2202B13701CD91E4B0022A2
:106460001A701E4B012119701D4B18601D4B1A68C4
:10647000002A0FDB53B2002B0CDB5B0902F01F027A
:1064800001FA02F22033184941F82320BFF34F8F5D
:10649000BFF36F8F10BD154A13687BB1C31AA3F504
:1064A000FA51B1F52F7F0C4910D8114C23600B78AD
:1064B000072B03D80B780133DBB20B700D4B106048
:1064C0000D4A1860136801331360E3E70023F4E713
:1064D00044050020500500206905002061050020CA
:1064E0006C0500201000002000E100E064050020A1
:1064F000140000204C0500205C050020F8B5384B46
:106500001B78002B50D0374E374C3768374D1CF076
:10651000E5F927B1C01B46F2A81398420CD9002315
:1065200023702B70324B1978003118BF01210520E0
:10653000BDE8F8401BF0F8BF2E4B1A682E4B1968C7
:106540008A4210D00027394605201A602F701BF0B0
:10655000EBFF274B1B78DBB2632B26D901210520EB
:106560001BF0E2FF27701CF0B9F92378064673B1DF
:10657000224B1B68C31A002B09DB012105201BF0ED
:10658000D3FF1F4B1E6001232B70002323702B7839
:1065900053B11B4B1B68F61A632E05D90021052049
:1065A0001BF0C2FF00232B70F8BDBBB1154A126867
:1065B0003168B2F5967F8CBFA2F596724FF47A726D
:1065C000A2F57A72C3F1640353436422B3FBF2F37E
:1065D00001F57A721344094A136001232370C2E75C
:1065E000600500204C0500204005002048050020E3
:1065F000580500205C05002070050020740500206F
:1066000054050020140000207FB5012105201BF057
:1066100073FF002105201AF0F7FC04A8002400F8FD
:10662000014D214618F044FE031E0ADA274819F0EE
:1066300049F8274927481BF059F80025284604B097
:1066400070BD254900919DF80F200194DFED230ACC
:106650009FED230A1D48DBB2214618F0CFFE00282B
:10666000E4D022460C21194819F06CF80028DDD03E
:10667000164818F06CFF05460028D7D0194E0123A4
:106680000221204633701BF037FF72B6204619F006
:1066900088FF042214491AF00DF820461AF00EF86B
:1066A000124B186062B61B68002BC7DA204619F03F
:1066B00078FF19F077FF054819F004F80C490548F0
:1066C000347025461BF012F8B8E700BF080500201B
:1066D0003992020010300020FD64000000004842A2
:1066E00000409C4651050020356400001000002049
:1066F0006A9202002DE9F04F6C4EDFF8F491337886
:10670000DFF8F08164280446A8BF642485B00746FA
:1067100024EAE474002B4AD0654D2B782BB9012371
:10672000644965482B701AF0E1FF1CF0D7F8634B01
:106730001B68C01A624B984239D972B6614B4FF050
:10674000000AC9F800A0C3F800A05F4B88F800A0B9
:1067500083F800A01CF0C2F85C4B18605C4B86F814
:1067600000A019685B4B48B200F1C002504553F8D5
:1067700022C06AF3104C43F822C04FEA50134FEA8C
:10678000830303F1604300F01F0C4FF0010203F597
:10679000614302FA0CFCC3F880C105DB01F01F0164
:1067A0008A40C3F880211A6062B600232B7072B64B
:1067B00049494A4B03915FFA84FA81F800A0D9F85D
:1067C00000201B68019398F8003002925FFA83FB67
:1067D00062B6DFF824911CF081F8039999F8005013
:1067E0008846C5B1317801F0FF05002933D1002F6B
:1067F00011DDBBF1070F0ED9019BA3F5FA5BBBF5C9
:106800002F7F08D8029A32B146F2A815801AA84202
:106810008CBF00250125324F97F800B03E46BBF1F2
:10682000000F1AD0002D3AD12E4818F0B7FE72B6DC
:106830002D4B1D7062B6012105203D701BF05CFEE2
:10684000C4EB04246423052094FBF3F105B0BDE8F8
:10685000F04F1AF0D9BB0025DDE7002DF0D021481C
:1068600018F09CFE012105201BF046FE594605202C
:106870001BF05AFE72B61C4D01232B7062B61948EC
:10688000337018F0A2FE38B92870307089F8000013
:10689000164909481AF02AFF3378002BD0D072B677
:1068A00088F800A062B605B0BDE8F08F6105002051
:1068B000410500209E920200103000206C0500204F
:1068C0003F420F00640500205005002044050020D1
:1068D0001000002000600040580500201400002037
:1068E000680500200805002060050020D9920200FC
:1068F0004C0500206905002051050020014818F0D2
:1069000015BC00BF08050020014818F0FFBE00BFFD
:106910000805002038B5022113201BF0EDFD1BF007
:10692000DDFF054613201BF00BFE044630B91BF0BB
:10693000D5FF401BC728F5D9204603E005201BF0F2
:106940007FFF012038BD08B513201BF0F9FD012899
:1069500006D112201BF0F4FD431E5842584108BDD9
:106960000020FCE7034B01221A70034B00221A702F
:10697000704700BF8405002085050020014B187872
:10698000704700BF85050020014B1868704700BFA5
:106990007805002010B5084C20460CF08DFE2046EE
:1069A00006490CF09DFB2046002246F2A811BDE8E6
:1069B00010400CF08CBF00BF34210020A0860100E5
:1069C00038B51BF085FF394A1368C31AB3F57A7FCF
:1069D000044605D31060FFF7B6FF08B9FFF7C2FF02
:1069E000334D2B78002B60D0324A1368E31AB3F58D
:1069F0007A7F5AD3304814600CF00AFB022112202F
:106A00001BF07AFDFFF786FF0A24B0B900202B4C5B
:106A10002070FFF7BFFF2A4A2A4913682A4801332A
:106A20001360237883F001022A70284A002B08BFE4
:106A30001146BDE838401AF059BE12201BF080FD07
:106A4000014680B9013C14F0FF040CD013201BF068
:106A50006BFD012113201BF04FFD05201BF0F0FE04
:106A6000FFF758FFD1E7002113201BF05DFD012146
:106A700013201BF041FD002112201BF055FD0121C8
:106A800012201BF039FD05201BF0DAFEFFF742FF54
:106A90000221044612201BF02FFD05201BF0D0FE22
:106AA000002CB3D0FFF74FFFB1E738BD7C050020C5
:106AB0008405002080050020342100208505002069
:106AC000780500200B930200103000201E93020076
:106AD00010B5FFF75FFFFFF736FF0B4C0B4B207035
:106AE00080F0010018701BF0F3FE094BA0F57A70DE
:106AF00018601BF0EDFE074B186023781BB9BDE84A
:106B00001040FFF75DBF10BD850500208405002003
:106B1000800500207C05002038B5094C0546202161
:106B200020680CF08AFE2068036829461B68984795
:106B3000206803685B6B9847B0FA80F0400938BD65
:106B4000A40500200D4B10B518600D4B00241C70DF
:106B50000C4B1C701BF0BCFE0B4B18601BF0B8FEFE
:106B60000A4B053818600A4B1C700A4B01221A7038
:106B7000FFF70AFF084B186010BD00BFA4050020F6
:106B8000A0050020980500209C0500208805002015
:106B90008C05002018000020900500202DE9F04110
:106BA0005A4C1BF095FE236805461BB9002420466D
:106BB000BDE8F081FFF7E2FE0028F7D0544EFFF762
:106BC000E3FE336898420CD0FFF7DEFE514A306096
:106BD00000231370504A1370504B1D60504B01221C
:106BE0001A70504E337833B14F4B1B6841F28732E5
:106BF000EB1A9342DAD94D4A1368EB1A042BD5D914
:106C000023681560ABB933781BB9494949481AF074
:106C10006DFD454A15603F4A002414703E4A1470C9
:106C20003E4A15603E4A012333701370FFF79AFE07
:106C3000BDE700274FF0010808FA07F0C043C0B2D3
:106C4000FFF76AFF0028DED04FF496701BF0F8FDC6
:106C5000206803680122DB6B202198470128D2D1EC
:106C6000206803681B6998470028CCD02068036817
:106C70005B6998470023C0B21A1D40FA02F2D2079E
:106C800024D42D4A02EB8707FF20FC56FFF744FF70
:106C90000028B8D033782BB1284926481AF026FDB1
:106CA000002333701C4B93F90020A2421EBF1C70BE
:106CB0001A4B1D601A4B1A789AB1002C7FF476AFEC
:106CC000164A1068281A0F2818D86FE70133042BCA
:106CD000D2D10137042FAFD1FF20FFF71DFF0024D1
:106CE000D6E76CB10D4B1868281A0F287FF65EAFF7
:106CF000084B93F90020A2423FF458AF1C7056E7AE
:106D0000044B93F90020002ADAD14FE7A4050020B4
:106D100090050020A0050020980500209C0500207B
:106D2000180000208C050020940500208805002014
:106D30004693020010300020A19302006F930200DE
:106D4000002070470069013018BF0120704708B566
:106D500003685B6B984780F00100C0B208BD13B5B3
:106D600002AB026803F8011D546819460122A047CE
:106D700002B010BD07B5036801225B6A0DF107017F
:106D8000984701280CBF9DF807004FF0FF3003B073
:106D90005DF804FB084611461FF0CABC08461EF009
:106DA00005BF08461EF0FABE7FB5036804461646C6
:106DB00001A81D6A1AF052FB324601992046A847E5
:106DC000044601A81AF044FD204604B070BD4FF6F9
:106DD000FF7399421FBF0368CA0903EBC20301F0A6
:106DE0007F011ABF586800EBC100002070477FB5D3
:106DF00005460E46144610460AB11FF0CFFDCDE9F8
:106E0000014000228DF80C2004AA2B4612E907004D
:106E100043F8046B83E80700284604B070BD10B542
:106E20000446B4F5803F08460BD20921611808D208
:106E300003681B68984700B910BD0123C480838094
:106E4000FAE70020F8E70A680B4652680146184640
:106E5000104770B5044616460D46084609B11FF0A6
:106E60009DFDC4E900502672204670BDB2F5803FFA
:106E7000F8B506460F461546046807D2236809325E
:106E80009B682046984708B1C580F8BD2368204616
:106E90005B6839469847012333710020F5E738B520
:106EA000C588044601F12C002946FFF790FFA58014
:106EB000206008B1C388E38038BD38B50023836003
:106EC0004368044643B905681F202968FFF7A7FFF8
:106ED00008B901232B71606038BD38B50D46416893
:106EE000044649B18268CB889A4205D152000132EA
:106EF0000068FFF7BBFF6060636823B1A2681344BA
:106F0000511CA1601D7238BD2DE9F0470379DA07E5
:106F100005460C4610D500688B68002263B1984284
:106F200032D183882168013B9BB2838023B90368F7
:106F300042B31360FFF787FF2B79DB0608D52E8855
:106F400004F12C003146FFF742FFA38E0380A68692
:106F50002B7913F0600F1CD02E884FF6FF7A04F1C6
:106F60002C09564513D031464846FFF730FF2146DD
:106F70000746B0F80680FFF7C7FFA38E3B80A686C2
:106F80004646EEE7A360D5E71A461B68C6E72E80A3
:106F90006E8000232B71BDE8F087FFFF38B51D4BD5
:106FA0001A681D4B6AB392F9002052B31B4C226839
:106FB0003AB392F9002022B3194D2A680AB392F924
:106FC0000020F2B10122174917481A700FF078FE1D
:106FD0002A68216814480FF076FE43F6982112487B
:106FE0000FF07EFE4FF47A710F480FF07BFE0F4BCF
:106FF0000F490D484FF47A725A61BDE838400FF0DE
:107000004DBE00221A700B490B48BDE838401AF0FB
:107010006DBB00BF2C210020C905002030210020BD
:1070200028210020D8940200D4050020A0060020CA
:1070300045930000E89402001030002000F10C019C
:10704000074AC1624FF480210260016300224FF6BB
:10705000FF7102718260818680F83C20C187704791
:107060001C00002000F10C01074AC1624FF480218E
:107070000260016300224FF6FF7102718260818617
:1070800080F83C20C18770471C0000202DE9F047A4
:10709000002504460E46A946A28C276AABB29A4246
:1070A0000FD907EBC3089A46D8F8041019B1336812
:1070B00030465B68984747F83A900135C8F8049025
:1070C000EAE70023A384BC424FF6FF73238507D071
:1070D000336839465B683046984704232462E3846A
:1070E000BDE8F08738B505680446A06828B1036894
:1070F000A3602946FFF7A7FEF7E704F10C0021681B
:10710000FFF7C4FF204638BD30B5022303710A796A
:1071100003461C1AE5B2AA4204D90D682C5703F89D
:10712000014BF6E70023835430BDC0E9001207226B
:107130008260012202737047C0E900120E22826051
:10714000012202737047C0E900120B228260012203
:1071500002737047C0E900120D228260012202739F
:107160007047C0E900120922826001220273704751
:10717000C0E9001203228260012202737047C0E955
:1071800000120A228260012202737047C0E90012D5
:107190000F228260012202737047C0E900120522AB
:1071A0008260012202737047C0E9001204228260EB
:1071B000012202737047C0E900120C228260012292
:1071C00002737047C0E90012062282600122027336
:1071D0007047C0E9001208228260012202737047E2
:1071E00010B5D1E90041C260042202610122C0E968
:1071F0000141027510BDC0E9001202228260012225
:107200000273704710B5D1E90041C26003220261E8
:107210000122C0E90141027510BD10B5D1E900415C
:10722000C260022202610122C0E90141027510BD63
:107230008B8C30B5013B0D6A9AB205EBC2046168D4
:1072400049B1638835F832509D4204D95D1C11EB79
:10725000C301658005D1002303604FF6FF7383806F
:1072600030BD016003EBC213F9E72DE9F3470E8D42
:107270004FF6FF739E4205460C4617460CD031462A
:1072800004F12000FFF7A3FD038823852860AE806A
:10729000284602B0BDE8F0878B8C53B16E4630466D
:1072A000FFF7C6FF009B23B196E8030085E80300C3
:1072B000EEE7A28CE38C934217D1B3F5007F3FD069
:1072C0005B009EB2236A3968A3424FEAC6022FD1FF
:1072D0000B68384611469847804688B320222146DD
:1072E0001EF0DDFCC4F82080E684B4F82480D4F8D5
:1072F00020A008F101039BB2B3F5007FA3843B6893
:107300000CBF7F268026F1001B68384698470AEBA1
:10731000C809002808BF00260023C9F80400214638
:107320002AF838602846A9F80230FFF781FFAFE756
:10733000D1F8088038461946C04780460028D1D188
:1073400000232B604FF6FF73AB80A1E737B50A68C7
:1073500004460D4668460C31FFF787FF009B4FF649
:10736000FF7233B90121297120462360A28003B046
:1073700030BD0021DA801971BDF80420F4E7F7B5BB
:10738000044668460F46FFF7E1FF009E66B161883C
:10739000BDF804504FF6FF73994208D007F12C0056
:1073A000FFF715FDC5806580304603B0F0BD258030
:1073B000F9E737B50A6804460D4668460C31FFF711
:1073C00054FF009B43B9012223604FF6FF732A71DB
:1073D000A380204603B030BDBDF804202360A28006
:1073E000F7E707B50368082203EBC10168461EF002
:1073F00056FC9DED000B03B05DF804FBFFFFFFFFA3
:107400002DE9F74F91F900302B2B044632D02D2B6C
:1074100031D10131012591F90020A2F13003DBB215
:10742000092B01D92E2A28D1DFF874B28846002012
:1074300000214FF0993A4FF00A0EC4461CF9013B67
:10744000A3F13002D2B2092A1DD88B4508BF82456C
:1074500020D30EFB01F3A0FB0E0119440023D2B28E
:10746000DF43D6438F4208BF864213D38018594169
:10747000E046E2E701310025CDE7002323702046F6
:1074800003B0BDE8F08F2BB9E5B1B1F1004F08BFF3
:1074900001280FD3784F00234FF0FF368F4208BFEB
:1074A000864203F1010910D200230A221EF0FEF8E1
:1074B0004B46F3E702234042237061EB4101C4E9EC
:1074C0000201DCE703232370F9E7A3EB080202EBD8
:1074D0000806434618F901CBACF13007FFB2092F7B
:1074E00036B2F4D9BCF12E0F1DD1C4460FF280196B
:1074F000D9E900894FF00A0E63460CF1010C1F78A0
:10750000303FFFB2092F0ED8894508BF8045F3D31D
:10751000A0FB0E230EFB0133D01906F1FF3643F119
:10752000000136B2E8E793F9002022F02002452A54
:1075300067D193F901202D2A25D19F1C4FF0010C12
:1075400000224FF00A083B4617F901EBAEF1300E6E
:107550005FFA8EF9B9F1090F26D808FB02E29319F8
:10756000B3F59A7FEFDDBCF1000F13D0DFED437A66
:107570009FED437A002D18BFF0EE477A0123237068
:10758000C4ED027A7BE72B2A14BF5F1C9F1C4FF0CF
:10759000000CD5E700222DB13A4B04212170C4E93B
:1075A00002236CE7384BF8E7BCF1000F00D05242E1
:1075B00093F90030002B7FF460AF164406F12603E8
:1075C0004C2B27D8002908BFB0F5000F22D2002E7F
:1075D00007EE900AD4BF2D4B2D4BF8EEE77AD8BFBB
:1075E000764203F1180286B19A420CD0F10748BFE7
:1075F00093ED007A4FEA660648BF67EE877A043358
:10760000F1E70022D4E7DFED237A002DB6D0F1EECA
:10761000677AB3E71DF07CFC002ECABF1E4B1F4BE0
:10762000019380468946DCBF019376420027B6B1BC
:10763000092F10D0F3070BD5394601A8FFF7D1FE6B
:107640004046494653EC102B1DF098FC8046894675
:1076500076100137EBE7DFF84C904FF0000815B1DA
:1076600009F10043994604232370C4E9028906E71F
:107670009899999999990100FFFF0F000000000067
:10768000000000800000F0FF0000F07F1494020072
:107690002C9402000000C07F9094020048940200E5
:1076A000999999190000F87F70B5006878B1C4887D
:1076B0004B689C42F9D10D6800239C4207D9C2183F
:1076C000EE5692F908209642EFD10133F5E770BDEE
:1076D0002DE9FF4182684368032A04460D4603F101
:1076E000080319D818460021D7B2C61AF6B2BE420E
:1076F00006D210F9016B002E08BF41F00101F4E73A
:1077000051B98DF80C10284601A9CDE90132FFF7D7
:10771000FBFC04B0BDE8F08100269E542768D4F835
:1077200008808DF80C6001A907F10800CDE9013847
:10773000FFF7BAFF68B9424661683846FFF796FB23
:1077400023689A6802609860666005232B71286040
:10775000DFE7838801338380F7E72DE9F0418AB0C2
:10776000064601A880E80E00109F0B46002954D061
:107770009DF80C5035B104223271316028460AB0B0
:10778000BDE8F081029C032C17D82A465FFA84FEDC
:10779000A1EB030C5FFA8CFCE64507D911F901CB8C
:1077A000BCF1000F08BF42F00102F1E72AB901461F
:1077B0003046FFF7A9FC0125E0E707C8BE460DF1FA
:1077C0001C0C5EF8088B04AB83E807008CE807000C
:1077D00061467046FFF768FF30B1838801338380CC
:1077E000052333713060E6E741462046FFF717FB7B
:1077F00010B901233B71C1E7079D00F10802002386
:107800009C4203D0E956D1540133F9E704440023E4
:107810002372BB680360B860E2E70D46AEE770B55F
:1078200086B003AC84E80E000A9D064640B12946A6
:10783000FFF76AFB009594E80E003046FFF78DFFD6
:1078400006B070BD30B589B002AB83E806000D46C6
:10785000044608B11FF0A2F8CDE9054000238DF8D9
:107860001C30039B009308AB13E90E002846FFF77A
:10787000D6FF09B030BD70B588B002AB83E8060012
:107880000D46039E044608B11FF088F8CDE9054077
:1078900000238DF81C30009608AB13E90E00284633
:1078A000FFF7BDFF08B070BD4FF0FF330361836980
:1078B00033B10022C3F80024C3F80424C3F8082419
:1078C00070472DE9F0438BB001AC84E80E00129DA7
:1078D0000E4671B907914FF6FF73ADF82030079847
:1078E00020B107A82946FFF7DAFA07980BB0BDE8E0
:1078F000F0830488DDF80880214605F12C00FFF7AD
:1079000066FAADF81840059008B3C388ADF81A3090
:107910000124A1460027059999B35CB30B79042B88
:1079200018D0052B19D0022B1FD1002207A8FFF772
:1079300090FA089A42451DD1079900239A4222D015
:1079400016F903C0C856844514D10133F6E74FF643
:10795000FF73DBE701220968E8E70B68DA888DF836
:1079600024700833CDE90732E3E7CDE907778DF8D6
:107970002490DEE7294605A884F00104FFF78FFA7A
:10798000C9E70791A7E705AA92E8030007AB83E8D8
:107990000300A4E730B5054689B00C46084609B196
:1079A0001EF0FCFFCDE9024000248DF8104002AA31
:1079B00095F83C3007CA202B08BF05F1380405AB09
:1079C00083E807004CB100950ECB2046FFF779FF06
:1079D000003018BF012009B030BD2046F8E7F0B5EF
:1079E000047905460E46018814F0100085B003D0D6
:1079F00002F12C00FFF7EBF90C2C4FD01AD8042C15
:107A000049D003D8022C40D0002035E0062C5BD0B2
:107A10000A2CF9D12A6800233168087800218B42AA
:107A200008BF824258D3994208BF90422CBF012020
:107A3000022021E01A2C44D020D80E2CE4D1286852
:107A40001DF044FA04460D46336818781DF01CFA00
:107A500006460F4602460B46204629461DF000FD0D
:107A6000002839D132463B46204629461DF016FDF6
:107A7000002814BF0220012005B0F0BD1C2C1DD031
:107A80001E2CC1D1D0E90045DEE70022294601A81D
:107A9000FFF7DFF9B8E701222968F8E72A68D3176A
:107AA000316808780021824273EB010414DB9042B4
:107AB00071EB0303ACBF01200220DDE7D0E9002316
:107AC000EEE7D0E90023A7E733682A781B789A42CB
:107AD00002D303D90220CFE70420CDE70120CBE772
:107AE00030B585B001466846FFF78AFC9DF8003046
:107AF000013B032B48D8DFE803F00218242FDDED0B
:107B0000027A9FED257AF4EEC77AF1EE10FA3BDBAC
:107B10009FED227AF4EEC77AF1EE10FA34D8FDEE3A
:107B2000E77A17EE900A05B030BDDDE9020110F1E9
:107B3000004241F10003012B08BF002A28BF0020AA
:107B4000F1E7DDE9020100238B426FF0004208BF3C
:107B5000824238BF0020E6E7DDE902450022104BF3
:107B6000204629461DF090FC0028DCD008A3D3E96C
:107B70000023204629461DF07DFC0028D3D0204656
:107B800029461DF0ABFCCEE70020CCE7AFF3008028
:107B90000000C0FFFFFFDF41000000CFFFFFFF4EEE
:107BA0000000E0C1FFFFFFFF38B5057904460B4632
:107BB000018815F0100003D003F12C00FFF707F93E
:107BC000023D1C2D65D8DFE805F02E6432340F64C9
:107BD0006464116415643764646464646464646434
:107BE0006464176422644C00207838BD206820EA61
:107BF000E070FAE72068F8E7D0E9000100238B4243
:107C00006FF0004208BF824238BF0020EDE7D0E9A4
:107C1000000110F1004241F10003012B08BF002ACE
:107C200028BF0020E1E72046FFF75AFFDDE7206884
:107C3000FAE720680830F7E7D4ED007A9FED187A6C
:107C4000F4EEC77AF1EE10FA23DB9FED167AF4EE2C
:107C5000C77AF1EE10FA1CD8FDEEE77A17EE900A1B
:107C6000C3E7D0E9004500220F4B204629461DF00E
:107C70000BFC0028B9D008A3D3E9002320462946ED
:107C80001DF0F8FB0028B0D0204629461DF026FC48
:107C9000ABE70020A9E700BF0000C0FFFFFFDF4106
:107CA000000000CFFFFFFF4E0000E0C170B5446848
:107CB0000A44D0E90053AB4207D28A4205D011F9F9
:107CC000015B5E1C46601D70F3E782681B1B13445A
:107CD000836070BD38B5054608460C461EF05EFE52
:107CE000214602462846FFF7E1FF38BD2DE9F04165
:107CF00086B00DF11604054616461F46A0463046CE
:107D000039460A2200231DF0D1FC303204F8012D3F
:107D10000023304639460A221DF0C8FC06460F46AD
:107D200056EA0703EBD1A8EB040221462846FFF7E9
:107D3000BDFF06B0BDE8F081D0E9002393423EBF0D
:107D40005A1C42601970836834BF01220022134418
:107D5000836070472DE9F0410D4622211646044606
:107D6000FFF7EAFFDFF850802E44B54215D015F931
:107D7000011B104B13F9027CAFB1023313F9032C32
:107D80008A42F7D15C212046FFF7D6FFF9B20DE019
:107D900041462046FFF79EFFE7E722212046FFF7F6
:107DA000CBFFBDE8F0810029F2D0C9B22046FFF731
:107DB000C3FFDAE799A10200A6A1020070B5002A6C
:107DC0001D4675F100030646144605DA2D21FFF71E
:107DD000B3FF644265EB450522462B463046FFF76C
:107DE00085FF70BD437D13B504466BB901220DF1CB
:107DF0000701006919F00CFD50B19DF8073023EA26
:107E0000E37323750123637594F9140002B010BD68
:107E10004FF0FF33F3E738B5044600252046FFF75F
:107E2000E1FF0A2806DC092808DA48B10123237398
:107E300000200AE00D2801D02028F7D16575EDE774
:107E4000237B002B14BF0220012038BD70B50546EE
:107E50004C1E002614F9010F50B12846FFF7C2FF4F
:107E600028B194F90030834203D16E75F2E7022005
:107E700070BD0320FCE72DE9F04387B006460D46B0
:107E8000FFF7B0FF002427462F28E3B20BDD392887
:107E90000BDC0134402C23D033197775D87630466B
:107EA000FFF7A0FFF0E72B28F3D0A0F12D02D2B20C
:107EB000012AEED920F0200252B2452AE9D03344FB
:107EC00000221A7706F11C0102A8FFF799FA9DF823
:107ED0000830013B032B62D8DFE803F03924043E6D
:107EE0003F23ECE7DDE90489B9F1010F08BFB8F1E0
:107EF000000F07D20A232B71C5F80080002007B0BD
:107F0000BDE8F083B1696846FFF753FA009B0BB9EF
:107F10000420F4E71A222A71BDF804202A80C3E95C
:107F20000089EBE7DDE9048918F1004249F100031B
:107F3000012B08BF002A01D20C23DCE7B169684697
:107F4000FFF737FA009B002BE2D01C22E3E70E2359
:107F50002B71049B2B60D1E7DDE90489494640463B
:107F60001DF004FB07461CF0B1FF02460B464046DD
:107F700049461DF06BFA18B10E232B712F60BDE737
:107F8000B1696846FFF715FA009B002BC0D01E228E
:107F90002A71BDF804202A80C3E90089AEE70320D6
:107FA000ADE770B550F8046B07C88CB003AB16F1A1
:107FB000380583E8070002D100200CB070BD93E8BB
:107FC000070096F83C30202B06AC09AB18BF002503
:107FD00084E8070083E80700002DEDD000960ECB63
:107FE0002846FFF76EFCE8E710B50446FFF7D9FF17
:107FF000216808B1FFF7D8FD10BD70B50646FFF740
:10800000D0FF054688B10479018814F0100003D030
:1080100030682C30FEF7DBFE0C2C29D006D8062C5D
:1080200024D00A2C24D07CB3012070BD1A2C24D07B
:108030000BD80E2CF8D1D5ED007AF5EE407AF1EEA2
:1080400010FA14BF01200020EFE71C2C15D01E2CC5
:10805000EAD100220023D0E900014FF001041DF015
:10806000F5F908B14FF00004E0B2DEE72878DCE76C
:108070002868003018BF0120D7E7D0E90023134358
:1080800014BF01200020D0E72046CEE7FFFFFFFF0E
:108090002DE9F04F5BEC10AB8BB007460D4610EEB0
:1080A000102A5B4610EE100A59461DF0CFF930B980
:1080B000AF493846FFF70EFE0BB0BDE8F08F002247
:1080C0000023504659461DF0C1F968B952465B4637
:1080D000504659461CF09CFD02460B4650465946F8
:1080E0001DF0B4F90028E3D1002200235046594680
:1080F0001DF0B6F930B12D213846FFF71DFE0BF10A
:1081000000439B46012301932C460A2324B1019A84
:108110005A43013C0192F9E791A3D3E90023504669
:1081200059461DF0B1F900286AD0DFF850924FF09F
:1081300008084FF48076414604A8CDF81090FFF768
:1081400050F952465B4651EC100B1DF093F978B193
:10815000884B0493414604A8FFF743F9504659461B
:1081600053EC102B1CF00AFF344482468B4624B299
:1081700018F1FF384FEA6606DDD2CDF80C800022F8
:108180000023504659461DF089F900283DD076A3BA
:10819000D3E90023504659461DF06CF9A8B30023DB
:1081A0000293DDE90223A3EB020919F0800F2CD121
:1081B0000DF128086F4B48F8183D49464046FFF737
:1081C00010F900226C4B51EC100B1CF0D7FE5246FC
:1081D0005B461DF063F978B1684B0493494640460D
:1081E000FFF7FFF85046594653EC102B1CF0C6FE23
:1081F000A41B82468B4624B2029B76100133CFE744
:1082000008234FF480760393B9E7504659461DF092
:108210008DF90A2206460346092B08D9B3FBF2F36F
:10822000013D0199B1FBF2F16DB20191F4E73046E5
:108230001CF02AFE02460B46504659461CF0E6FC4E
:108240008046019889461CF01FFE02460B464046B8
:1082500049461CF093FE804689461DF067F9824628
:108260001CF012FE02460B46404649461CF0CEFC6E
:108270000B4602461CF0CCFC1DF058F9019B0AEBA2
:108280000008434508D8013694B1092E10D90134AD
:1082900024B24FF0000801260A22B8FBF2F302FBD9
:1082A000138141B9002D06DD013D98466DB2F4E71A
:1082B0004FF00008F0E70DF126010A22B6FBF2F3B9
:1082C00002FB1366303601F8016D1E46002BF5D116
:1082D0000DF12606721A3846FFF7E8FCEDB108AA40
:1082E0002B4611464FF00A0C013B5BB2581C09D0DB
:1082F000B8FBFCF00CFB108808F1300802F8018D87
:108300008046F1E7EDB2EB434D1B2E2205F8012C20
:1083100019445A423846FFF7C9FC002C3FF4CCAE52
:1083200065213846FFF708FD002CA5B205DA2D219E
:108330003846FFF701FD6D42ADB231460A22B5FB6A
:10834000F2F302FB1355303501F8015D9DB2002DAB
:10835000F5D1721A3846FFF7A9FCADE6AFF30080FD
:1083600000000000D0126341F168E388B5F8E43EF4
:108370008EA1020048940200000024409094020064
:108380002DE9FF41057906460C46018815F01000DD
:1083900003D002F12C00FEF71AFD0C2D00F099809D
:1083A00016D8042D00F0878006D8022D78D0032D32
:1083B00000F08880504998E0062D00F093807DD32E
:1083C0000A2DF7D1326800232046FFF78FFC1DE00D
:1083D0001C2D00F0848006D80E2D0ED01A2DE9D168
:1083E000D0E90023F0E7202D35D0402D12D01E2DEE
:1083F000E0D1092190ED000B05E030681CF066FD2E
:1084000041EC100B06212046FFF742FEA06804B0A5
:10841000BDE8F0815B212046FFF78EFC35884FF6E2
:10842000FF76B54212D0E768294607F12C00FEF727
:10843000CEFC05463A462146FFF7A2FFED88B5423D
:10844000EFD02C212046FFF777FCEAE75D2120469C
:10845000FFF772FCDAE77B212046FFF76DFC4FF651
:10846000FF7735880126BD4218D0D4F80C80294604
:1084700008F12C00FEF7ABFC054642462146FFF70B
:108480007FFFED88BD4206D0002E0CBF2C213A2183
:108490002046FFF751FC86F00106E4E77D21D6E790
:1084A0000022314601A8FEF7D4FCDDE90112204686
:1084B000FFF750FCAAE701223168F3E73168CA8868
:1084C0000831F4E731682046CA880831FFF7EEFB2F
:1084D0009CE73268D3172046FFF770FC96E7D0E997
:1084E0000023F8E7337823B104492046FFF7F2FB75
:1084F0008CE70349F9E700BF8EA10200D8A1020072
:10850000DDA1020030B587B06C4684E80300144654
:108510001D46E318CDE9023400230A46CDE90431B3
:1085200040B102A9FFF72CFF854284BF00232354EA
:1085300007B030BD02A80249FFF7CCFB0498F3E76F
:108540008EA102002DE9F0438FB003AC84E80E0049
:10855000169E009694E80E000746FFF7B2F978B928
:1085600094E807000BAD85E80700314607A8FEF741
:10857000EDFEDDF81C80B8F1000F04D10024204688
:108580000FB0BDE8F083314609A8FEF7DFFE099C75
:10859000002CF3D0009695E80E004046FFF7DDF87A
:1085A0000028EBD0BDF82850A8F806507988BDF80F
:1085B00020904FF6FF73994207D006F12C00FEF78A
:1085C00006FCA0F806907D80D9E7A7F80090FAE7AE
:1085D00070B5446886B014B9002006B070BD00F1D3
:1085E0000C02866807CA03AB83E80700024600282E
:1085F000F2D0217961B9202121714FF6FF712180DC
:108600006180039200960ECB2046FFF79BFFE4E7C4
:108610002029F6D0E0E738B504460D46FFF7D8FF2D
:10862000A168044628B1FEF76FFC0623237125706C
:10863000012038BD37B504460D46FFF7C9FFA368D2
:10864000CDE9000302AB284613E90600FFF7FAF86C
:10865000A06810B1007980F0010003B030BD70B5A2
:10866000036813F1380686B002D1002006B070BD51
:10867000021D07CA03AC84E8070002460028F4D0B4
:1086800093F83C1071B9202183F83C104FF6FF712C
:10869000198759870392009394E80E003046FFF73C
:1086A00051FFE3E72029F5D0DFE738B504460D4652
:1086B0000846FFF7D4FF2B68C4E90003204638BD05
:1086C00073B56C4605460E4601462046FFF7EDFFA2
:1086D000304694E80600FFF7B5F8286810B1007935
:1086E00080F0010002B070BD10B52DED028B82B09C
:1086F00001466846B0EE408AFFF7D7FF009C64B1A0
:1087000020460199FEF700FC0E23237184ED008AB8
:10871000012002B0BDEC028B10BD2046F9E737B551
:108720000D4601466846FFF7C0FF009C4CB120464D
:108730000199FEF7E9FB0A2323712560012003B0AC
:1087400030BD2046FBE737B50D4601466846FFF7CA
:10875000ACFF009C4CB120460199FEF7D5FB0C23E1
:1087600023712560012003B030BD2046FBE737B5FB
:108770000D4601466846FFF798FF009C4CB1204625
:108780000199FEF7C1FB0C2323712560012003B082
:1087900030BD2046FBE730B50D4689B001460446A2
:1087A00003A8FFF782FF2A68AB680398CDE9052389
:1087B00000238DF81C30049B009308AB13E90E00D6
:1087C000FFF72DF8206810B1007980F0010009B0A2
:1087D00030BD37B50D4601466846FFF766FF009C81
:1087E0004CB120460199FEF78FFB0A2323712560C7
:1087F000012003B030BD2046FBE737B50D460146EA
:108800006846FFF752FF009C4CB120460199FEF7E5
:108810007BFB062323712570012003B030BD204669
:10882000FBE730B585B005466846FEF7E0FA6846D6
:10883000FFF715FF0099044638B1FEF765FB2023CA
:1088400023714FF6FF7323806380009B2C602846C2
:108850006B6005B030BDFFFF2DE9F047ADF5387D09
:108860005C4D019008AC07468A46914680215A4AE1
:108870000095984618A8594BC19E1DF0B5FF20469B
:10888000FEF7F0FB564A214638A8FEF78DFC51460C
:1088900038A8FFF715FF294602A805AD19F023F8FF
:1088A00002A9284619F060F84E49284619F0DAF86E
:1088B000394619F0D7F84C4A0746214638A8FEF742
:1088C00034FC394638A8FFF766FF284618F0C0FF89
:1088D00002A818F0BDFF454A214638A8FEF772FCF1
:1088E000494638A8FFF7ECFE414A214638A8FEF772
:1088F0001CFC414638A8FFF7E3FE214638A83D4A54
:10890000FEF759FCC09938A8FFF7DAFE46B12146B8
:1089100038A8394AFEF709FC314638A8FFF7D0FEDF
:10892000364A214638A8FEF766FCC29938A8FFF7F8
:10893000C7FE214602A8324AFFF773FF314A02A957
:1089400038A8FEF75FFC234938A8FFF773FE244AD6
:1089500002A938A8FEF744FC2B4938A8FFF76AFEA5
:108960002A4A02A938A8FEF758FC294938A8FFF777
:1089700061FE284A02A938A8FEF744FC264938A817
:10898000FFF758FE254A02A938A8FEF746FC2449FD
:1089900038A8FFF74FFE16ABC5E9003438AA95E8B2
:1089A00003004FF40073FFF7ADFD00230093012295
:1089B00018A91C480EF0DDFA38A91A4818F077FEFD
:1089C00018480EF0B0FE2046FEF78CFB0DF5387D02
:1089D000BDE8F0870BA10200F4A00200E6A00200AF
:1089E000D3C702001CA102001EA1020026A10200A2
:1089F0002DA1020035A1020042A1020076CA0200A8
:108A00004AA102004EA1020042AE020052A10200A1
:108A100055A102005AA102005EA102006AA1020053
:108A20006DA10200D405002070B4064D2C78661CA0
:108A30002E70054D2D78A54202D170BCFFF70CBFFA
:108A400070BC7047C8050020B50500202DE9F0472F
:108A5000ADF5387D534E019008AC80460D469246E8
:108A60009946514A514B524F0096802118A81DF04B
:108A7000BBFE2046FEF7F6FA3A46214638A8FEF736
:108A800093FB294638A8FFF71BFE05AD314602A827
:108A900018F029FF02A9284618F066FF4549284624
:108AA00018F0E0FF414618F0DDFF434A80462146BA
:108AB00038A8FEF73AFB414638A8FFF76CFE284677
:108AC00018F0C6FE02A818F0C3FE3C4A214638A89A
:108AD000FEF763FB514638A8FFF7F2FD384A2146FE
:108AE00038A8FEF76FFB494638A8FFF7E9FD354A7D
:108AF000214638A8FEF77FFBC09938A8FFF7E0FDB4
:108B0000214602A8304AFFF78CFE304A02A938A855
:108B1000FEF778FB314638A8FFF78CFD3A4602A9EC
:108B200038A8FEF75DFB2A4938A8FFF783FD294ADC
:108B300002A938A8FEF771FB274938A8FFF77AFD8C
:108B4000264A02A938A8FEF75DFB254938A8FFF799
:108B500071FD244A02A938A8FEF75FFB224938A814
:108B6000FFF768FD16ABC5E9003438AA95E80300A5
:108B70004FF400731D4DFFF7C5FC00230093012245
:108B800018A928460EF0F5F938A9284618F08FFDE7
:108B900028460EF0C8FD2046FEF7A4FA0DF5387DF4
:108BA000BDE8F0870BA1020071A10200E6A002005F
:108BB000D3C702001CA102001EA1020088A102006E
:108BC00026A1020076CA02004AA102004EA10200BC
:108BD00042AE020052A1020055A102005AA10200B9
:108BE0005EA102006AA102006DA10200D40500206E
:108BF00070B4064D2C78661C2E70054D2D78A5425C
:108C000002D170BCFFF722BF70BC7047C8050020BE
:108C1000B50500202DE9F04F2DED048BADF5397D24
:108C2000704D019008AC80468B46924680216E4A7A
:108C30000095994618A86D4BC79FC89EF0EE608AB4
:108C4000B0EE418AB0EE409A1DF0CEFD2046FEF710
:108C500009FA674A214638A8FEF7A6FA594638A805
:108C6000FFF72EFD294602A805AD18F03CFE02A92B
:108C7000284618F079FE5F49284618F0F3FE414671
:108C800018F0F0FE5C4A8046214638A8FEF74DFAFF
:108C9000414638A8FFF77FFD284618F0D9FD02A805
:108CA00018F0D6FD554A214638A8FEF776FA514607
:108CB00038A8FFF705FD524A214638A8FEF782FA88
:108CC000494638A8FFF7FCFC4E4A214638A8FEF773
:108CD0004FFAB0EE490A38A8FFF706FD4A4A214686
:108CE00038A8FEF745FAB0EE680A38A8FFF7FCFC92
:108CF000464A214638A8FEF757FAB0EE480A38A887
:108D0000FFF7F2FC214638A8414AFEF754FAC6990B
:108D100038A8FFF7D5FC47B1214638A83D4AFEF7F1
:108D200004FA394638A8FFF7CBFC46B1214638A8EB
:108D3000394AFEF760FA314638A8FFF7C1FC2146F0
:108D400002A8364AFFF76DFD354A02A938A8FEF79A
:108D500059FA244938A8FFF76DFC254A02A938A81A
:108D6000FEF73EFA2F4938A8FFF764FC2E4A02A905
:108D700038A8FEF752FA2D4938A8FFF75BFC2C4AB9
:108D800002A938A8FEF73EFA2A4938A8FFF752FC94
:108D9000294A02A938A8FEF740FA284938A8FFF75F
:108DA00049FC16ABC5E9003438AA95E803004FF436
:108DB0000073FFF7A7FB00230093012218A92048A6
:108DC0000EF0D7F838A91E4818F071FC1C480EF0B8
:108DD000AAFC2046FEF786F90DF5397DBDEC048B23
:108DE000BDE8F08F0BA10200CAA00200E6A00200BD
:108DF000D3C702001CA102001EA1020088A102002C
:108E000026A102008FA0020039AD0200E1A00200FD
:108E100035A1020042A1020076CA02004AA1020066
:108E20004EA1020042AE020052A1020055A1020072
:108E30005AA102005EA102006AA102006DA1020017
:108E4000D405002070B4064D2C78661C2E70054D9C
:108E50002D78A54202D170BCFFF7DCBE70BC704714
:108E6000C8050020B505002038B504460D46FEF7BC
:108E7000B9FFA8424FF0000004BF6075012038BD63
:108E8000F0B585B00F466946064681E80C001446E9
:108E90000AB3194610461D46FEF736F816F1004291
:108EA00047F10003012B08BF002A05D20C232371D0
:108EB0002660012005B0F0BD02A82946FEF779FA28
:108EC00002980028F6D01C232371BDF80C302380B3
:108ED000C0E90067EDE71046ECE71FB50C46014618
:108EE0006846FFF7E2FB009B0293019B039304ABF0
:108EF00013E90C0020460021FFF7C2FF04B010BDAB
:108F00007F2837B50C4605D841B22046FDF7E5FF6E
:108F100003B030BD00238DF8003000F03F0380091E
:108F200082B263F07F031F2A8DF80130C3B20DD8DF
:108F300063F03F038DF802300DF1030515F9011DB3
:108F40000029E5D02046FDF7C8FFF7E7C0F38910F8
:108F500003F03F0363F07F030F288DF80230C3B2A4
:108F600005DC63F01F038DF8033001ADE6E703F085
:108F70003F03801163F07F0360F00F008DF8033032
:108F80008DF804000DF10505D8E7FFFF2DE9F04746
:108F90008046FEF727FF0024384E88F81540074624
:108FA00025464046FEF71EFF8742014688F81550C9
:108FB0005CD010B90220BDE8F0875C2852D1404651
:108FC000FEF710FF0028F5D075283CD188F8155021
:108FD0004FF004094FF0000A4046FEF703FF002857
:108FE000E8D04028CBBF20F020023038373AC3B257
:108FF000C8BFD3B20F2B01D90320DCE709F1FF3939
:1090000043EA0A1319F0FF091FFA83FA88F815508A
:10901000E2D10AF520539BB2B3F5806F02D2CAF3B6
:109020000904BEE70AF510539BB2B3F5806F3DBF4C
:10903000CAF3090A4AEA842A0AF5803050464146B2
:10904000FFF75EFFADE700239A579919002AD3D0A6
:10905000904203F10203F7D191F901100029CBD01E
:1090600088F815504046FDF738FF9AE7D8F80430E5
:10907000002B0CBF042000209DE700BF93A102003D
:109080002F280EDD392803DD5E2803DD7A2803DC76
:1090900001207047402804DD5A28CCBF0020012061
:1090A00070470020704770B50446FDF706FF204664
:1090B000FEF798FE27281ED022281CD02046FEF757
:1090C00091FE0546FFF7DCFF98B1002629462046B1
:1090D0006675FDF702FF2046FEF784FE0546FFF7A2
:1090E000CFFF0028F2D16368002B0CBF04200020C2
:1090F00000E0032070BD2046FFF748FFFAE72DE9A6
:10910000F04F5FFA83F98DB004460D46B9F1000FB8
:1091100000F0858000234375FEF77DFEB8B97D2100
:109120002046FFF7A1FE88B90DF124082046FFF77D
:10913000BAFF60B92046FEF76EFE064638B93A21FE
:109140002046FFF791FE28B9032000E000200DB073
:10915000BDE8F08FD4E9013213448DF82C601E7203
:10916000D4E901320833CDE90932A369009398E8C4
:109170000E002846FEF7A5FB074600284BD1D4F881
:1091800018B005A85946FEF7E1F8059E0EB904206F
:10919000DDE7594607A8FEF7D9F8079F002FF6D05C
:1091A000BDF820A0A6F806A06988BDF818304FF6D3
:1091B000FF7291422DD00BF12C000393FDF707FEB7
:1091C000039BC380A5F802A031462046FEF780FA33
:1091D00009F1FF334FF000023946204600F022F833
:1091E0000028B4D12046FEF716FE0028AFD17D211D
:1091F0002046FFF739FE0028A8D12C212046FFF792
:1092000033FE0028A0D02046FEF705FE00288DD0B2
:109210009DE72B80D6E7A169FDF776FED8E705200C
:1092200095E7FFFFF8B505460E461F46FEF7F3FD2E
:109230000446002858D12846FEF7D4FD66286DD094
:1092400013DC272803D05B2817D022286BD12846AF
:10925000FDF733FE2846FFF799FE0446002843D168
:1092600031462846FEF734FA3EE074284DD07B287C
:109270003CD06E2857D130494CE040233371FFB2C7
:109280004FF6FF7333807380002F51D06C752846E2
:10929000FEF7C1FD044638BB5D212846FFF7E4FD1B
:1092A00008BB013FA9693046FEF769F8014600286E
:1092B00040D03B464FF000022846FFF7B3FF04467C
:1092C00090B92846FEF7A7FD044668B95D212846F7
:1092D000FFF7CAFD38B92C212846FFF7C5FD002845
:1092E000E0D1032400E000242046F8BD20233371A0
:1092F0004FF6FF73338073804FF000023B463146D8
:109300002846FFF7FCFE0446EEE7062333710B49BF
:10931000012333702846FEF799FDF4E706233371E5
:1093200034700749F6E731462846FEF7A4FDEAE720
:109330000524D9E70424D7E78EA10200D8A10200B2
:10934000DDA1020070B5B2B0A74904A80BAC0DF0C6
:10935000A7FC2046FDF772FE0B990EA8FDF796FEBE
:1093600000230B9D8DF830300D9828B103680D93C4
:109370002946FDF768FDF7E79B4B8DF86800CDE9BE
:109380001B401D908DF878001F938DF881004FF0E1
:109390000A034FF0000219A91BA82194FFF742FF0E
:1093A000054640B99DF980302BB19DF8683013F027
:1093B000080F18BF03251C9818B11B9B1968FDF7EF
:1093C00042FD25BB89492046FEF7E4FAF8B1874AF9
:1093D000214607A8FDF7E1FE85491BA818F083FA8E
:1093E0001BA904A818F07EFB05461BA818F030FA4C
:1093F000ADB107A8FEF7F8FDA0F1C803B3F52F7FC4
:10940000054604D8FCF7AEF87A4BC3F8DC5020468A
:10941000FDF768FE04A818F01BFA32B070BD76495B
:109420001BA818F060FA1BA904A818F05BFB0546FE
:109430001BA818F00DFA65B107A8FEF7D5FDB0F529
:10944000167F0546E3D8FCF791F86A4BC3F8005144
:10945000DDE76A491BA818F046FA1BA904A818F012
:1094600041FB05461BA818F0F3F965B107A8FEF704
:10947000BBFD431E632B0546C9D8FCF77BF85D4B4B
:10948000C3F8EC50C3E75E491BA818F02CFA1BA9DF
:1094900004A818F027FB05461BA818F0D9F97DB1E0
:1094A00007A8FEF7A1FD64280546B0D8514ED6F8AE
:1094B000E8309842ABDCFCF761F8C6F8E450A6E768
:1094C00050491BA818F00FFA1BA904A818F00AFBB2
:1094D00005461BA818F0BCF97DB107A8FEF784FD6E
:1094E0006428054693D8434ED6F8E43098428EDB84
:1094F000FCF748F8C6F8E85089E743491BA818F07C
:10950000F2F91BA904A818F0EDFA05461BA818F0FB
:109510009FF94DB107A8FEF770FD0546FCF736F838
:10952000344B83F8F05072E738491BA818F0DBF988
:109530001BA904A818F0D6FA05461BA818F088F94C
:109540006DB107A8FEF750FD431E772B05463FF689
:109550005EAFFCF752F8274BC3F8785157E72C4918
:109560001BA818F0C0F91BA904A818F0BBFA0546FF
:109570001BA818F06DF9A5B107A8FEF735FDA0F1FD
:109580003203B3F5E17F05463FF641AF194EB6F918
:109590007E3198423FF73BAFFCF733F8A6F87C5199
:1095A00035E71C491BA818F09EF91BA904A818F060
:1095B00099FA05461BA818F04BF96DB307A8FEF7FA
:1095C00013FDA0F13203B3F5E17F05463FF61FAF6F
:1095D000084EB6F97C319842FFF619AFFCF715F842
:1095E000A6F87E5113E700BFD4050020A89D020015
:1095F000159A0200300A00203A9A0200689A020086
:109600009F9A0200C29A0200E59A02001D9B020086
:10961000459B0200829B0200A4491BA818F063F935
:109620001BA904A818F05EFA05461BA818F010F94B
:109630006DB107A8FEF7D8FC02283FF6E8AEC5B228
:109640002846FCF743F89A4B83F85751DFE69949CF
:109650001BA818F048F91BA904A818F043FA0546FE
:109660001BA818F0F5F84DB107A8FEF7C6FC054693
:10967000FCF735F88E4B83F85651C8E68E491BA887
:1096800018F031F91BA904A818F02CFA05461BA8FC
:1096900018F0DEF885B107A8FEF7A6FC632805469A
:1096A0003FF6B5AEC0B2FCF723F84FF46160804BD3
:1096B0006843C3F85801AAE680491BA818F013F9BB
:1096C0001BA904A818F00EFA05461BA818F0C0F84C
:1096D0006DB107A8FEF788FC00F16403FA2B3FF692
:1096E00096AE734BA3F82A01FCF712F88FE6744983
:1096F0001BA818F0F8F81BA904A818F0F3F9054600
:109700001BA818F0A5F85DB107A8FEF76DFC00F1E5
:109710006403FA2B3FF67BAE654BA3F82C01E3E71D
:1097200068491BA818F0DFF81BA904A818F0DAF99B
:1097300005461BA818F08CF85DB107A8FEF754FC8D
:1097400000F16403FA2B3FF662AE594BA3F82E01E9
:10975000CAE75D491BA818F0C6F81BA904A818F0B1
:10976000C1F905461BA818F073F85DB107A8FEF70C
:109770003BFC00F16403FA2B3FF649AE4C4BA3F8D7
:109780003001B1E751491BA818F0ADF81BA904A896
:1097900018F0A8F905461BA818F05AF85DB107A8FB
:1097A000FEF722FC32283FF632AE414BA3F83201DD
:1097B000FBF7C8FF2BE646491BA818F094F81BA935
:1097C00004A818F08FF905461BA818F041F84DB110
:1097D00007A8FEF709FC32283FF619AE344BA3F870
:1097E0003401E5E73B491BA818F07DF81BA904A844
:1097F00018F078F905461BA818F02AF84DB107A80B
:10980000FEF7F2FB32283FF602AE294BA3F83601F1
:10981000CEE731491BA818F066F81BA904A818F078
:1098200061F905461BA818F013F84DB107A8FEF71B
:10983000DBFB32283FF6EBAD1D4BA3F83801B7E751
:1098400026491BA818F04FF81BA904A818F04AF9DC
:1098500005461BA817F0FCFF75B107A8FEF7C4FB6F
:10986000A0F1C803B3F52F7F3FF6D1AD104BA3F89D
:109870003A01FBF781FFCAE519491BA818F033F834
:109880001BA904A818F02EF905461BA817F0E0FF45
:1098900045B307A8FEF7A8FBA0F1C803B3F52F7FD7
:1098A0003FF6B5AD024BA3F83C01E2E7359C020060
:1098B000300A0020009C0200C99B0200AE9D0200FD
:1098C000BC9D0200C79D0200D59D0200E49D0200E0
:1098D000F39D0200FF9D02000E9E0200659C0200A7
:1098E000909C020083491BA817F0FDFF1BA904A848
:1098F00018F0F8F805461BA817F0AAFF65B107A8ED
:10990000FEF772FBA0F1C803B3F52F7F3FF67FADE2
:10991000794BA3F83E01ACE778491BA817F0E3FFA9
:109920001BA904A818F0DEF805461BA817F090FF45
:1099300065B107A8FEF758FBA0F1C803B3F52F7F68
:109940003FF665AD6C4BA3F8400192E76C491BA84C
:1099500017F0C9FF1BA904A818F0C4F805461BA8F6
:1099600017F076FF5DB367490BA8FEF713F80028E0
:109970003FF44DAD64490BA8FEF70CF800283FF406
:1099800046AD604A0BA91BA8FDF70EFC1BA8FEF70D
:109990002BFB5D4A05460BA91BA8FDF705FC1BA880
:1099A000FEF722FB072D3FF632AD07283FF62FAD1D
:1099B000514B2B4483F84400FBF72CFE27E5534919
:1099C0001BA817F090FF1BA904A818F08BF80546F8
:1099D0001BA817F03DFF95B107A8FEF705FBA0F106
:1099E0002803C82B3FF613AD434BB3F91621904221
:1099F000BFF60DADA3F81401FBF74CFF07E5444992
:109A00001BA817F070FF1BA904A818F06BF80546F7
:109A10001BA817F01DFF95B107A8FEF7E5FAA0F106
:109A20002803C82B3FF6F3AC334BB3F91421904213
:109A30007FF7EDACA3F81601FBF730FFE7E43549FB
:109A40001BA817F050FF1BA904A818F04BF80546F7
:109A50001BA817F0FDFEDDB107A8FEF7CEFA00281F
:109A60003FF4D5AC244D002385F86E31C5F8743130
:109A700095F80631042B7FF4CAAC022385F8063131
:109A8000012385F80C3118F023FFC5F81001BEE45E
:109A900021491BA817F027FF1BA904A818F022F8DA
:109AA00005461BA817F0D4FE002D3FF4B0AC1B49AF
:109AB0000BA8FDF76FFF00283FF4A9AC174A0BA9CC
:109AC0001BA8FDF732FB1BA8FEF76BFA01231B9ABC
:109AD0008DF8043000283FF49AAC01AB02A9CDE91F
:109AE0000232FDF77CFF01287FF491AC08F04CFDB9
:109AF0008DE400BFBD9C0200300A0020E89C0200FB
:109B00001E9E0200259E02002A9E0200159D020054
:109B10004C9D0200B19802002F9E02003E9E020062
:109B200010B5064C20460BF0C7FE054B23602146BE
:109B30000448BDE810400DF0ABB800BFA0060020FF
:109B4000D0930200D405002038B5044608F0C8FCC4
:109B500058B118F0BDFE054620460BF08FFD284693
:109B60000449BDE8384008F0D5BC2046FDF79CFE0E
:109B700038BD00BFADA1020008B5074B00221A7026
:109B800018F0A6FE054B186005480DF0BAFD054813
:109B9000FFF7DAFF08BD00BFBC050020CC050020A0
:109BA000D4050020A00600202DE9F041D8B008AC73
:109BB000074620460E469046FDF740FA2C4A2146BD
:109BC00018A8FDF7FFFA18A904A8FEF76EFD049D7A
:109BD0003DB105992846FDF797F906232B7185F8C5
:109BE0000080244A214618A8FDF7DEFA394618A855
:109BF000FEF766FD204A214618A8FDF796FA314681
:109C000018A8FEF75DFD18F063FE1C4A21460646C3
:109C100018A8FDF7D0FA18A906A8FEF746FD069D7C
:109C200035B107992846FDF76FF90A232B712E608D
:109C300016ABCDE9023402A918AA4FF4807303C908
:109C4000FEF760FC00231A46009305460C490D48B8
:109C50000DF08FF92A4618A90A480DF0DBF80948DB
:109C60000DF061FD2046FDF73DFA58B0BDE8F081EA
:109C7000F5BB0300469E02004B9E0200539E02006D
:109C8000609E0200D40500202DE9F04F2DED028BDF
:109C9000D9B008AC0BAA734BE2624FF48022214684
:109CA0002360226300234FF6FF756F4A237118A8C3
:109CB000A36084F83C30A586E587FDF798F818A8DE
:109CC000FEF7CDFC1899074628B1FDF71DF9402392
:109CD0003B713D807D80DFF8B481DDF860904FF00E
:109CE000000AC34698F800305FFA8AF6B34206AD20
:109CF00040F28B80002F00F0868049463846FDF701
:109D00003EFB034650B149460390FDF7FDF8039B27
:109D100020221A714FF6FF721A805A80C5E9003965
:109D2000CDE91939514B1B9305231C9318A8012326
:109D30008DF87430FEF74CFC1A99039028B1FDF7AA
:109D4000E3F8039B0A221A711E602946484A18A8A4
:109D5000FDF746FA18A8FEF73BFC1A9ACDE9040273
:109D600004AB08EB061093E806004C30FDF783FDCA
:109D7000D5E90023CDE919233E4B1B9306231C9301
:109D800001238DF8743018A808EB860393ED018A3F
:109D9000FEF71EFC1A99054628B1FDF7B5F80E230B
:109DA0002B7185ED008A18F093FD0BEB86030125DE
:109DB000596A8DF87450DDE90623401A40F6B8312F
:109DC0008842CDE919232C4B1B9388BF00214FF00B
:109DD000090398BF012118A81C93FEF71CFCDDE9BC
:109DE00006239BF844108DF87450CDE91923234BBA
:109DF0001B930D231C938B1B5942594118A8FEF746
:109E00000AFCAA446EE73B4688E71D4A214618A88B
:109E1000FDF7C3F998F8001018A8FEF780FC16AB00
:109E2000C5E9003418AA95E803004FF48073FEF7E3
:109E300069FB00231A4600930546124912480DF0AB
:109E400098F82A4618A910480CF0E4FF0E480DF0C7
:109E50006AFC2046FDF746F959B0BDEC028BBDE81F
:109E6000F08F00BF1C00002076A0020054A002006A
:109E7000D3C702005AA00200209F020061A0020086
:109E80002EC802006FA00200D4050020300A002076
:109E90002DE9F0412DED028BADF5966D1CACC24B5A
:109EA000C24D23601FABE3622E784FF48023002065
:109EB00023634FF6FF732071A060A38684F83C00F3
:109EC000E387002E00F0078295F84470BE4240F20E
:109ED000018205EB870393ED018AB4EE488AF1EE27
:109EE00010FA80F1FB8105EB870718F0F1FC7E6A20
:109EF000801B40F6B836B0428CBF00260126AC4A23
:109F0000AC4F21462CA8FDF710F995ED350A2CA889
:109F1000FEF7EAFBA84A21462CA8FDF70DF995EDBE
:109F2000350A2CA8FEF7E0FBA44A21462CA8FDF731
:109F30000AF995ED360A2CA8FEF7D6FBA04B2D9317
:109F400010232E9395F8E0102C9401232CA88DF863
:109F5000BC30FEF752FC9B4B95F8E0202146002ACE
:109F600008BF1F462CA8984AFDF7F4F839462CA8DC
:109F7000FEF7A6FB954A21462CA8FDF7F2F8B0EEB5
:109F8000480A2CA8FEF7B0FB914A21462CA8FDF701
:109F9000D3F831462CA8FEF730FC8E4A21462CA877
:109FA000FDF7E6F8D5F880112CA8FEF7CCFB8A4A1D
:109FB00021462CA8FDF7E3F8D5F8F4102CA8FEF7FD
:109FC000C2FB864A21462CA8FDF7CBF8D5F88011B4
:109FD0002CA8FEF7B8FB824A21462CA8FDF7D6F83C
:109FE000D5F880112CA8FEF7AEFBFAF77DFD7D4A6F
:109FF0002146B0EE408A2CA8FDF79EF8B0EE480A44
:10A000002CA8FEF771FB784A21462CA8FDF7C5F86D
:10A010002CA902A895F80661FEF747FBDDE90212BC
:10A02000CDE9041204AB0CCB00213046FEF728FF2B
:10A0300008F022FA002800F0538108F01DFA6B4A5C
:10A04000214607462CA8FDF7AFF82CA906A8FEF775
:10A050002CFB069E36B107993046FCF755FF0C23C2
:10A060003371376095F80631002B00F04A81032BDD
:10A0700000F04981012B00F04881022B00F047815C
:10A080005B4E5C4A042B18BF16465B4A21462CA83F
:10A09000FDF775F831462CA8FEF712FB574B2D93B0
:10A0A00015232E9395F86E112C9401232CA88DF86E
:10A0B000BC30FEF7A2FB95F8700188B1D5F8783175
:10A0C000002B40F3268118F003FCD5F878314EF6CA
:10A0D00060215943D5F87431C01A081A20EAE0709B
:10A0E0000127474B2D934FF016084EF660264FF48C
:10A0F0007A7190FBF6F690FBF1F12CA82C94CDF838
:10A10000B8808DF8BC70FEF71EFB3E4B2C94314698
:10A110002CA8CDE92D388DF8BC70FEF714FB334622
:10A12000394A202114A81CF05FFB0EAE374B2D934B
:10A130002CA91D2330462E932C948DF8BC70FEF76D
:10A14000B4FA96E803000CAB83E8030014A893E884
:10A150000600FDF790FB2E4A21462CA8FCF7F3FFE2
:10A16000D5F8FC102CA8FEF734FB2A4A21462CA86F
:10A17000FDF705F8D5F808112CA8FEF72AFB264AAA
:10A1800021462CA8FCF7FBFFD5F810112CA8FEF7F0
:10A1900020FB224A21462CA8FCF7D5FFD5F87411E4
:10A1A0002CA8FEF716FB3BE01C000020300A002024
:10A1B000CF9E02006D9E0200D79E0200E69E020026
:10A1C000F29E0200A5A10200039F0200119F02005F
:10A1D0001B9F02005D9602002A9F0200359F02002D
:10A1E0003F9F02004F9F02008FC702005E9F020048
:10A1F000C39E0200BB9E02009AC70200639F02003A
:10A20000799F0200909F0200A79F0200BC9F02005E
:10A21000DA9F0200E69F0200F19F0200FC9F02000D
:10A220003D4A21462CA8FCF7C6FF95F818112CA82A
:10A23000FEF753FE394A21462CA8FCF7BCFF2CA997
:10A2400010A895F80461FEF730FADDE91012CDE9A7
:10A25000121212AB0CCB30460021FEF711FE304B30
:10A260002D93B5F914112C9411232CA82E938DF84D
:10A27000BC70FEF77CFA2B4B2D93B5F916112C947C
:10A2800012232CA82E938DF8BC70FEF770FA2AAB1F
:10A29000CDE90A340AA92CAA4FF4806303C9FEF75A
:10A2A00031F900231A46009305461F491F480CF058
:10A2B00060FE2A462CA91D480CF0ACFD1B480DF091
:10A2C00032FA2046FCF70EFF0DF5966DBDEC028BC1
:10A2D000BDE8F08106469FED168A10E606460EE6BA
:10A2E000144A21462CA8FCF75FFF08A82CA9FEF70A
:10A2F000DCF9089800283FF4B5AE0999FCF704FE94
:10A30000B0E60D4EC1E60D4EBFE60D4EBDE60D4E5C
:10A31000BBE60020E4E600BF08A0020015A0020092
:10A3200022A0020034A0020047A00200D4050020B1
:10A330000000C07F5E9F0200AC9E020038B50200A4
:10A34000B19E0200B69E0200F0B5ADF25C4D06ACC7
:10A3500009AAE2624FF48022A64DA74B22634FF672
:10A36000FF722360A2860023E2872146A34A23715D
:10A3700016A8A36084F83C30FCF72BFFD5F8DC105E
:10A3800016A8FEF7E0F99E4A214616A8FCF721FF21
:10A39000D5F8EC1016A8FEF7D6F99A4A214616A869
:10A3A000FCF7C3FED5F8E41016A8FEF7CCF9964AE0
:10A3B000214616A8FCF7B9FED5F8E81016A8FEF756
:10A3C000C2F9924A214616A8FCF7CBFED5F8001137
:10A3D00016A8FEF7B8F98E4A214616A8FCF7C1FE6A
:10A3E000D5F8781116A8FEF7AEF98A4A214616A8C4
:10A3F000FCF7EFFEB5F97C1116A8FEF7B8F9864A0E
:10A40000214616A8FCF7E5FEB5F97E1116A8FEF761
:10A41000AEF9824A214616A8FCF7DBFE95F8F0104B
:10A4200016A8FEF77CF97E4A214616A8FCF78BFE9B
:10A4300095F8571116A8FEF772F97A4A214616A820
:10A44000FCF781FE95F8561116A8FEF7D6F9764A64
:10A45000D5F85861214616A8FCF791FE16A904A864
:10A46000FEF723F9049F5FB105993846FCF74CFDD0
:10A470000A233B714FF46163B6FBF3F6B6B23E605C
:10A480006A4A214616A8FCF796FEB5F92A1116A8C5
:10A49000FEF76DF9664A214616A8FCF762FEB5F98B
:10A4A0002C1116A8FEF763F9624A214616A8FCF79C
:10A4B00082FEB5F92E1116A8FEF759F95E4A21461B
:10A4C00016A8FCF747FEB5F9301116A8FEF74FF9AC
:10A4D0005A4A214616A8FCF73DFEB5F9321116A8D6
:10A4E000FEF745F9564A214616A8FCF748FEB5F98D
:10A4F000341116A8FEF73BF9524A214616A8FCF77C
:10A5000029FEB5F9361116A8FEF731F94E4A214653
:10A5100016A8FCF711FEB5F9381116A8FEF727F9B1
:10A520004A4A214616A8FCF731FEB5F93A1116A899
:10A53000FEF71DF9464A214616A8FCF73CFEB5F980
:10A540003C1116A8FEF713F9424A214616A8FCF75B
:10A550001DFEB5F93E1116A8FEF709F93E4B1793FB
:10A5600010231893B5F940111694012316A88DF8FD
:10A570006430FEF7FCF8394A214616A8FCF71BFEAA
:10A5800095F8181116A8FEF7A8FC354A214616A81A
:10A59000FCF71FFEB5F9141116A8FEF7E8F8314ACA
:10A5A000214616A8FCF7DDFDB5F9161116A8FEF731
:10A5B000DEF814ABCDE9023402A916AA4FF4806389
:10A5C00003C9FDF79FFF00231A460093054626495D
:10A5D00026480CF0CEFC2A4616A924480CF01AFC9A
:10A5E00022480DF0A0F82046FCF77CFD0DF25C4DF2
:10A5F000F0BD00BF300A00201C000020169A0200A7
:10A60000699A02008BA0020093A002009BA00200A6
:10A61000A5A00200469B0200839B0200E69A02006E
:10A62000369C0200019C0200AFA00200AF9D020018
:10A63000BD9D0200C89D0200D69D0200E59D02005E
:10A64000F49D0200009E02000F9E0200669C020024
:10A65000919C0200BE9C0200E99C020008A002003E
:10A66000169D02004D9D0200BAA00200D4050020F4
:10A6700070B5D4B004AC214D2046FCF7DFFC214678
:10A680001F4A14A8FCF790FD95ED470A14A8FEF7A1
:10A690002BF821461B4A14A8FCF76AFD95ED480AE1
:10A6A00014A8FEF721F82146174A14A8FCF77CFDF0
:10A6B00095ED490A154D14A8FEF716F812ABCDE931
:10A6C000023402A914AA4FF4807303C9FDF71AFFDC
:10A6D00000231A46009306460D4928460CF049FC13
:10A6E000324614A928460CF095FB28460DF01BF8BD
:10A6F0002046FCF7F7FC54B070BD00BF300A0020C4
:10A70000169F0200A3990200EF990200D4050020D1
:10A710007CA002002DE9F04FA3B007F0FDFF002858
:10A7200040F0FC82A84B1B78002B00F0F782A74D6D
:10A7300041F22836AB5D002B00F0F08218F0C8F82B
:10A74000A34A1368C31A632B044640F2E7821060E1
:10A7500018F0BEF8AB5D074603B39E480CF021FB32
:10A760000646D8B99C4A136847F22F51FB1A8B4210
:10A7700014D99A4B17601968964840F25B720CF036
:10A78000A1FF002800F0CD823246954991480CF097
:10A790001BFE944B1E70944B01221A708D480CF0D6
:10A7A00000FB002800F0BA828A480CF089FC8E4B2E
:10A7B00004931F78002F00F0C182DFF898B3DFF810
:10A7C00098A38A4F8A4CDFF894838A4B8A4A8B4934
:10A7D0008B488C4EDFF8889300258BF80050CDF81D
:10A7E00008A001970094FEF71FF9874B824A87491A
:10A7F00087480096CDE90158FEF716F9854B7E4A49
:10A80000854986480096CDE90153854BFEF70CF942
:10A81000844B0293844B0193844B0093764A844B80
:10A8200084498548FEF700F9844B734A844985487A
:10A83000CDF80090CDE90153834BFEF7F5F8834B3B
:10A840006D4A83498348CDF80090CDE9015AFEF75F
:10A85000EBF8814B0293814B674A81498148CDE9EE
:10A860000093814BFEF7E0F8804B0293804B0193FD
:10A87000804B0093604A804B80498148FEF7D4F8B2
:10A88000804B5D4A80498148CDE90153804B00935C
:10A89000804BFEF7C9F8804B574A80498048CDF875
:10A8A0000090CDE901537F4BFEF7BEF87E4B00933D
:10A8B0007E4A514B7E497F48FEF79AF9CDF81490B5
:10A8C00005F101094B467C4A102106A81BF08CFFBC
:10A8D0004B467A4A20210AA81BF086FF2B46784A6D
:10A8E000402112A81BF080FF764B0094CDE9017344
:10A8F000754A12AB0AA906A84D46FEF795F8042D35
:10A90000DED1724B724A734973480094CDE90173EA
:10A91000724BFEF789F8724B0293724B6C4A724984
:10A920007248CDE90063724BFEF77EF8714B0293DB
:10A93000714B0193714B0093654A714B7149724899
:10A94000FEF772F8B7EE001ADFED700A9FED700A9D
:10A95000704B714A714972480094CDE9017AFEF753
:10A9600071FA704B02930025B1EE041A414B00932B
:10A97000B0EE410ADFED6C0A664B6C4A6C496D48DB
:10A980000195FEF75FFA6C4BDFED760A6B4A6C4976
:10A990006C480094B7EE001AB0EE410ACDE90153BD
:10A9A0005C4BFEF74FFA0096B7EE001ADFED6D0A2A
:10A9B0009FED6D0A574B644A64496548CDE90158DB
:10A9C000FEF740FAD2E000BFC9050020300A00209F
:10A9D000B0050020D4050020CC0500202C2100204B
:10A9E000DD950200B5050020BC0500202D99020070
:10A9F000369602000996020047A002002096020047
:10AA0000CF9E0200A1B502003C9602004F960200C4
:10AA10005D9602008B9602007A960200359F020036
:10AA200061960200C7960200D0960200E0960200EE
:10AA30009B960200AF960200BB9602000F970200A1
:10AA4000F996020004970200E49602001E970200A5
:10AA5000389702009AC70200839702008E9702007F
:10AA60006D970200639F020048970200DB97020087
:10AA7000EA970200A3AF020094970200BA9702007F
:10AA8000799F02003A98020019980200909F0200F4
:10AA90008FA00200F39702008F98020071980200C5
:10AAA000BC9F020044980200E2980200A7980200AE
:10AAB000CA980200B2980200F1980200FA980200C7
:10AAC00008990200219902006FA002006799020014
:10AAD0007CA002004D9902005A99020039990200A7
:10AAE000A7990200B99902008A9902009B99020075
:10AAF00077990200F4990200FE990200079A020079
:10AB0000C2990200D6990200E79902000000614450
:10AB100000004843BAA002000B9A02001F9A0200EC
:10AB2000169A02004C9A020000009643309A0200E6
:10AB3000419A02003B9A02007B9A02005E9A020050
:10AB4000729A0200699A0200959A0200AA9A02007B
:10AB5000A09A0200C80500202D9602005996020016
:10AB6000A5A102000000C84200000000B7EE001AD4
:10AB70005FED040A1FED040A0096AF4BAF4AB049DF
:10AB8000B048B14ECDE90158FEF75CF9AF4B0093E8
:10AB9000AF4AA94BAF49B048FEF72AF8AF4BDFEDFB
:10ABA000B00AB04AB049B148CDE90153B04B009367
:10ABB000B7EE001AB1EE040A9F4BFEF743F9AD4B16
:10ABC000DFEDAD0A9FEDAD0AAD4AAE49AE48009447
:10ABD000CDE90153B1EE041A974BFEF733F9AB4BB5
:10ABE000DFEDA50A9FEDA50AA94AAA49AA48009443
:10ABF000CDE90153B1EE041A8F4BFEF723F9A74BB1
:10AC0000A74AA849A848B7EE001ACDE90153A74BB7
:10AC10000093B0EE410AF3EE080A874BFEF712F9F3
:10AC2000A34B0093A34A844BA349A448FDF7E0FF3C
:10AC3000A34B9FEDA40AA44AA449A548CDE901531A
:10AC4000059B0093B7EE001AF0EE000A7A4BFEF770
:10AC5000F9F8B7EE001ADFED880A9FED9E0A764BF1
:10AC60009D4A9E499E480094CDE90155FEF7EAF8B9
:10AC7000B7EE001ADFED800A9FED960A6E4B994AF7
:10AC800099499A480094CDE90155FEF7DBF8B7EEF3
:10AC9000001ADFED790A9FED8F0A674B944A9549B8
:10ACA00095480094CDE90155FEF7CCF8B7EE001AAF
:10ACB000DFED710A9FED870A5F4B904A90499148FA
:10ACC0000094CDE90155FEF7BDF8B7EE001ADFEDAF
:10ACD0008E0A9FED8E0A584B8D4A8E498E480094FD
:10ACE000CDE90156FEF7AEF8534B8C4A0094CDE9FE
:10ACF0000156B7EE001ADFED840A9FED840A8849F9
:10AD00008848FEF79FF8884A13780133DBB2137046
:10AD10009BF800209A4201D8049B1D7023B0BDE827
:10AD2000F08F8249824816F0C2FC82480BF0DCFFAB
:10AD30000A2201467E4816F02FFD2FE595F80431D2
:10AD400095F86F6195F8E080591ED1F1000949EB43
:10AD50000109022B04BF95F80571C7F3400726B916
:10AD600095F80661321F56425641734D2A784A457E
:10AD70000AD0724872494A46012B08BF0146714801
:10AD8000FEF712FF85F800906F4D2B78BB4209D07B
:10AD90006E4B6F496F483A46002F18BF1946FEF7B1
:10ADA00003FF2F706C4D2B7843450BD06B4B6C49D8
:10ADB0006C484246B8F1000F18BF1946FEF7F4FE82
:10ADC00085F80080684D2B78B34209D0674B6849FD
:10ADD00068483246002E18BF1946FEF7E5FE2E7071
:10ADE000654D664E2A68664F664B0495A4EB020AD1
:10ADF00032681878A4EB02093A68A4EB020E624AA2
:10AE000011689046A4EB010C4EF6602B0421421C05
:10AE100002F00302032800F2D180DFE800F002B75D
:10AE2000BFC6BCF57A7F40F2C9801A70FEF72CFFCE
:10AE3000C8F8004072E700BFBAA00200B89A02004A
:10AE4000CD9A0200C39A0200319D0200019B0200CC
:10AE5000DB9A0200EF9A0200E69A02008397020052
:10AE600000007042139B0200249B02001E9B020004
:10AE70008FA00200629B0200000061440000484273
:10AE80003B9B02004F9B0200469B0200A49B0200DA
:10AE9000789B02008C9B0200839B0200E79B0200D0
:10AEA000BF9B0200D29B0200CA9B02005C9A020078
:10AEB000199C0200F69B02000D9C0200019C0200FE
:10AEC0004E9C0200000000002B9C0200429C0200ED
:10AED000369C0200000048435B9C0200769C020006
:10AEE000669C0200869C02009E9C0200919C0200CF
:10AEF000B39C0200CE9C0200BE9C0200DE9C0200BD
:10AF0000FA9C0200E99C020000003E430000A042BF
:10AF10000B9D02001F9D0200169D0200429D020033
:10AF2000579D02004D9D0200B5050020EA950200E4
:10AF300010300020D4050020AD0500202795020028
:10AF4000409502006A9D0200B40500205995020058
:10AF50007B950200749D0200CA0500206D9E0200D0
:10AF600094950200859D0200AC050020B09502007A
:10AF7000C6950200999D0200C4050020B805002076
:10AF8000C0050020D0050020A8050020BEF57A7F6E
:10AF900014D91A70FEF77CFF3C60BFE6D9450DD985
:10AFA0001A70FFF7D1F93460B8E6BAF57A7F05D99F
:10AFB0001A70FFF75DFB049B1C60AFE6013911F0CE
:10AFC000FF0110467FF423AF1A70A7E608B50548C5
:10AFD0000BF0DCFD0448054B0360BDE808400AF0B7
:10AFE000E5B800BFD4050020A0060020D0930200E1
:10AFF00070B5054607F074FA28B92846FCF754FCEA
:10B000000024204670BD17F063FC064628460AF06F
:10B0100071FB05490446304607F07CFA07F060FAF8
:10B020000028EED1E9E700BFC7A10200F8B5054648
:10B030000C46174607F054FA28B92846FCF734FCAA
:10B0400000242046F8BD17F043FC214606463A4648
:10B0500028460AF088FA05490446304607F05AFAAD
:10B0600007F03EFA0028ECD1E7E700BFC7A10200D5
:10B07000F8B50369002B04460D46174602DB03684A
:10B080009B6A984707F02CFA28B92046FCF70CFC7D
:10B0900000252846F8BD17F01BFC294606463A460F
:10B0A00020460AF0CFF805490546304607F032FA47
:10B0B00007F016FA0028ECD1E7E700BFC7A10200AD
:10B0C00070B5054607F00CFA30B92846FCF7ECFBE2
:10B0D0004FF0FF34204670BD17F0FAFB06462846B5
:10B0E0000AF085FA04490446304607F013FA07F0DF
:10B0F000F7F90028EED1E8E7C7A1020070B50546D0
:10B1000007F0EEF928B92846FCF7CEFB00242046CC
:10B1100070BD17F0DDFB064628460AF02BF90549FD
:10B120000446304607F0F6F907F0DAF90028EED1C8
:10B13000E9E700BFC7A1020038B5044607F0D0F91F
:10B1400018B92046FCF7B0FB38BD17F0C1FB054627
:10B1500020460AF063FA0449284607F0DBF907F0B5
:10B16000BFF90028F0D1ECE7BAA10200F8B5054616
:10B170000C46174607F0B4F928B92846FCF794FBAB
:10B1800000242046F8BD17F0A3FB214606463A46A8
:10B1900028460AF0AFF805490446304607F0BAF9E8
:10B1A00007F09EF90028ECD1E7E700BFC7A1020035
:10B1B00010B50CF0A1FC4FF4FA7017F045FB1148E4
:10B1C00008F0CCFB104809F0C5FC032818D00F4C40
:10B1D00094F90130A3B10C4809F014FE4FF4FA7051
:10B1E00017F032FB074808F0B9FB04F12102611C9B
:10B1F000054809F0DFFC0348BDE8104008F0AEBB8D
:10B2000010BD00BFF8290020D82A0020EA0700203E
:10B21000F8B540F6B83017F017FB1248114E124F30
:10B2200008F09CFB17F054FB43F69725044617F0F3
:10B230004FFB001BA8420BD8304608F08FFB384666
:10B2400009F088FC03280AD0FA2017F0FDFAEEE78F
:10B25000054809F07FFCC31E58425841F8BD012043
:10B26000FCE700BFF8290020D82A002010B588B0DC
:10B2700004AB00930C4603AB02AA12491BF008FB77
:10B28000032802D0002008B010BD07AB009305AA28
:10B2900006AB0C4920461BF0FBFA0328F2D1029AB8
:10B2A000059B9A4204D0B4BF4FF0FF300120EAE77B
:10B2B000039A069B9A42F6D1049A079B9A42F2D1CE
:10B2C000E0E700BF53AB0200014B1878704700BFA6
:10B2D000FA060020014B00221A707047FA0600207F
:10B2E0000048704761A3020000487047EA0600204A
:10B2F00000487047C006002000487047D50600206F
:10B3000010B50D4B01241C700C4B002083F8060176
:10B3100083F8F80083F8070183F80C0183F87001C3
:10B32000C3F88001C3F8F400FBF7E4F921460620D6
:10B33000BDE8104017F0F8B8FA060020300A0020E7
:10B340002DE9F04F894B8A4942F210729A60894B7D
:10B3500085B00024804688481C7016F0A8F909F0D2
:10B36000F9FD0146844816F0C1F909F0F3FD0146E4
:10B3700001A816F0B8FA81490198FFF777FF054652
:10B3800001A816F065FAA542C0F2EE80FFF7B8FFFB
:10B39000FEF7F2FB05F0E8F94FF4FA7017F054FAF3
:10B3A0007748754C08F0DAFA01A80CF049FA012543
:10B3B0004FF0FF367349204616F079F90A222946E4
:10B3C000204616F000FA7049204616F070F90A225D
:10B3D0000321204616F0F9F9694808F0BFFA6B49D5
:10B3E00001A80CF06FFA6A490746204616F05FF98B
:10B3F0000A223946204616F0CFF97FB1654A3B460E
:10B4000015215C481BF0F0F901A8FFF7D1FE032DD0
:10B4100040F09580012005B0BDE8F08F584808F055
:10B420009DFA5D4901A80CF00DFA5C4907462046DB
:10B4300016F03DF90A223946204616F0ADF917B14B
:10B440003B46574ADCE74E4808F088FA4F4A5549D0
:10B4500001A80CF071FA54490646204616F027F967
:10B460000A223146204616F097F9002E0CDC4F4A8E
:10B47000334615213F481BF0B7F901A8FFF798FEA6
:10B48000032D5CD10220C6E717F022FADFF838A1BD
:10B4900081464FF0640B3A4808F060FA01A80CF0BE
:10B4A00095FA071E0BDA4249204616F000F90A22E7
:10B4B0003946204616F070F93B463E4AD9E717F068
:10B4C00007FAA0EB09005045EDD8B8F1000F04D001
:10B4D0000BFB07F090FBF6F0C047C82017F0B4F95B
:10B4E000BE42D8DC264808F039FA01A80CF09CFAD4
:10B4F00031490446204816F0DAF80A2221461E484F
:10B5000016F04AF92CBB1E4808F028FA1F4901A87A
:10B510000CF0B8FA29490446174816F0C8F80A2270
:10B520002146154816F038F92346254A11481521B9
:10B530001BF05AF901A8FFF73BFE04206BE7013529
:10B54000EDB2FFF765FE042D7FF434AF002EC9DCA9
:10B5500098E723461B4A074815211BF045F901A827
:10B56000FFF726FE032056E7204654E7402A002036
:10B57000E3A10200D506002010300020F8A102004F
:10B58000F8290020FEA102000BA202004CAB020031
:10B5900010A202001CA2020067A3020029A202005E
:10B5A00039A20200FBAA020045A2020059A2020031
:10B5B00066A202007BA2020085A20200A0A20200F5
:10B5C000ADA2020092A20200E09304002DE9F04F28
:10B5D0007E4B7F4F7F4E804842F210724FF0000B3F
:10B5E0009DB09A6087F800B086F800B009F0B2FA12
:10B5F0000328044640F0E78010A80AF05BFA774879
:10B6000008F0ACF940F2BB12754910A80AF0AEFA86
:10B6100058B91422734930461BF0DAF910A80AF021
:10B620005BFA20461DB0BDE8F08F6F4910A816F0F8
:10B630003EF86E4910A816F03AF86D4910A816F0B9
:10B6400036F8674910A816F032F86A4910A816F0C3
:10B650002EF817F03DF9D84603905C465E46D94671
:10B660005D4617F035F9039BC01A42F20F739842FA
:10B67000AA4618D8594808F071F910A80AF06CFBCE
:10B6800000283BD1BBF1000F08D1052017F0DCF8F2
:10B69000E7E7CB462646E4E7A346E2E710A80AF030
:10B6A0003BFD0028F1D110A80AF0FAFC1CAB5A1996
:10B6B000002102F8501C07F80810BBF1000F5BD105
:10B6C00014224D4943481BF083F94C494C4815F06E
:10B6D000EEFF08A94A4816F009F84A49484815F00B
:10B6E000E6FF3B49464816F001F83A4B93F9003023
:10B6F000002B5FD000233B7003248FE710A80AF0D3
:10B7000058F90028ADDB43B214BBB9F1000F0FD1DB
:10B710000A2B1AD00D2B0FD01E2D05D81CAA92442F
:10B720000135EDB20AF8503C00244FF0010BB1E7AF
:10B730000D2B01D00A2BACD10136F6B2032E94BFEB
:10B74000002401244FF0010B8BE74FF00109F3E7D0
:10B75000B8F10E0FA0D80A38C0B2162804D82A4A69
:10B7600022FA00F0C20797D408F1010207F8083066
:10B77000A3465FFA82F874E7244908A81BF03DF954
:10B7800058B90A2D08AA34BF002309231344204ABC
:10B79000104815211BF028F897E707AB009305AA7E
:10B7A00006AB1C490A481BF073F803288DD0084BE0
:10B7B000194AEDE719490648FFF758FD0028CCBFA4
:10B7C000002401242AE702242BE700BF402A00209E
:10B7D000EA060020C0060020D82A0020F829002010
:10B7E000A3AB0200BAA20200CDA202005CAB020031
:10B7F000D2A20200E4A2020019A302003DA30200AB
:10B800001030002050A302000900400025A30200D0
:10B810002AA3020053AB020032A3020061A302007C
:10B820000069013018BF0120704708B503685B6CE0
:10B83000984780F00100C0B208BD13B502AB0268A2
:10B8400003F8011D546819460122A04702B010BD3B
:10B8500007B5036801225B6A0DF1070198470128CB
:10B860000CBF9DF807004FF0FF3003B05DF804FBFC
:10B870007FB503680446164601A81D6A15F0EEFD63
:10B88000324601992046A847044601A815F0E0FF7A
:10B89000204604B070BDFFFF08B541F24B32064BA5
:10B8A000985C40B141F24C32985620B106F034FF1A
:10B8B00080F00100C0B208BD300A00202DE9F84335
:10B8C000074688469146FFF7E7FF80B1144A154EB8
:10B8D0001378082B0DD1144C22781AB91349144847
:10B8E00015F004FF01232370124B33600020BDE8E4
:10B8F000F8831149DFF848C00C781C4404F00704B1
:10B900000C256C430CEB0401013313700B4B4CF80A
:10B910000470C1F8048081F808903360E7E700BF45
:10B9200030070020200000207C070020E5AF020047
:10B930001030002003B00200E80700200EB0020023
:10B9400088070020054A41F22833D05C20B100224C
:10B9500003490448FFF7B2BF704700BF300A002018
:10B960002BAE020053AE0200014B1868704700BFB7
:10B97000200000204FF0FF330361836933B10022C0
:10B98000C3F80024C3F80424C3F808247047FFFF59
:10B9900010B5034C20460AF08DF8024B236010BD11
:10B9A00000070020C8AB02000248034B03600AF006
:10B9B00093B800BF00070020C8AB020038B50446AA
:10B9C00006F08EFD58B116F083FF054620460AF0BA
:10B9D00067FB28460449BDE8384006F09BBD204679
:10B9E000FFF7C8FF38BD00BFADA1020070B5064625
:10B9F0001048114DFFF7E2FF104B114900241C7055
:10BA0000104B28461E6015F052FE3146284615F0B0
:10BA10006DFE0D4A1378013303F0070313700B4AD0
:10BA20001378013B13700A4B1C7016F051FF094B41
:10BA3000186070BD0007002010300020850700202E
:10BA4000B0AE020020000020E807002030070020F0
:10BA50007C070020FC06002010B50E4C2378C3B1F3
:10BA60000D48FFF7ABFF0D490A78002323703AB168
:10BA70000B480378013303F00703013A03700A709F
:10BA8000084B094A09490A481A60BDE8104015F0F8
:10BA90002DBE10BD850700200007002030070020C4
:10BAA000E80700202000002060AE020077AE020010
:10BAB00010300020F8B50369002B04460D461746E8
:10BAC00002DB03689B6A984706F00AFD28B9204606
:10BAD000FFF750FF00252846F8BD16F0F9FE29466D
:10BAE00006463A4620460AF041F8054905463046E2
:10BAF00006F010FD06F0F4FC0028ECD1E7E700BFEB
:10BB0000C7A10200F8B505460C46174606F0E8FC4A
:10BB100028B92846FFF72EFF00242046F8BD16F06E
:10BB2000D7FE214606463A4628460AF0D5F805498A
:10BB30000446304606F0EEFC06F0D2FC0028ECD1BC
:10BB4000E7E700BFC7A1020070B5054606F0C8FCD4
:10BB500028B92846FFF70EFF0024204670BD16F0D6
:10BB6000B7FE064628460AF0F7F80549044630466F
:10BB700006F0D0FC06F0B4FC0028EED1E9E700BFE7
:10BB8000C7A10200F8B505460C46174606F0A8FC0A
:10BB900028B92846FFF7EEFE00242046F8BD16F02F
:10BBA00097FE214606463A4628460AF0CDF9054951
:10BBB0000446304606F0AEFC06F092FC0028ECD1BC
:10BBC000E7E700BFC7A10200F0B5574A41F22833AA
:10BBD000ADF5057DD35C53B306F06EFC054630B37E
:10BBE000524C16F075FE237826461BBB504B1B7833
:10BBF000EBB1504B1A7832B14F4A1268801A41F2B9
:10BC00008732904213D901244C481C704FF4FA63D8
:10BC1000436140F2BB124A49FFF74CFF18B949484B
:10BC2000FFF7E4FE03E0484B484A34701A600DF514
:10BC3000057DF0BD012B32D1454B464A1978464D62
:10BC40000C234B43D618D758327A444B7068002ADD
:10BC500018BF1D461AF0A2FE7368414ACDE90203DF
:10BC6000CDE900753F4B4FF4007104A81AF0BCFDFC
:10BC7000B0F5007F054610D2024604A92F48FFF711
:10BC800041FF854209D116F023FE374B1860374B30
:10BC900000221A7002232370C9E73548C0E7324BEF
:10BCA0001B68C01AB0F5FA5F01D33248B8E72348E1
:10BCB000FFF74AFF021EBADD402A04AFA8BF4022A8
:10BCC00039461E48FFF75EFF284BDFF8ACC01A78F4
:10BCD00000210C46844223DA3E570A2E0FD101B1CF
:10BCE0001A701B78244825490022C2541AF085FE98
:10BCF000234A244B00280CBF1046184690E70D2E0F
:10BD00000CD03E2A03D901B11A701F4888E702F10E
:10BD1000010E0CF8026029465FFA8EF20134D9E771
:10BD2000002984D01A7082E7300A0020850700209D
:10BD3000300700207B070020FC06002000070020C1
:10BD4000F1AE0200F9AE0200200000200BAF0200AD
:10BD5000E807002088070020A5A10200B7AE020076
:10BD600013AF02007C1D002080070020E90700209F
:10BD7000A5AF0200BAAF02003107002025A30200E0
:10BD8000D4AE0200CAAE0200CDAF02002DE9F74FDB
:10BD9000FFF782FD5C4CDFF8D4B1DFF8D4A1DFF807
:10BDA000D491DFF8D4810546002839D141F24B33D4
:10BDB000E35C1BB141F24C33E35683B9534E337805
:10BDC0006BB15348FFF7FAFD524A534953480023D9
:10BDD00013703370524B534A1A6015F087FC94F875
:10BDE00004315E1E72427241022B08BF94F8055165
:10BDF00094F8E03089F8003094F86F318BF8002027
:10BE000008BFC5F340058AF8005023B994F80631FD
:10BE10001C1F6342634188F8003003B0BDE8F08F17
:10BE200094F8042194F86F5194F8E070501E434246
:10BE30004341022A0ABF94F805610026C6F3400672
:10BE400025B994F80651291F4D424D419BF8001029
:10BE5000994210D03448354C35490193012A18BF16
:10BE600001461A46334818BF2046FFF727FD10B198
:10BE7000019B8BF800309AF80030B3420ED02E4B65
:10BE80002E492F48002E18BF19462E4B324618BF98
:10BE90001846FFF713FD08B18AF8006099F80030E2
:10BEA000BB420ED0284B29492948002F18BF1946FC
:10BEB000284B3A4618BF1846FFF700FD08B189F82D
:10BEC000007098F80030AB420ED0234B2349244831
:10BED000002D18BF1946234B2A4618BF1846FFF7F6
:10BEE000EDFC08B188F800501F4C16F0F1FC2368F7
:10BEF000C01A632891D916F0EBFC206003B0BDE8AE
:10BF0000F04FFFF761BE00BF300A0020300700206D
:10BF10000007002085070020EDAD02001030002052
:10BF200020000020D4AD02002EAC020014AC0200B0
:10BF300061AC020047AC0200A1AC0200DEAC020022
:10BF4000C3AC020088AC020013AD02005BAD02007E
:10BF50003DAD0200F7AC02008EAD0200BDAD0200A7
:10BF6000B5AD020077AD020074070020790700200C
:10BF70007A070020840700207807002070B5054666
:10BF800006F0AEFA28B92846FFF7F4FC0024204654
:10BF900070BD16F09DFC064628460AF0BDF805491E
:10BFA0000446304606F0B6FA06F09AFA0028EED1BA
:10BFB000E9E700BFC7A1020070B5054606F090FA98
:10BFC00030B92846FFF7D6FC4FF0FF34204670BD4D
:10BFD00016F07EFC0646284609F0F4FF04490446A4
:10BFE000304606F097FA06F07BFA0028EED1E8E733
:10BFF000C7A1020038B5044606F072FA18B9204607
:10C00000FFF7B8FC38BD16F063FC054620460AF081
:10C0100017F80449284606F07DFA06F061FA002870
:10C02000F0D1ECE7BAA10200074B084AC3F824217B
:10C03000002183F81911C3F82021C3F81C21044BF7
:10C0400083F85410704700BF300A00200000C07F02
:10C05000640900201FB58DF80F1040B10021CDE913
:10C06000003113460DF10F0101220CF042F805B02A
:10C070005DF804FB1FB500238DF80C108DF80D2022
:10C08000CDE900330222012303A90BF0C3FF05B061
:10C090005DF804FB036837B5044653B92449102002
:10C0A00018F068FD054618B1224A76210BF084FF8E
:10C0B00025602568052384F8543035B91E491F488A
:10C0C00015F014FB284603B030BD94F8551049B95B
:10C0D00028460BF08FFF054608B91949EFE7012301
:10C0E00084F8553002AA002302F8013DD021012333
:10C0F0002068FFF7AFFFA8B19DF80730602B11D182
:10C10000A361B622E0212068FFF7B4FF054608B915
:10C110000C49D4E716F0DCFB0123C4E9160084F8CF
:10C120005430CFE70849054815F0E0FA0025C9E783
:10C13000D1D40300342100208CB202001030002042
:10C14000B4B20200E0B20200FEB202001FB500234A
:10C1500004468DF80330CDE9013303930DF103025A
:10C160000123D0210068FFF775FF00286CD09DF8EF
:10C170000330602B68D104230DEB0302F221206809
:10C18000FFF768FF00285FD094F850209DF8043036
:10C19000B3EB521F58D19DF80530DB0754D494F807
:10C1A0004C209DF80610C2F3C20302F007009B006A
:10C1B00043EA401343EA9213994245D194F8482048
:10C1C0009DF80710C2F3C20302F007009B0043EA88
:10C1D000401343EAD213994236D108230DEB0302F0
:10C1E000F7212068FFF736FF70B39DF809309DF8FE
:10C1F00008201B0143EA02339DF80A2043EA121388
:10C2000023F4002202B3124A93421DD09DF80C3051
:10C210009DF80B201B0143EA02339DF80D2043EAF1
:10C22000121323F400227AB1094A93420CD09DF8EC
:10C230000E209DF80F3043EA0223B3F5004F03D0E0
:10C240004FF6FF72934200D1002004B010BD00BF32
:10C25000FFFF0F0070B58AB004461A2303AA882195
:10C260000068FFF7F7FE002800F08C80072301AA82
:10C27000E1212068FFF7EEFE002800F083809DF8A2
:10C280000D209DF80C309DF80F109DF8155043EAD5
:10C2900002239DF80E20A38442EA0122E2849DF845
:10C2A00011109DF8102042EA012222859DF81210FB
:10C2B0009DF8132041EA02219DF81420618542EA8D
:10C2C0000522A2859DF817509DF8162042EA052206
:10C2D000E2859DF819509DF8182042EA0522228631
:10C2E0009DF81B509DF81A2042EA052262869DF8AF
:10C2F0001D509DF81C2042EA0522A2869DF81F5081
:10C300009DF81E2042EA0522E2869DF821509DF804
:10C31000202042EA052222879DF823509DF8222002
:10C320009DF9076042EA052262879DF825209DF865
:10C33000055084F83C209DF8042042EA0522E2875B
:10C340009DF8062084F840209DF8082002F00F0593
:10C3500005EB0615A4F842509DF90950121102EBA5
:10C360000512A4F84420013B9DF80A2084F84620D9
:10C370009BB24FF6FD72934204D819B14FF6FF738A
:10C38000994200D100200AB070BDFFFF73B504468A
:10C3900016F09EFA054694F85400012806D1A36DC4
:10C3A000EB1A092B71D9022384F8543094F8540005
:10C3B00002286ED1E36DEB1A092B66D9E5650123DE
:10C3C0000DF10702F3212068FFF744FE28B93A492E
:10C3D0003A4815F08BF9052055E09DF8076016F0F6
:10C3E000010605D0A36DED1AF92D61D93449EFE7A7
:10C3F0002046FFF72FFF002849D0ED2384F84C306A
:10C4000094F850302068052262F3471384F85030C6
:10C4100094F8483066F3020366F3C50366F3C71366
:10C4200084F848303246F421FFF724FE78B394F8BC
:10C43000502020685209F221FFF71CFE38B394F80F
:10C4400048202068C2F3C20302F007019B0043EAC0
:10C45000411343EAD212F521FFF70CFEB8B194F86C
:10C460004C202068C2F3C20302F007019B0043EA9C
:10C47000411343EA9212F421FFF7FCFD38B116F0A4
:10C4800027FAA065032084F8540002B070BD0D495E
:10C490009EE703280CD1A36DED1A952D08D92046EF
:10C4A000FFF754FE08B9084992E7042384F8543092
:10C4B00094F85400E9E700BFDAB102001030002020
:10C4C00001B202001FB2020051B202002DE9F04198
:10C4D00016F0FEF9254ADFF8AC801368C31AF92B71
:10C4E000044605D8D8E9006747EC106BBDE8F08139
:10C4F00010601F481F4D0CF0DBFF57EC106B10EE67
:10C50000102A3B4610EE100A394618F0D1FF50B100
:10C51000D8E9006732463B463046394618F0C8FF36
:10C52000C8B100241FE0012385F8CC300022124B53
:10C53000C5F8D0403046394618F020FD00220F4B98
:10C5400018F046FE00220E4B18F062FB06460F461E
:10C55000C8E90067C8E7D5F8D030E41AB4F57A7FA7
:10C560008CBF0024012485F8CC40BDE75C09002085
:10C57000D8090020300A00200000224000001440AA
:10C5800000004040280000202DE9F04F6F4CDFF8FC
:10C59000DC812678C5B0002504F14C07EBB29E4241
:10C5A00012D9082D10D0E80004AB08EB00010822D6
:10C5B000184419F074FB280124AB391810221844D0
:10C5C00019F06DFB0135E9E7614B01931A786AB9FF
:10C5D00094F84410B14209D204AB082203EBC10124
:10C5E0005C4819F05CFB019A012313705A48DFF88C
:10C5F0006891DFF880A1DFF868B1002525700CF0A4
:10C60000CFFB16F065F911278046012202A94846A2
:10C610000CF0DBFBB0B3013F17F0FF070AD14E4827
:10C6200026700CF0BDFB4D494D4815F05FF845B044
:10C63000BDE8F08F16F04CF9A0EB0800F928EED811
:10C64000072102A80CF03AFC9DF80F30834204D079
:10C650005146584615F04AF8D7E7072D09D8082261
:10C6600014AB03EBC5000DEB020119F018FB01350B
:10C67000EDB216F02DF9A0EB0800F928C5D9267007
:10C680003849D1E7DFF8E4B0DFF8EC900746FBB2B9
:10C690009D422ED9F80014AB03EB00080822414656
:10C6A000584419F0FCFA4FF0000A5FFA8AF29642F9
:10C6B00015D904AB082203EBCA01404619F0E0FA91
:10C6C0000AF1010248B924AB102203EB0A1109EB6D
:10C6D000071019F0E4FA0137D9E79246E5E7002E92
:10C6E000F9D07B1C204A102109EB07101AF07CF8C6
:10C6F000F1E7019B25701B78ABB10823DFF86C8054
:10C70000DFF8509084F844300026F7B2BD420AD9D1
:10C7100008EBC6000822494619F0B2FA0136002893
:10C72000F3D184F84470114F114E002123784D1C31
:10C73000C9B28B427FF67BAF07EBC1010023092210
:10C7400030460CF03DFD2946F0E700BF300A0020DE
:10C750006009002054090020C409002082B00200B2
:10C7600010300020EDB0020030920200F0090020ED
:10C770002C090020C1B002007C0A0020FFF704BF92
:10C780002DE9F043294C2DED028B237883B0002B4B
:10C7900047D02749DFF8B080DFF894909FED258AD5
:10C7A00068460CF0A6FD16F093F80026074623789D
:10C7B000F5B2AB4235D9002208EBC50148460CF072
:10C7C00033FEB4EEC80AF1EE10FA28DDDFED1A7A76
:10C7D000B4EEE70AF1EE10FA21D5F2EE027A20EE7D
:10C7E000270AB1EE047AC0EE077A04EB850304EB66
:10C7F00085056F629FED117A77EE877A93ED017A66
:10C80000B4EE477AF1EE10FA7FBFDFED0D6A67EE06
:10C81000A67ADFED0C6AE7EE267AC3ED017A0136DF
:10C82000C5E703B0BDEC028BBDE8F083300A002001
:10C830002C09002000005CC20000FA420000004207
:10C84000CDCC4C3ECDCC4C3FF009002010B52DEDA9
:10C85000048BFAF793F868B9444B93F819311BB17C
:10C860004349444814F042FFBDEC048BBDE810403E
:10C87000FFF7DABB404C94F85430042B0DD120461E
:10C88000FFF764FC60B93D493A4814F02FFFFFF709
:10C89000CBFB16F01DF83A4B1860BDEC048B10BDB5
:10C8A00020460BF0CFF92046B0EE408A0BF02AFB71
:10C8B0002046F0EE408A0BF005FAB4EE488AF1EE1D
:10C8C00010FAB0EE409A01D72E49DDE7DFED2E7A5F
:10C8D000B4EEE78AF1EE10FAF6DBDFED2C7AB4EE77
:10C8E000E78AF1EE10FAEFD8B4EE400AF1EE10FA52
:10C8F000EAD6DFED277AB4EEE70AF1EE10FAE3DBD1
:10C90000DFED247AB4EEE70AF1EE10FADCD8F4EEAB
:10C91000688AF1EE10FAD7D6F5EEC08AF1EE10FA79
:10C92000D2DBDFED1D9AF4EEE98AF1EE10FACBD8F6
:10C930001148FFF70BFC0028C6D0F2EE027A28EE71
:10C94000278AB1EE047AC8EE077A084B012283F8F1
:10C9500019219FED127AC3ED488A77EE877AC3EDED
:10C96000477AC9EE297AC3ED497A96E7300A002062
:10C9700026B1020010300020640900205CB10200E2
:10C9800050090020A1B10200000020C20000AA420C
:10C990000060EA4600D8D6470000C84200000042C6
:10C9A00038B5F9F7EBFF2E4D2E4CA0B9F9F7ECFF97
:10C9B0002D4B286093F8193113B32C492C4814F0EF
:10C9C00095FEFFF731FB002384F8543015F080FF0B
:10C9D000284B186019E0F9F7D7FF2B689842E5D18A
:10C9E00094F854305A1E022A1DD81E48FFF7CEFC78
:10C9F00004280FD120491E48BDE8384014F076BE07
:10CA000094F85430013B022BD7D9F9F7B7FF00282F
:10CA1000E6D138BD0528FCD1FFF706FB15F058FF1D
:10CA2000144B1860F5E7042BF3D00F4B93F8193132
:10CA3000002BEED10F4C15F04BFF2368C01A47F2C4
:10CA40002F539842E5D915F043FF20600548FFF7C2
:10CA500021FB0028DDD1BDE83840FFF7E5BA00BF73
:10CA60004C09002064090020300A00201AB002009E
:10CA700010300020500900204DB0020010B5FFF723
:10CA8000D3FAF9F781FF0C4B186015F021FF0B4B1F
:10CA90001860F9F773FF044618B10948FFF7FAFA6E
:10CAA000044608480CF04EFB002106480CF0F2FB4F
:10CAB000FFF76AFD204610BD4C09002050090020F8
:10CAC000640900202C09002010B50E4C08212046D6
:10CAD0000CF06CF921460C4C0C480CF021FA204665
:10CAE0000BF036F8002384F8543084F85530C4E94C
:10CAF000163307220C230D210548BDE810400CF029
:10CB00009BBC00BFC4090020640900202C09002040
:10CB1000D809002008B504480BF016FB0348BDE80F
:10CB200008400BF01DB800BFD809002064090020A0
:10CB300003289ABF024B53F820000020704700BF23
:10CB400078B3020003289ABF024B53F8200000205C
:10CB5000704700BF28B3020003289ABF024B53F866
:10CB600020000020704700BF38B3020003289ABF9E
:10CB7000024B53F820000020704700BF48B302006A
:10CB800003289ABF024B53F820000020704700BFD3
:10CB900058B3020003289ABF024B53F8200000202C
:10CBA000704700BF68B302002DE9F047924C934EE6
:10CBB000DFF864A2A046002308F8043B012704F133
:10CBC0003C0948F8046BE3190025C8F81C5009EB30
:10CBD000071083F8435052463B461021013719F0A5
:10CBE00003FE092FEDD15A20C4F800018448C4F88F
:10CBF00014010A233C210120C4E9393184F81801C9
:10CC000014234B204FF4E172C4F8EC30A4F82A014D
:10CC1000A4F82E312D200523C4F8DC20A4F82C0123
:10CC200084F8CC50C4F8D050C4F8D460C4F8D860AC
:10CC300084F8E05084F8F050C4F8F45084F8F850C8
:10CC4000C4F8FC5084F8045184F8055184F8065166
:10CC500084F80751C4F8085184F80C51C4F81051F5
:10CC600084F81951C4F81C61C4F82061C4F8246127
:10CC700084F82851A4F83051A4F83231A4F83431A2
:10CC8000A4F83631A4F8383140F2DB13A4F83C3173
:10CC90004FF4FA73A4F83E3140F20D23A4F840316A
:10CCA000AA23A4F84231AF23A4F84431B423A4F852
:10CCB0004631B923A4F848319623A4F84A319B237E
:10CCC000A4F84C31A023A4F84E31A523A4F8503188
:10CCD00043F22823A4F8523144F23C63A4F85431BF
:10CCE000FF2384F85C31474BC4F868311E23A4F855
:10CCF0003A21A4F86421C4F87831434A434BC4F87C
:10CD00007C3184F8565184F85751C4F85851C4F80E
:10CD1000605184F86611A4F86C5184F86E5184F85F
:10CD20006F5184F87051C4F874512B46C4F8805187
:10CD30004FF6FF7084F8845142F8043F61190235C0
:10CD4000182D13631366A1F81802F5D1002230499B
:10CD500084F83032C4F83432C4F838324FF6FF75F4
:10CD60001346A0180432B2F5346F21F8025FC0F800
:10CD7000DC37F6D141F2243141F21C32635041F2EA
:10CD80003031A350635041F22C31224A635041F2BA
:10CD9000383142F8203B635041F234311370635014
:10CDA00041F23D3141F24232635441F23E31A352ED
:10CDB000635441F23F3141F2443263541E21A15287
:10CDC00041F2463240F21761A15241F248324FF629
:10CDD0009861A15241F24A32A35441F24B32A3541A
:10CDE00041F24C32A35441F22832A35441F23C3375
:10CDF0000122E254BDE8F087300A00200000C07F25
:10CE00009600AA00AA009600B40B00207800B40097
:10CE10006A0C0020501D00203092020030B5224BD9
:10CE20001A6822B1821A4EF65F218A4237D91F4A08
:10CE300018601178A1B392F84430994230D902EBCE
:10CE40008303D3ED017AF4EE677AF1EE10FA27D678
:10CE5000B6EE007A77EE877AFDEEE77A17EE903A33
:10CE60001BB241F21E34115B02EB4105A5F83C32C6
:10CE700002EB81034EF660250131B0FBF5F0C3F8FB
:10CE8000DC074FF4347091FBF0F300FB13111153E6
:10CE900041F21C31535A83423CBF0133535230BDDF
:10CEA0004FF0FF33DDE700BF501D0020300A0020A7
:10CEB00070476FF00200704710B50B490B4814F033
:10CEC00015FC0B4B00241C7015F002FD094B18607B
:10CED000094B1C705C709C70DC70084B1C70BDE8CA
:10CEE0001040F9F73FBD00BF47C1020010300020DD
:10CEF000581E0020BC1D0020A91D0020B01D0020D0
:10CF00002DE9F041344C23681BB900252846BDE8C3
:10CF1000F081F9F733FD05460028F6D02F4F15F0C4
:10CF2000D7FC3B78064613BB2D4B1B78BBB92C4B6B
:10CF30002C4A20684FF0010883F800802A4B1E60BD
:10CF40000023137053709370D370284A1421137008
:10CF500004220CF049FB48B3FFF7AEFFD5E7224BA4
:10CF60001B6841F28732C31A9342E0D8CDE7F9F744
:10CF70000BFD1F4B1B689842D9D11E4A1368F31A48
:10CF8000B3F57A7FC2D3194B1B78002BBED0206833
:10CF900016600CF090FB0028DEDB0306DCD4164B99
:10CFA0001B7800F07F009842D6D1AFE72068036875
:10CFB000FF21DB6998470028CED187F80080F9F778
:10CFC000E3FC0B4B186015F083FC0A4B0B4918600F
:10CFD0000B4814F08BFBD0E7001E0020581E0020E9
:10CFE000A81D0020A91D0020BC1D0020B01D002090
:10CFF000B81D0020B41D0020E41D0020B9C00200AF
:10D00000103000202DE9F0418AB007460E46154643
:10D010001C46FFF775FF20B3CDE90254244DCDE93E
:10D020000076244E0024A8461422202104A818F0DB
:10D030005AFE00225DF824108DF824208B5613B17F
:10D040000132142AFAD104A818F029FE2B5D5BB92D
:10D05000194FE2B2002138680CF09DFA88B1FFF751
:10D060002BFF0AB0BDE8F0811521142201FB0461F9
:10D0700004A818F005FE0028EAD10134042CD3D10D
:10D08000EFE704A9386814F012FB1428E7D1152241
:10D0900004A902FB046018F002FE084A115D084A68
:10D0A0001170084A012308F804301370E5E700BF47
:10D0B000A91D0020041E0020001E0020A0C10200A7
:10D0C000E41D0020B01D00207FB50346064A15214F
:10D0D000684619F089FB054B054906486A46FFF783
:10D0E00091FF07B05DF804FBE5C00200F7C0020045
:10D0F0000BC102001FC102002DE9F0436B4B93F8F6
:10D100006F219BB006461C4662B193F80631042B92
:10D1100008D1674B674A68496848FFF773FF1BB03F
:10D12000BDE8F083227894F844309A4298BF0023F7
:10D1300004EB8303586817F0C9FE614B002217F017
:10D1400067FD18F0CBF994F8043105460BB303469C
:10D150005C4A152114A819F047FB94F80431022BFE
:10D1600012D194F80531012B0AD0022B0AD056496E
:10D17000564A032B08BF1146554B564A5648CCE732
:10D180005649F9E75649F7E7514B524A554814A911
:10D19000C3E794F8E03023B1534B544A54495548FF
:10D1A000BBE7B4F916310093D4F8DC30524A1521AC
:10D1B00002A819F019FBD4F8D40017F087FE024634
:10D1C0000B468046894618F073F9B4F91471C8B15A
:10D1D0003B464A4A152108A819F006FB94F8063187
:10D1E0000BB1002E1EDC2B46454A15210EA819F066
:10D1F000FBFA94F80631042B56D8DFE803F01B4DF8
:10D200004F51530000222E4B4046494617F000FD77
:10D2100018F064F9009703463A4A152108A819F056
:10D22000E3FADBE700953346374A15210EA819F0DB
:10D23000DBFADEE7354A152114A819F0D5FA94F87F
:10D240006E3123BB94F870310BB3D4F87831002BD6
:10D250001DDD15F03DFBD4F87411D4F878214EF69D
:10D260006023401A5A43121A3C2422EAE2704FF417
:10D270007A72B0FBF2F2B2FBF4F104FB11220092DD
:10D28000B0FBF3F3224A152114A819F0ADFA14AB40
:10D290000EAA08A902A840E71E4ACCE71E4ACAE720
:10D2A0001E4AC8E71E4AC6E71E4AC4E7300A0020E5
:10D2B000D2BE0200E7BE0200FCBE020011BF0200A7
:10D2C0000000E03F26BF0200A8BE0200BDBE020073
:10D2D00037BF02004BBF02005FBF02007EBE0200EC
:10D2E00093BE020073BF020087BF02009CBF020012
:10D2F000B1BF0200C6BF0200DBBF0200F1BF0200E7
:10D300001DC0020007C0020033C002004AC0020074
:10D31000A4C0020059C0020068C0020077C0020029
:10D3200086C0020095C002000368C9B21B68184796
:10D330002DE9F0414D4D4E4C2B78BFF35B8F13F030
:10D34000010FA2B020D1284617F036FCE0B12046EC
:10D350000CF0E6F8474B2360012384F8253027239F
:10D3600084F8243040F20123E38441F2040323854E
:10D3700044F2200363854FF40863A38540F601035C
:10D38000E385284617F024FC3B4B1C60FFF7B8FDF3
:10D39000002860D0394A0025AB1893F82131203B92
:10D3A0005E2B02D80135142DF6D11422202101A8BC
:10D3B00018F099FC01ABC5F114002A463049DFF89A
:10D3C000CC80304F304E03EB500000248DF81840D5
:10D3D00018F065FC2D4B2C481A461946FFF712FE33
:10D3E0004FF4967015F030FA284B264926481A4615
:10D3F000FFF708FE0DAD4FF4967015F025FA542294
:10D400002349284618F04BFC55F82420434639465A
:10D410003046FFF7F7FD0134462015F015FA152CBC
:10D42000F2D11C4B1C4A17491748FFF7EBFD4FF48C
:10D43000487015F009FA194B194A214607A819F046
:10D44000D3F91848184A07AB01A9FFF7DBFD4FF4E1
:10D450002F7015F0F9F9154B00221A70144A41F299
:10D460003C330121D15422B0BDE8F081A41D00203D
:10D470005C1E002090B30200001E0020EA0700207E
:10D480000B0900201CBE020007BE0200A5A102007D
:10D49000B4B3020031BE0200A4C1020061A30200C5
:10D4A00046BE020069BE020054BE0200C404002051
:10D4B000300A00207FB50146D8B1B64A41F23C336C
:10D4C0000120D05492F86F311546A3B12A2912D108
:10D4D000002382F86E3182F86F3182F87031C2F821
:10D4E000743182F8F830C2F8FC3082F80631AA4A6A
:10D4F000137004B070BD95F8E0407CB12A29F8D1D2
:10D50000F7F7F8FA95F8053123F0010385F80531AE
:10D51000A14B002285F8E0201A70EAE795F8043163
:10D5200063B12A29E5D1F7F7E5FA9B4B85F8044169
:10D5300085F8054185F806411C70DAE7964C23789A
:10D54000292BD6D8DFE813F02A003A00DA0092003F
:10D55000010136015A01A501C701EC0113027F0147
:10D5600074003A027702AC02E40209039402110348
:10D57000220366038E03C80344046D049204B304BB
:10D58000C704E3040405260532055C058005B805DB
:10D59000C10556065F06690614064B064139032984
:10D5A000A7D8DFE801F04B0205080D232370A0E7A0
:10D5B000132323709DE7212323709AE72339112930
:10D5C00097D801A353F821F077DB0000F3D40000D3
:10D5D000F3D40000F3D40000F3D40000F3D400002F
:10D5E000F3D4000077DB0000F3D40000F3D4000094
:10D5F000F3D40000F3D40000F3D40000F3D400000F
:10D6000011D600001FD6000025D600002BD6000042
:10D610006249634814F0B8F90223237069E70323D1
:10D62000237066E70C23237063E70723237060E70A
:10D630002A2903D005DC23297FF45BAF0123237063
:10D6400057E731290AD032297FF453AF002085F8FB
:10D65000F000F7F79BFF012323704AE701263046CD
:10D6600085F8F060F7F792FF267042E72339112919
:10D670003FF63FAF01A353F821F000BF3DD60000B5
:10D68000F3D40000F3D40000F3D40000F3D400007E
:10D69000F3D40000F3D400003DD60000F3D4000022
:10D6A000F3D40000F3D40000F3D40000F3D400005E
:10D6B000F3D40000C5D60000D3D60000E1D60000A8
:10D6C000EFD600003549374814F05EF90423237083
:10D6D0000FE73249344814F057F90523237008E75F
:10D6E0002E49324814F050F90623237001E72B49E4
:10D6F0002F4814F049F90B232370FAE6A1F1300307
:10D70000DBB2092B03D8264814F07BF9F1E6232974
:10D7100017D1234883686BB114F0B7FAB0F5617F75
:10D72000A8BF4FF46170C828B8BFC820C5F8DC0096
:10D73000F7F718FF19491A4814F026F90123237046
:10D74000D7E62A297FF4D5AEF4E7A1F13003DBB2A6
:10D75000092B03D8134814F054F9CAE6232914D12D
:10D760001048836853B114F090FA6428A8BF64206D
:10D7700020EAE070C5F8E400F7F700FF0749094820
:10D7800014F002F903232370B3E62A297FF4B1AE23
:10D79000F4E700BF300A0020C4040020A5A1020065
:10D7A000A004002040040020340400204C04002089
:10D7B00028040020A1F13003DBB2092B03D8BD48B7
:10D7C00014F01FF995E6232914D1BA48836853B1A0
:10D7D00014F05BFA6428A8BF642020EAE070C5F862
:10D7E000E800F7F7CFFEB449B24814F0CDF80323B0
:10D7F00023707EE62A297FF47CAEF4E7A1F13003A2
:10D80000DBB2092B03D8AD4814F0FBF871E62329ED
:10D8100015D1AA4883685BB114F037FA6428A8BF11
:10D8200064200128B8BF0120C5F8EC00F7F7A2FE7C
:10D83000A149A24814F0A8F80323237059E62A2925
:10D840007FF457AEF4E7A1F13003DBB2092B03D824
:10D850009B4814F0D6F84CE6232916D198488368E3
:10D8600063B114F012FAB0F5167FA8BF4FF416702A
:10D8700020EAE070C5F80001F7F778FE8E4990487D
:10D8800014F082F80323237033E62A297FF431AEA3
:10D89000F4E7312911D004DC23293FF4CFAE2A2943
:10D8A000CAE6322910D033297FF423AE8249854855
:10D8B00014F06AF80A2323701BE67F49824814F0AB
:10D8C00063F80823237014E67B49804814F05CF861
:10D8D000092323700DE6A1F13003DBB2092B03D835
:10D8E000794814F08EF804E6232915D17648836828
:10D8F0005BB114F0CAF97828A8BF78200128B8BF16
:10D900000120C5F87801F7F778FE6B496E4814F0EE
:10D910003BF807232370ECE52A297FF4EAADF4E70E
:10D92000A1F13003DBB2092B03D8684814F069F881
:10D93000DFE5232917D1654883686BB114F0A5F999
:10D94000B0F5FA7FA8BF4FF4FA703228B8BF322082
:10D95000A5F87C01F7F755FE57495C4814F014F818
:10D9600007232370C5E52A297FF4C3ADF4E7A1F1AD
:10D970003003DBB2092B03D8524814F042F8B8E563
:10D98000232917D14F4883686BB114F07EF9B0F5A5
:10D99000FA7FA8BF4FF4FA703228B8BF3220A5F83A
:10D9A0007E01F7F732FE4449464813F0EDFF0723A6
:10D9B00023709EE52A297FF49CADF4E723391129D1
:10D9C0003FF697AD01A353F821F000BF77DB0000CD
:10D9D000F3D40000F3D40000F3D40000F3D400002B
:10D9E000F3D40000F3D4000077DB0000F3D4000090
:10D9F000F3D40000F3D40000F3D40000F3D400000B
:10DA0000F3D400007FDA000015DA000023DA00000A
:10DA100031DA000028492E4813F0B6FF0F23237097
:10DA200067E525492B4813F0AFFF1023237060E50D
:10DA3000112323705DE52A2903D005DC23297FF417
:10DA400058AD0D23237054E531290ED032297FF4CF
:10DA500050AD0126304685F81861F7F723FF0E23F5
:10DA6000237041F23C33EE5443E51223237040E52A
:10DA7000412907D0422902D02A297FF43AAD0E234A
:10DA8000237036E5002085F81801F7F70BFFF7F74C
:10DA9000A3F80E23237041F23C330122EA5428E517
:10DAA000A1F13003DBB2092B16D8094813F0A9FF06
:10DAB0001FE500BF34040020A5A102004C04002093
:10DAC000280400209404002058040020880400202A
:10DAD000C01D0020CC1D0020232915D1B248836829
:10DAE0005BB114F0D2F8C828A8BFC8203C28B8BF42
:10DAF0003C20A5F81401F7F7CDFEAC49AA4813F075
:10DB000043FF0D232370F4E42A297FF4F2ACF4E7F9
:10DB1000A1F13003DBB2092B03D8A54813F071FF44
:10DB2000E7E4232915D1A24883685BB114F0ADF86E
:10DB3000D228A8BFD2205028B8BF5020A5F816017F
:10DB4000F7F7ACFE99499A4813F01EFF0D23237096
:10DB5000CFE42A297FF4CDACF4E72A2902D0232987
:10DB60007FF4C7AC0D232370C3E42A2903D005DC5E
:10DB700023297FF4BEAC00232370BAE4312951D0AD
:10DB800032297FF4B6AC1D232370B2E42339112966
:10DB90003FF6AFAC01A353F821F000BF1FDF000038
:10DBA000F3D40000F3D40000F3D40000F3D4000059
:10DBB000F3D40000F3D400001FDF0000F3D4000012
:10DBC000F3D40000F3D40000F3D40000F3D4000039
:10DBD000F3D40000E5DB0000F1DB0000FDDB00001A
:10DBE00009DC0000734B00221A701523237080E4B7
:10DBF000704B01221A70152323707AE46D4B0222B8
:10DC00001A701523237074E46A4B03221A701523CB
:10DC100023706EE4312914D007DC23291FD02A2970
:10DC20007FF467AC1423237063E4322910D03329C6
:10DC30007FF45FAC5D49604813F0A6FE19232370A2
:10DC400057E45A495D4813F09FFE1723237050E4B0
:10DC500056495A4813F098FE1823237049E41623B6
:10DC6000237046E42A390C293FF643AC01A353F84C
:10DC700021F000BFD3DC0000F3D40000F3D4000097
:10DC8000F3D40000F3D40000F3D40000F3D4000078
:10DC9000F3D40000F3D40000F3D40000A9DC0000AA
:10DCA000B7DC0000C5DC00004049444813F06CFEBE
:10DCB0001A2323701DE43D49404813F065FE1B23E1
:10DCC000237016E439493D4813F05EFE1C2323708F
:10DCD0000FE4152323700CE4A1F13003DBB2092B10
:10DCE00003D8364813F08DFE03E4412924D134498A
:10DCF00001A813F0F8FD01A9304813F0EAFE04462C
:10DD000001A813F0A5FD34B1012200212B4813F026
:10DD10005EFFFFF7EEBB2A4901A813F0E4FD274997
:10DD200001A813F093FE0146244813F00EFE01A84B
:10DD300013F08EFDFFF7DDBB232931D11F4EB368F1
:10DD400023B31F49304613F09AFEF8B9304613F05A
:10DD50009CFF95F828210AB317F0A6F80022194B6A
:10DD600017F00CF90022184B17F032FA0022174B6B
:10DD700016F04EFF41EC100B17F018FE05B20D4BDC
:10DD80001878FEF7D5FE0580F7F7C2FC07490B4867
:10DD900013F0FAFD15232370FFF7ABBB05B2EEE7D6
:10DDA0002A29F3D0FFF7A5BBC01D0020A5A10200C2
:10DDB000CC1D0020AF1D0020F41D0020D81D002028
:10DDC000AFD7030000002240000014400000404094
:10DDD000A1F13003DBB2092B83D92329E0D1BF485D
:10DDE0008368002BD2D013F050FF95F82821B2B1F0
:10DDF00017F05AF80022BA4B17F0C0F80022B94BBE
:10DE000017F0E6F941EC100B17F0D0FD05B2B64B58
:10DE10001878FEF797FE0580F7F794FCB6E705B291
:10DE2000F5E7A1F13003DBB2092B04D8AF4813F0BA
:10DE3000E8FDFFF75EBB232914D1AC4883684BB1E2
:10DE400013F023FFA84B05461878FEF785FE0580E2
:10DE5000F7F792FCA649A54813F096FD1523237009
:10DE6000FFF747BB2A297FF444ABF3E7A1F1300366
:10DE7000DBB2092B7FF635AF232914D1974883688D
:10DE80004BB113F002FF984B05461878FEF76EFE73
:10DE90000580F7F78BFC9649904813F075FD162323
:10DEA0002370FFF726BB2A29F5D0FFF722BBA1F18B
:10DEB0003003DBB2092B7FF614AF2329F3D1874857
:10DEC0008368002BE7D013F0E0FE874B05461878F7
:10DED000FEF756FEDCE7A1F13003DBB2092B7FF63B
:10DEE00000AF2329DFD17D488368002BD3D013F006
:10DEF000CCFE7D4B6428A8BF642005461878FEF749
:10DF000049FE25EAE5750570F7F77EFCC3E7312980
:10DF100016D008DC232902D02A297FF4EAAA132389
:10DF20002370FFF7E6BA32290ED033297FF4E1AA35
:10DF30006F49704813F028FD20232370FFF7D9BAEA
:10DF40001E232370FFF7D5BA1F232370FFF7D1BA22
:10DF5000312911D004DC23293FF415AE2A2910E61B
:10DF6000322910D033297FF4C4AA022085F8570142
:10DF7000F7F7ACFBFFF7BDBA002085F85701F7F7BC
:10DF8000A5FBFFF7B6BA012085F85701F7F79EFB0E
:10DF9000FFF7AFBA2329E1D195F8560180F00100CF
:10DFA00085F85601F7F79BFBFFF7A3BAA1F1300301
:10DFB000DBB2092B04D84F4813F023FDFFF799BAC1
:10DFC000232919D14B48836873B113F05EFE63288F
:10DFD000A8BF632020EAE0704FF461634343C0B2FE
:10DFE000C5F85831F7F784FB4149424813F0CCFC9F
:10DFF0001D232370FFF77DBA2A297FF47AAAF3E75D
:10E00000312912D008DC232902D02A297FF471AAF1
:10E0100000232370FFF76DBA322911D033297FF422
:10E0200068AA24232370FFF764BA334B00221A70C6
:10E03000324B95F844201A7022232370FFF759BA07
:10E0400023232370FFF755BA372907DC302914DA68
:10E05000232926D02A293DD0FFF74BBA412917D0D2
:10E0600042297FF446AA254A2978137801338B4246
:10E07000BFF63FAA1370FFF73CBA1F4B3039C9B245
:10E08000197029441D4B91F844201A70FFF731BADA
:10E090001A4A1378002B3FF42CAA013B1370FFF7A8
:10E0A00028BA154B154A1B7812782B4483F8442064
:10E0B000F7F7B0FAFFF71DBA2A2902D023297FF417
:10E0C00018AA21232370FFF714BA312934D017DCA2
:10E0D0002329BFD121232370FFF70BBAD81D0020BD
:10E0E0000000224000001440AF1D0020F41D00205D
:10E0F000A5A10200E81D0020AE1D0020AD1D0020DE
:10E1000032291DD033297FF4F4A94A4B4A4D4B499B
:10E110001A462846FEF776FFFDF758FA012817D071
:10E1200012D30228464A474B1BD01560464A1A6054
:10E1300029232370FFF7DDB925232370FFF7D9B911
:10E1400026232370FFF7D5B928232370FFF7D1B911
:10E150003B4B3E4A1D603B4B1A6029232370FFF75F
:10E16000C8B915603A4A1A6029232370FFF7C1B96C
:10E170002A293FF456AF01DC232950E7412901D079
:10E1800042294CE70020FEF79FFF3248FDF7D8F800
:10E1900002282B4A2B4B0AD0032810D0B8B92E499D
:10E1A00011602E4A1A6029232370FFF7A2B92C4967
:10E1B00011602C4A1A6029232370FFF79AB9284965
:10E1C0001160294A1A6029232370FFF792B9244964
:10E1D0001160264A1A6029232370FFF78AB92A2979
:10E1E00002D023297FF485A9FDF774F82423237036
:10E1F000FFF77FB92A2902D023297FF47AA92423A3
:10E200002370FFF776B92A293FF40BAFB4DD41291B
:10E21000B6D127232370FFF76CB92A293FF401AF49
:10E22000AADD4129ACD104F0AFF924232370FFF714
:10E2300060B900BF06C202002CB4020018B402008C
:10E24000300000203400002033C1020040B402003E
:10E2500054B40200C9D0000068B402007CB40200CB
:10E2600090B40200A4B40200B8B40200CCB402001E
:10E27000F0B501389DB028282AD8DFE810F02E002C
:10E280003500490069007D009100C000C500D9003B
:10E29000ED000101A50015011A0137014B01CD0167
:10E2A000020207020C0211021D0229025B028C020B
:10E2B000A302BA02D102E70251037A038C03A4033A
:10E2C000A903D60336043C0487048D0413052905ED
:10E2D0000846FEF711FF1DB0F0BD984B984A9949CA
:10E2E0009948FEF78FFEF6E7984B994AD3F8DC3051
:10E2F000152110A818F078FA964B974A1B6815213B
:10E3000016A818F071FA954B954816AA10A9E8E7D7
:10E310008E4C944AD4F8E430152104A818F064FA1D
:10E32000D4F8E830904A15210AA818F05DFAD4F81C
:10E33000EC308E4A152110A818F056FA8C4A152197
:10E3400016A818F051FA16AB10AA0AA904A8C8E733
:10E350007E4B884AD3F8E430152110A818F044FA0F
:10E36000854B7D4A1B68152116A818F03DFA7B4B9A
:10E37000824816AA10A9B4E7744B7E4AD3F8E83055
:10E38000152110A818F030FA7D4B734A1B6815212F
:10E3900016A818F029FA714B7A4816AA10A9A0E716
:10E3A0006A4B6B4AD3F8EC30152110A818F01CFA10
:10E3B000754B694A1B68152116A818F015FA674BAA
:10E3C000724816AA10A98CE7604B714C93F8F05074
:10E3D000704B714A012D18BF2346152110A818F063
:10E3E00003FA6E4B6E4A002D18BF2346152116A85E
:10E3F00018F0FAF96B4B6C4816AA10A971E76B4B31
:10E400006B4A6C496C486CE7504B6C4AD3F87831D6
:10E41000152110A818F0E8F9694B4F4A1B6815211F
:10E4200016A818F0E1F94D4B664816AA10A958E74E
:10E43000464B474AB3F97C31152110A818F0D4F99E
:10E44000614B454A1B68152116A818F0CDF9434BBE
:10E450005E4816AA10A944E73C4B3D4AB3F97E3109
:10E46000152110A818F0C0F9594B3B4A1B6815211B
:10E4700016A818F0B9F9394B564816AA10A930E772
:10E48000324B554AD3F80031152110A818F0ACF9D9
:10E49000524B314A1B68152116A818F0A5F92F4BCD
:10E4A0004F4816AA10A91CE74E4B4F4A4F495048F7
:10E4B00017E7264D4F4C95F818214F4B1521002A90
:10E4C00018BF234610A84D4A18F08EF995F8182168
:10E4D000304B1521012A18BF234616A8484A18F0C8
:10E4E00083F9304B474816AA10A9FAE6174B184A89
:10E4F000B3F91431152110A818F076F9424B164AD9
:10E500001B68152116A818F06FF9144B3F4816AA7E
:10E5100010A9E6E60D4B0E4AB3F91631152110A8E5
:10E5200018F062F93A4B0C4A1B68152116A818F02E
:10E530005BF90A4B374816AA10A9D2E601B50200CA
:10E5400015B5020029B502003EB50200300A0020D0
:10E5500052B50200A004002060B5020068B50200B8
:10E560007CB502008FB50200A3B50200B7B502006A
:10E57000CAB50200DDB5020040040020ECB502007F
:10E5800034040020FFB502004C04002012B6020043
:10E5900018C20200F4B4020025B60200F6B402006C
:10E5A00038B602004DB6020061B6020074B6020031
:10E5B00088B602009CB60200B0B60200C3B60200E4
:10E5C00058040020D4B6020088040020E7B60200F8
:10E5D00094040020FAB602000DB7020028040020BF
:10E5E0001EB7020031B7020045B7020059B702005A
:10E5F0006DB70200A5A10200F5B4020081B70200C8
:10E6000091B70200A0B70200C01D0020B3B70200FE
:10E61000CC1D0020C7B702008F4B197893F8442017
:10E62000914298BF002293F80411D9B103EB820301
:10E6300015215C68894A10A818F0D6F8204616F013
:10E6400045FC0022864B16F0E3FA16F047FF854A98
:10E650000346152116A818F0C7F8834B834816AA5D
:10E6600010A93EE6824A152110A818F0BDF8814A8B
:10E67000152116A818F0B8F87F4B804816AA10A9E3
:10E680002FE67F4B7F4A804980482AE67A4B804AB2
:10E690008049814825E6814B814A8249824820E6AB
:10E6A000824B83491B78032B96BF824A824852F8DB
:10E6B0002300824B824A14E67C4B82491B78032B51
:10E6C00096BF7C4A7C4852F823007F4B7F4A08E67D
:10E6D000764B614C1878FEF72BFA94F82821B0F9A4
:10E6E000000072B1203816F0DFFB0022784B16F0E4
:10E6F00045FC0022774B16F06BFD41EC100B17F038
:10E7000055F994F82831744A002B0CBF4623432353
:10E7100000931521034610A818F066F86F4B704A55
:10E720001B68152116A818F05FF86E4B6E4816AAE4
:10E7300010A9D6E55D4B484C1878FEF703FA94F81B
:10E740002821B0F900006AB116F0AEFB0022604B40
:10E7500016F014FC00225F4B16F03AFD41EC100B52
:10E7600017F024F994F828315B4A002B0CBF46239C
:10E77000432300931521034610A818F035F8574B92
:10E78000574A1B68152116A818F02EF8574B584801
:10E7900016AA10A9A5E5454B1878FEF7DDF9554AEC
:10E7A000B0F90030152110A818F01EF8524B4C4A51
:10E7B0001B68152116A818F017F84C4B4F4816AADD
:10E7C00010A98EE5394B1878FEF7D0F9494AB0F90F
:10E7D0000030152110A818F007F8404B404A1B687C
:10E7E000152116A818F000F8404B454816AA10A9A4
:10E7F00077E52E4B1878FEF7C3F93E4AB0F90030A2
:10E80000152110A817F0F0FF344B354A1B6815216D
:10E8100016A817F0E9FF354B3A4816AA10A960E58B
:10E82000224B1878FEF7B6F9374A0378152110A85D
:10E8300017F0DAFF294B2A4A1B68152116A817F092
:10E84000D3FF2A4B314816AA10A94AE5304B314A6A
:10E850003149324845E500BF300A0020DAB70200EE
:10E860000000E03FE9B70200F4B7020008B8020078
:10E870001CB8020026B802004DB6020009B802001A
:10E8800037B802004CB8020061B8020076B8020046
:10E890008BB802009FB80200B3B80200C6B80200ED
:10E8A000DAB80200EEB8020002B90200AF1D002083
:10E8B0003EB9020008B40200E0B4020016B902003A
:10E8C0002AB902007AB9020052B9020066B9020000
:10E8D00000001440000022408EB90200D81D002024
:10E8E00060B502009DB90200B1B9020068B502002E
:10E8F000C4B9020052B50200F41D0020D7B90200CD
:10E90000EAB90200FDB90200DDB5020010BA02004A
:10E9100023BA020037BA02004BBA02005FBA020003
:10E92000A04DA14C95F85721A04BA14E002A18BF2D
:10E93000234615219F4A0AA817F056FF95F857312C
:10E940009D4A012B14BF23463346152110A817F00A
:10E950004BFF95F85731994A022B14BF2346334693
:10E96000152116A817F040FF16AB10AA0AA9944863
:10E97000B7E48C4B934A93F85611934B16A8002991
:10E9800018BF1346914A152117F02EFF904B914A5C
:10E99000914816A9A5E4834B1521D3F8582110A856
:10E9A0004FF46163B2FBF3F38C4A17F01DFF8C4BFD
:10E9B0008C4A1B68152116A817F016FF8A4B8B4846
:10E9C00016AA10A98DE48A4B8A4A8B498B4888E4A1
:10E9D0008B4B1C788B4B1A788B4B152153F82230BC
:10E9E0008A4A0AA817F000FF2346894A152110A871
:10E9F00017F0FAFE6B4B1A78A24210D903EB84038E
:10EA0000586816F063FA834ACDE90001152116A86B
:10EA100017F0EAFE16AB10AA0AA97F4861E47F4A04
:10EA2000152116A817F0E0FEF4E75E4C94F81931B2
:10EA300023B9684B7A4A7B497B4852E494F82831E1
:10EA4000D4ED477A002B37D09FED787A77EEC77AEE
:10EA5000B1EE047A67EE877AB2EE027AC7EE877A71
:10EA600017EE900A16F032FA714ACDE9000115212D
:10EA70000AA817F0B9FE94ED497AF2EE047AC7EECF
:10EA8000277A17EE900A16F021FACDE90001694ABB
:10EA9000152116A817F0A8FED4F8200116F016FAD2
:10EAA000654ACDE90001152110A817F09DFE16ABAF
:10EAB00010AA0AA9614814E417EE900A16F006FAA3
:10EAC0005F4ACDE9000115210AA817F08DFE94EDEB
:10EAD000497ADFED5C7A67EE277A17EE900A16F036
:10EAE000F5F9594ACDE90001D2E7584B584A59493E
:10EAF0005948FFF7F6BB594B1B782BB9354B584A91
:10EB000058495948FFF7EDBB264A41F22833D35CF8
:10EB10001BB9304B554A5649F3E716A803F098FC49
:10EB200003F0AAFC0021044616A812F075FD01218D
:10EB3000057816A812F070FD0221067816A812F0CA
:10EB40006BFD0321077816A812F066FD0378494A89
:10EB50000096CDE9017315212B4604A817F044FE59
:10EB6000454A15210AA817F03FFE44B9434A15212A
:10EB700010A817F039FE10AB0AAA04A9C1E7234672
:10EB80003F4A152110A817F02FFEF4E73D4B3E4AEF
:10EB90003E493F48FFF7A5BB3E4B3F4A3F494048EF
:10EBA000FFF79FBB300A0020A5A10200F3B40200CA
:10EBB000F4B4020072BA02007BBA020085BA020005
:10EBC0008FBA0200F9B40200FDB40200A0BA02003C
:10EBD000ACBA02004DB60200C0BA0200D3BA0200BD
:10EBE000E81D002060B5020068B50200E1BA02002D
:10EBF000F4BA020008BB02001CBB020030BB0200DA
:10EC0000AD1D0020AE1D002080C1020043BB0200EC
:10EC100050BB02005ABB020075BB020068BB020079
:10EC200006C202008EBB0200A1BB0200000000422F
:10EC3000B4BB0200CABB02000ABC020021BC020035
:10EC4000DFBB0200E6E8F13CF5BB020035BC020088
:10EC500049BC02005DBC020071BC0200EA07002052
:10EC600084BC020097BC0200AABC0200BDBC02002A
:10EC7000D0BC0200E3BC0200F6BC020006BD0200EC
:10EC800018BD02002CBD02003FBD020052BD0200B3
:10EC900065BD020078BD02008BBD02009EBD020072
:10ECA000B1BD0200FCF720FB1C4A0346152110A849
:10ECB00017F09AFDFCF714FB194A0346152116A814
:10ECC00017F092FD174B184A16A910A8FFF709BBB9
:10ECD000164C174A2168914213D1FCF709FB90F9B1
:10ECE000003073B1FCF704FB124A0346152116A845
:10ECF00017F07AFD1048114B2168006816AAFFF73B
:10ED0000F0BAFCF7F9FA90F9003013B1FCF7F4FA15
:10ED1000EAE7FCF7E5FA024A0346E7E7C4BD02006A
:10ED2000D5BD0200DFBD0200F3BD020034000020AB
:10ED300033C10200A2AF0200300000204DB6020035
:10ED400010B50B4C0B48214612F0CDFD21460A4868
:10ED500012F0C9FD2146094812F0C5FD21460848B8
:10ED600012F0C1FD21460748BDE8104012F0BBBDBE
:10ED7000A5A10200C01D0020CC1D0020D81D002030
:10ED8000F41D0020E81D002008B5084812F060FDC1
:10ED9000074812F05DFD074812F05AFD064812F0D0
:10EDA00057FD0648BDE8084012F052BDE81D00209E
:10EDB000F41D0020D81D0020CC1D0020C01D002007
:10EDC00010B5CB0748BF90F8293090F82F4048BFC6
:10EDD0001C438B0744BF90F82A301C434B0744BFA9
:10EDE00090F82B301C430B0748BF90F82C3090F85C
:10EDF000281048BF1C43012A08BF90F82630064857
:10EE000008BF1C432143FEF78FFA21460248BDE8A4
:10EE1000104004F0A1B800BF3421002010B590F8D4
:10EE20002D30044623B390F82E20E9B1012A1DD1DC
:10EE300084F82F3094F824100F4804F0FCFC94F868
:10EE40002530022B03D109210B48FEF76DFA94F807
:10EE50002F10094804F080F8074804F071F80030DA
:10EE600018BF0120404210BD002AE1D00023DFE797
:10EE70006FF00200F7E700BF342100202DE9F041D8
:10EE800090F8243004460D4617467BB390F82530A1
:10EE900063B3C369D0F82080A3F12D0613F01EFDE3
:10EEA000801B8045FAD894F82410124804F0C3FC63
:10EEB00094F82530022B03D109210E48FEF734FACD
:10EEC0002A4639092046FFF77BFF022D05D02A4646
:10EED00007F00F012046FFF773FF064804F030F8F3
:10EEE000003018BF01204042BDE8F0816FF0030000
:10EEF000FAE700BF342100202DE9F0411A4F0E46F9
:10EF0000202400252146384604F095FC384604F0BC
:10EF100017F88046012013F097FCB8F1000F03D1D9
:10EF2000AE421ED00135EDB20134E4B2282CE9D155
:10EF30000D4F38242146384604F07DFC384603F056
:10EF4000FFFF8046012013F07FFCB8F1000F03D1D2
:10EF5000AE4206D00135EDB20134E4B2402CE9D125
:10EF600000242046BDE8F081342100202DE9F04145
:10EF700090F8243090F82F6005460F46002B00F0E3
:10EF8000DC8090F82530002B00F0D780022B00F0B9
:10EF9000D78090F82730002B00F0D280C369D0F8DA
:10EFA0002080A3F12D0413F099FC001B8045FAD8B2
:10EFB00095F8293095F8241063481E4395F82A30B7
:10EFC0001E4395F82B301E4395F82C30012F46EA4E
:10EFD000030604BF95F826301E4395F827301E43DC
:10EFE00004F029FC3146584803F0B6FF564803F0B8
:10EFF000A7FFA8B14FF0FF3495F82410524804F051
:10F000001AFC95F82F10504803F0A6FF4E4803F065
:10F0100097FF002818BF4FF0FF342046BDE8F0816D
:10F0200095F82410484804F006FC95F82810464846
:10F030003143C9B2FEF778F9434803F081FF002855
:10F04000D8D1012295F824103F4803F07DFF3E48B7
:10F0500003F0B8FF071ECDDB95F824103A4804F002
:10F06000EAFB3146384803F077FF374803F068FF82
:10F0700004460028BED195F8293095F8241032486E
:10F080003B4295F82A3018BF10243B4295F82B30AC
:10F090001CBF44F02004E4B23B4295F82C301CBF66
:10F0A00044F04004E4B23B421CBF64F07F04E4B28D
:10F0B00004F0C1FB95F8281023483143C9B2FEF78C
:10F0C00033F9214803F03CFF002893D1012295F841
:10F0D00024101D4803F038FF1B4803F073FF071E80
:10F0E00088DB95F82410184804F0A5FB3146164833
:10F0F00003F032FF144803F023FF00287FF47AAFB7
:10F1000095F829303B4295F82A301CBF44F00104A1
:10F11000E4B23B4295F82B301CBF44F00204E4B249
:10F120003B4295F82C301CBF44F00404E4B23B424F
:10F130001CBF44F00804E4B25EE76FF003046CE720
:10F140006FF0020469E700BF342100202DE9F0418F
:10F15000044690F824104F4804F06DFBFF214D4801
:10F1600003F0FAFE4B4803F0EBFE012294F8241062
:10F17000484803F0E9FE474803F024FF94F82410C0
:10F180000546444804F057FBFB21424803F0E4FEE7
:10F19000404803F0D5FE012294F824103D4803F0C6
:10F1A000D3FE3C4803F00EFF05F00702072A3BD1CF
:10F1B00000F0F000F02837D185F00805C5F3C00550
:10F1C0004FF0030C06210520042602274FF0010E04
:10F1D0004FF00008012303FA00F003FA08F803FADD
:10F1E0000EFE03FA07F703FA06F603FA01F103FA33
:10F1F00002F203FA0CF3DBB284F82A0084F82680CA
:10F2000084F827E084F8287084F8296084F82B10AB
:10F2100084F82C2084F82D3084F82E5000209DB3E3
:10F2200084F82F30BDE8F08105F07003702B2ED1EB
:10F2300094F82410174804F0FEFAEF21154803F063
:10F240008BFE144803F07CFE012294F82410114830
:10F2500003F07AFE0F4803F0B5FE00F00F000F2810
:10F260006FEA05050BBF042706274FF006084FF08D
:10F270000408C5F3C0154FF0070C0322022101203A
:10F2800000264FF0050EA5E784F82F00CAE76FF0BF
:10F290000200C7E734210020F8B5044690F8241096
:10F2A0003E4804F0C8FA00213C4803F055FEFF2117
:10F2B0003A48FEF739F8394803F042FE94F8241032
:10F2C000364804F0B8FA06213448FEF72DF87F21BD
:10F2D0003248FEF729F8314803F032FE94F8241042
:10F2E0002E4804F0A8FA09212C48FEF71DF82B48F7
:10F2F00003F026FE012294F82410284803F024FE8F
:10F30000264803F05FFEC3B27F2B32D010F04001DD
:10F3100038D083073ED40123022503260427052184
:10F320004FF0060C0720012202FA00F002FA03F364
:10F33000DBB284F8260002FA0CFC002002FA01F18C
:10F3400002FA07F702FA06F602FA05F584F8270032
:10F3500084F828C084F8291084F82A7084F82B6077
:10F3600084F82C5084F82D3084F82E2084F82F3027
:10F37000F8BD072306250526042703214FF0020CBC
:10F380000120D0E706230325022601274FF0070CB2
:10F390000420C8E76FF00200EAE700BF3421002034
:10F3A00070B50446504804F087F994F824100029F9
:10F3B00055D14E4B197820464A1C1A70FFF79CFD18
:10F3C00084F8240094F8243043B9484B1978204637
:10F3D0004A1C1A70FFF790FD84F8240094F824600A
:10F3E000002E44D094F82550002D43D094F82410DA
:10F3F0003D4804F020FA94F82530022B23D1052152
:10F400003948FDF791FF20213748FDF78DFF364839
:10F4100003F096FD94F82410334804F00CFA002110
:10F42000314803F099FD00212F4803F095FD2E4847
:10F4300003F086FD94F824102B4804F0FCF9092110
:10F440002948FDF771FF0021274803F085FD264874
:10F4500003F076FD003018BF0120404209E0224849
:10F4600004F0E9F9204803F06BFD0028AAD06FF002
:10F47000030070BD31461C4804F0DDF929461A48E6
:10F4800003F06AFDFF21184803F066FD164803F0FB
:10F4900057FD3146144804F0CEF92946124803F0CE
:10F4A0005BFD114803F04CFD012231460E4803F08C
:10F4B0004BFD0D4803F086FDFF2808D1022384F898
:10F4C00025302046FFF7E8FE00288FD0D1E720B195
:10F4D00084F825504FF0FF30CBE7012384F8253026
:10F4E0002046FFF733FEEFE734210020A01D002067
:10F4F0004FF6FF7399421FBF0368CA0903EBC203AB
:10F5000001F07F011ABF586800EBC100002070476E
:10F510007FB505460E46144610460AB117F03EFA6E
:10F52000CDE9014000228DF80C2004AA2B4612E9F7
:10F53000070043F8046B83E80700284604B070BD59
:10F5400030B50D4D95F9014185B08CB10B4901A83D
:10F5500012F0C9F905F2011101A812F04DFA01A942
:10F56000074812F006FBC44301A8E40F12F070F93B
:10F57000204605B030BD00BFEA070020AFCB020037
:10F58000AC1E002010B50A79042A044608D0052ACA
:10F5900009D0022A0FD10022F7F75BFC204610BDEC
:10F5A00001220968F8E70B68DA880833C0E90032FD
:10F5B00000232372F2E70023C0E900330123F8E7B8
:10F5C00038B5436A034400251D710446011D0068D7
:10F5D00012F012FA00B16562606A38BD38B5436A4C
:10F5E00001331F2B04460D4606D8636A5A1C62621B
:10F5F0001C440120257138BDFFF7E2FF0028F4D03C
:10F600000020F8E710B50446406818B1236819686F
:10F61000F7F719FC204610BD10B503F07DF828B1AE
:10F6200016491748BDE8104012F060B81549144853
:10F63000154C12F05BF8154B1A78AAB193F901300A
:10F6400093B141F22833E35CB3B102F035FF98B1D6
:10F6500013F03EF904460E4806F004FF20460D491B
:10F66000BDE8104002F056BF0B49054812F03EF8C5
:10F6700041F228330022E25410BD00BFF6C302005D
:10F680001030002018C40200300A0020EA070020D1
:10F690008020002050C4020026C4020038B5044671
:10F6A00001680C30F7F7F2FC002325682371A0688D
:10F6B00028B10368A3602946F7F7C5FBF7E738BD13
:10F6C000C0E9001210228260012202737047C0E973
:10F6D000001211228260012202737047C0E90012F9
:10F6E00012228260012202737047C0E900121522C3
:10F6F0008260012202737047C0E900121322826007
:10F7000001220273704770B588B002AB83E806002F
:10F710000C46039D064608B117F040F90023CDE9D9
:10F7200005608DF81C3054B129462046F7F7ECFBF4
:10F73000009508AB13E90E002046F8F70EF808B064
:10F7400070BD437E6BB9D0E9043293423DBF5A1C71
:10F7500002611B784FF0FF3323EAE3730376012342
:10F76000437690F91800704738B5044600252046C6
:10F77000FFF7E7FF0A2806DC092808DA48B1012369
:10F78000237300200AE00D2801D02028F7D16576E8
:10F79000EDE7237B002B14BF0220012038BD70B59C
:10F7A00005464C1E002614F9010F50B12846FFF7FC
:10F7B000C8FF28B194F90030834203D16E76F2E796
:10F7C000022070BD0320FCE7F8B5054616460C463E
:10F7D0008F18BC4205D014F8011B2846FFF7FEFE27
:10F7E000F7E7AB6A3344AB62F8BD38B50546084667
:10F7F0000C4617F0D3F8214602462846FFF7E4FFEF
:10F8000038BD2DE9F04186B00DF1160405461646C7
:10F810001F46A046304639460A22002315F046FF0F
:10F82000303204F8012D0023304639460A2215F003
:10F830003DFF06460F4656EA0703EBD1A8EB04024C
:10F8400021462846FFF7C0FF06B0BDE8F08110B59D
:10F850002DED028B0446B0EE408AF8F7B9FEA168A0
:10F86000044630B1F7F750FB0E23237184ED008A74
:10F870000120BDEC028B10BD38B504460D46F8F7EB
:10F88000A7FEA168044628B1F7F73EFB06232371C3
:10F890002570012038BD37B50D4601466846F8F79A
:10F8A00004FF009C4CB120460199F7F72DFB0C2377
:10F8B00023712560012003B030BD2046FBE710B561
:10F8C0002DED028B82B001466846B0EE408AF8F713
:10F8D000ECFE009C64B120460199F7F715FB0E235E
:10F8E000237184ED008A012002B0BDEC028B10BDB3
:10F8F0002046F9E77FB502AC05460E460146204694
:10F90000F8F7D3FE94E803006B4683E803003668FB
:10F9100093E806003046FFF7F6FE286810B100793C
:10F9200080F0010004B070BD37B50D460146684651
:10F93000F8F7BBFE009C4CB120460199F7F7E4FABA
:10F940000C2323712560012003B030BD2046FBE766
:10F9500037B50D4601466846F8F7A7FE009C4CB146
:10F9600020460199F7F7D0FA0A2323712560012078
:10F9700003B030BD2046FBE737B50D46014668466B
:10F98000F8F793FE009C4CB120460199F7F7BCFABA
:10F99000062323712570012003B030BD2046FBE70C
:10F9A00073B56C4605460E4601462046F8F77DFEC7
:10F9B000304694E80600F7F745FF286810B1007953
:10F9C00080F0010002B070BD37B50D4601466846B3
:10F9D000F8F76BFE009C4CB120460199F7F794FABA
:10F9E0000A2323712560012003B030BD2046FBE7C8
:10F9F00037B50D4601466846F8F757FE009C4CB1F6
:10FA000020460199F7F780FA0A2323712560012027
:10FA100003B030BD2046FBE738B504460D46FFF77E
:10FA200090FEA8424FF0000004BF6076012038BD70
:10FA3000D3B5164612F100421F4643F10003012BD5
:10FA400008BF002A044605D20C230371066001207A
:10FA500002B0D0BD68460699F7F7ABFC00980028C5
:10FA6000F6D01C232371BDF804302380C0E9006761
:10FA7000EDE72DE9F04389B006460D46FFF761FE3C
:10FA8000002427462F28E3B20BDD39280BDC013494
:10FA9000402C24D033197776D8773046FFF751FEC3
:10FAA000F0E72B28F3D0A0F12D02D2B2012AEED933
:10FAB00020F0200252B2452AE9D03344002283F8D4
:10FAC000202006F1200104A8F7F79AFC9DF81030D9
:10FAD000013B032B59D8DFE803F0302404353F23E2
:10FAE000EBE7DDE90689B9F1010F08BFB8F1000FB6
:10FAF00007D20A232B71C5F80080002009B0BDE8A9
:10FB0000F083F16902A8F7F754FC029B0BB90420BB
:10FB1000F4E71A222A71BDF80C202A80C3E9008973
:10FB2000EBE7F36900932846DDE90623FFF780FF42
:10FB3000002814BF00200420E0E70E232B71069B51
:10FB40002B60DAE7DDE906894946404615F00EFDEF
:10FB5000074615F0BBF902460B464046494615F0EC
:10FB600075FC18B10E232B712F60C6E7F16902A84E
:10FB7000F7F71FFC029B002BC9D01E222A71BDF88B
:10FB80000C202A80C3E90089B7E70320B6E730B527
:10FB900085B005460C46F8F704FA70B103791A1FD0
:10FBA000012A01D9022B08D12846F8F7FAF90146B3
:10FBB00030B101A8FFF7E6FC019C204605B030BD3E
:10FBC0000446FAE7F8B506460F46F8F7EAF933684F
:10FBD000054668B10479018814F0100003D003F1E0
:10FBE0002C00FFF785FC0C2C1AD003D80A2C12D05D
:10FBF000386818E01A2C17D01C2CF9D1D0E9002352
:10FC000012F1004043F10001012908BF002834BF70
:10FC10000123002302E02B68DB43DB0F002BE7D03E
:10FC20003046F8F7E1F9F8BDD0E900230021994208
:10FC30006FF0004008BF90422CBF01230023EDE786
:10FC40002DE9F0478046FFF77CFD0024384E88F808
:10FC50001940074625464046FFF773FD8742014697
:10FC600088F819505CD010B90220BDE8F0875C28F4
:10FC700052D14046FFF765FD0028F5D075283CD1EC
:10FC800088F819504FF004094FF0000A4046FFF77A
:10FC900058FD0028E8D04028CBBF20F020023038A3
:10FCA000373AC3B2C8BFD3B20F2B01D90320DCE768
:10FCB00009F1FF3943EA0A1319F0FF091FFA83FA21
:10FCC00088F81950E2D10AF520539BB2B3F5806F42
:10FCD00002D2CAF30904BEE70AF510539BB2B3F58A
:10FCE000806F3DBFCAF3090A4AEA842A0AF58030C8
:10FCF00050464146F9F704F9ADE700239A579919A0
:10FD0000002AD3D0904203F10203F7D191F90110F8
:10FD10000029CBD088F819504046F7F7DEF89AE76B
:10FD2000D8F80430002B0CBF042000209DE700BF52
:10FD300093A1020010B50446FFF750FCA36A1844D3
:10FD4000A06210BD2DE9F0410D4622211646044661
:10FD5000FFF7F0FFDFF850802E44B54215D015F9BB
:10FD6000011B104B13F9027CAFB1023313F9032CC2
:10FD70008A42F7D15C212046FFF7DCFFF9B20DE0A3
:10FD800041462046FFF731FDE7E722212046FFF7F5
:10FD9000D1FFBDE8F0810029F2D0C9B22046FFF7BB
:10FDA000C9FFDAE799A10200A6A1020070B5002AF6
:10FDB0001D4675F100030646144605DA2D21FFF7AE
:10FDC000B9FF644265EB450522462B463046FFF7F6
:10FDD00018FD70BDFFFFFFFF2DE9F04F5BEC10AB8E
:10FDE0008BB007460D4610EE102A5B4610EE100A47
:10FDF000594615F02BFB30B9AF493846FFF7F5FCF3
:10FE00000BB0BDE8F08F002200235046594615F094
:10FE10001DFB68B952465B465046594614F0F8FE41
:10FE200002460B465046594615F010FB0028E3D118
:10FE3000002200235046594615F012FB30B12D2107
:10FE40003846FFF777FF0BF100439B4601230193F0
:10FE50002C460A2324B1019A5A43013C0192F9E746
:10FE600091A3D3E900235046594615F00DFB002815
:10FE70006AD0DFF850924FF008084FF48076414680
:10FE800004A8CDF81090F7F7ACFA52465B4651EC57
:10FE9000100B15F0EFFA78B1884B0493414604A893
:10FEA000F7F79FFA5046594653EC102B15F066F8B9
:10FEB000344482468B4624B218F1FF384FEA660676
:10FEC000DDD2CDF80C80002200235046594615F0B3
:10FED000E5FA00283DD076A3D3E9002350465946E1
:10FEE00015F0C8FAA8B300230293DDE90223A3EBBF
:10FEF000020919F0800F2CD10DF128086F4B48F83A
:10FF0000183D49464046F7F76CFA00226C4B51EC1D
:10FF1000100B15F033F852465B4615F0BFFA78B176
:10FF2000684B049349464046F7F75BFA50465946FA
:10FF300053EC102B15F022F8A41B82468B4624B2FA
:10FF4000029B76100133CFE708234FF480760393AA
:10FF5000B9E75046594615F0E9FA0A220646034623
:10FF6000092B08D9B3FBF2F3013D0199B1FBF2F182
:10FF70006DB20191F4E7304614F086FF02460B465D
:10FF80005046594614F042FE80460198894614F0C6
:10FF90007BFF02460B464046494614F0EFFF804681
:10FFA000894615F0C3FA824614F06EFF02460B46EE
:10FFB0004046494614F02AFE0B46024614F028FE3D
:10FFC00015F0B4FA019B0AEB0008434508D8013646
:10FFD00094B1092E10D9013424B24FF00008012643
:10FFE0000A22B8FBF2F302FB138141B9002D06DDB2
:10FFF000013D98466DB2F4E74FF00008F0E70DF1CF
:020000021000EC
:1000000026010A22B6FBF2F302FB1366303601F832
:10001000016D1E46002BF5D10DF12606721A3846E9
:10002000FFF7D2FBEDB108AA2B4611464FF00A0CA0
:10003000013B5BB2581C09D0B8FBFCF00CFB1088EC
:1000400008F1300802F8018D8046F1E7EDB2EB438C
:100050004D1B2E2205F8012C19445A423846FFF751
:10006000B3FB002C3FF4CCAE65213846FFF762FEAF
:10007000002CA5B205DA2D213846FFF75BFE6D4254
:10008000ADB231460A22B5FBF2F302FB135530350F
:1000900001F8015D9DB2002DF5D1721A3846FFF7C7
:1000A00093FBADE6AFF3008000000000D012634187
:1000B000F168E388B5F8E43E8EA10200489402009E
:1000C00000002440909402002DE9FF410579064686
:1000D0000C46018815F0100003D002F12C00FFF748
:1000E00007FA0C2D00F0998016D8042D00F08780B7
:1000F00006D8022D78D0032D00F08880504998E072
:10010000062D00F093807DD30A2DF7D132680023AD
:100110002046FFF776FB1DE01C2D00F0848006D8FA
:100120000E2D0ED01A2DE9D1D0E90023F0E7202DB5
:1001300035D0402D12D01E2DE0D1092190ED000BBD
:1001400005E0306814F0C2FE41EC100B0621204699
:10015000FFF742FEA06A04B0BDE8F0815B212046B3
:10016000FFF7E8FD35884FF6FF76B54212D0E76A13
:10017000294607F12C00FFF7BBF905463A46214610
:10018000FFF7A2FFED88B542EFD02C212046FFF704
:10019000D1FDEAE75D212046FFF7CCFDDAE77B21C0
:1001A0002046FFF7C7FD4FF6FF7735880126BD4291
:1001B00018D0D4F82C80294608F12C00FFF798F9C4
:1001C000054642462146FFF77FFFED88BD4206D037
:1001D000002E0CBF2C213A212046FFF7ABFD86F004
:1001E0000106E4E77D21D6E70022314601A8F6F7B3
:1001F00030FEDDE901122046FFF7A4FDAAE7012247
:100200003168F3E73168CA880831F4E7316820467D
:10021000CA880831FFF7D8FA9CE73268D31720461E
:10022000FFF7C4FD96E7D0E90023F8E7337823B160
:1002300004492046FFF7D9FA8CE70349F9E700BFE4
:100240008EA10200D8A10200DDA102002DE9F04339
:10025000B7B06B46002783E8030002AD394610466D
:1002600002920B9711F090FB0FCD0CAC0FC40FCD89
:100270000FC495E8030084E803000CAE0FCE16AD62
:10028000DDE900890FC50FCE0FC594E8030085E8AE
:10029000030016AE0FCE20AC0FC40FCE0FC495E8EE
:1002A000030020AE84E803000FCE2AAD0FC50FCEA9
:1002B0000FC594E8030085E8030020A83497FFF7F2
:1002C0007FF916A8CDF8D490FFF77AF9B8F1000FAE
:1002D00012D04A462AA94046FFF7F6FE04462AA84D
:1002E000FFF76EF90CA8FFF76BF902A8FFF768F9A2
:1002F000204637B0BDE8F08302492AA8FFF775FA17
:10030000349CECE78EA102002F280EDD392803DD96
:100310005E2803DD7A2803DC01207047402804DDD5
:100320005A28CCBF0020012070470020704770B5CC
:100330000446F6F7C2FD2046FFF703FA27281ED031
:1003400022281CD02046FFF7FCF90546FFF7DCFF0A
:1003500098B10026294620466676F6F7BEFD20466F
:10036000FFF7EFF90546FFF7CFFF0028F2D16368EA
:10037000002B0CBF0420002000E0032070BD2046AD
:10038000FFF75EFCFAE72DE9F04F5FFA83F98DB0D5
:1003900004460D46B9F1000F00F085800023437636
:1003A000FFF7E2F9B8B97D212046FFF735FB88B9A0
:1003B0000DF124082046FFF7BAFF60B92046FFF789
:1003C000D3F9064638B93A212046FFF725FB28B96C
:1003D000032000E000200DB0BDE8F08FD4E9013229
:1003E00013448DF82C601E72D4E901320833CDE934
:1003F0000932E369009398E80E002846F7F761FA9E
:10040000074600284BD1D4F81CB005A85946F6F78A
:100410009DFF059E0EB90420DDE7594607A8F6F7B3
:1004200095FF079F002FF6D0BDF820A0A6F806A0E4
:100430006988BDF818304FF6FF7291422DD00BF14C
:100440002C000393FFF754F8039BC380A5F802A088
:1004500031462046F7F73CF909F1FF334FF000022F
:100460003946204600F022F80028B4D12046FFF794
:100470007BF90028AFD17D212046FFF7CDFA002877
:10048000A8D12C212046FFF7C7FA0028A0D020468B
:10049000FFF76AF900288DD09DE72B80D6E7E16948
:1004A000F6F732FDD8E7052095E7FFFFF8B50546DA
:1004B0000E461F46FFF758F90446002858D1284633
:1004C000FFF73FF966286DD013DC272803D05B289F
:1004D00017D022286BD12846F6F7EFFC2846FFF705
:1004E000AFFB0446002843D131462846F7F7F0F821
:1004F0003EE074284DD07B283CD06E2857D130493F
:100500004CE040233371FFB24FF6FF7333807380AA
:10051000002F51D06C762846FFF726F9044638BBE9
:100520005D212846FFF778FA08BB013FE9693046AC
:10053000F6F725FF0146002840D03B464FF0000269
:100540002846FFF7B3FF044690B92846FFF70CF999
:10055000044668B95D212846FFF75EFA38B92C21B8
:100560002846FFF759FA0028E0D1032400E00024D0
:100570002046F8BD202333714FF6FF73338073801C
:100580004FF000023B4631462846FFF7FCFE04468A
:10059000EEE7062333710B49012333702846FFF73A
:1005A000FEF8F4E70623337134700749F6E7314665
:1005B0002846FFF75EFAEAE70524D9E70424D7E7DF
:1005C0008EA10200D8A10200DDA1020038B51346B9
:1005D0004FF0000205460C46FFF768FF30B995F969
:1005E00018301BB123791B0748BF032038BDFFFF1C
:1005F00010B51B4C1B48502105F070FE204605F03D
:100600005BF9194B2360194C1948214611F06BF91D
:100610002146184811F067F921461748174C11F088
:1006200062F9174B03F10C010022D9624FF48020CC
:100630004FF6FF711C601A719A601863998683F8EF
:100640003C20D9870F4B1C6083F83C2003F10C043D
:10065000D9871A719A60C3E90B40998610BD00BF13
:100660008C1E002080200020D0930200A5A1020053
:10067000AC1E00202C200020081F00201C000020A1
:1006800038200020B81E002008B50E48F6F72AFDD5
:100690000D48F6F727FD0D4811F0DAF80C4811F077
:1006A000D7F80C4811F0D4F80B480C4B036004F059
:1006B0007DFD0B480B4B40F8103BBDE8084004F0B3
:1006C00075BD00BFB81E002038200020081F002084
:1006D0002C200020AC1E00208C1E0020D093020095
:1006E0008020002054C5030030B5174D174885B051
:1006F000F9F72AFA294601A811F0F5F801A91448DA
:1007000011F03CF901A811F0A3F8294601A811F055
:10071000EAF801A90F4811F031F901A811F098F891
:100720000D4B0024294601A81C6011F0DCF801A93A
:100730000A4811F023F901A811F08AF8084B1C604F
:10074000084B1C7005B030BDA5A102008C1E002016
:10075000AC1E00202C20002028200020081F002094
:10076000141F0020782000200A4B1B7810B50BB115
:10077000FFF7BAFF01F0B4FE58B112F0A9F8044631
:10078000054805F0B5FE20460449BDE8104001F0DB
:10079000C1BE10BD78200020802000209DCB02002B
:1007A00037B51546CDE900131C46154A03464FF4EC
:1007B0008071144816F018F8FF2808D91249134818
:1007C00010F094FF03B0BDE83040FFF78DBF104B31
:1007D000104A1860104B1D60104B1C600023136002
:1007E0000F4A136012F074F80E4B186012F070F894
:1007F0000D4B0A3818600D4B02221A7003B030BD41
:10080000C0CB0200251F002022CC020010300020A7
:1008100028200020041F0020141F00201C1F00207F
:10082000201F0020F81E0020001F0020782000203C
:100830000B6870B505465BB90A490B4810F056FFC6
:100840000A4A0B490B481F23BDE87040FFF7A8BFB9
:10085000094C204611F092F8A36822680449284602
:10086000F2E700BF5CB5030010300020A9B503001B
:1008700080B5030091B50300081F00201FB5014695
:1008800001A810F0DAFF01A90448FFF7D1FF01A881
:1008900010F0DEFF05B05DF804FB00BFE1B7030018
:1008A0001FB5074901A811F01EF801A90548FFF777
:1008B000BFFF01A810F0CCFF05B05DF804FB00BF3E
:1008C00027B503004BB503002DE9F04F2DED028B4A
:1008D000ADF50D7D01F020FF7F4C804F41F22835B2
:1008E00038B1002363553B78002B51D0FFF7FCFE55
:1008F0004EE011F0EDFF635D002BF4D03B78002B50
:100900005ED1774A1368C31A132B41D9106011F0D6
:10091000DFFF744E744981464CA805F0F1FC4D9AF6
:1009200072604E9AB2604F9AF260DDF84C81509A34
:10093000F5693261519A7261A845529AB2611AD032
:10094000B8F1000F04D0D8F804300133C8F80430EF
:100950007DB16B68013B6B605BB92B6828469B6877
:100960009847AB68013BAB601BB92B682846DB6836
:100970009847C6F81C804CA804F018FC5B49484610
:1009800001F0C8FD01F098FD40B95648F9F7DCF8D0
:100990000DF50D7DBDEC028BBDE8F08F33690133A1
:1009A000F6D011F095FF524A00231370514A13609C
:1009B000514B1860514BA0F114021A6001233B7097
:1009C0004D4B3A781B68022AA0EB03033CD142F658
:1009D000DF62934204D94A494A4810F087FE85E70E
:1009E000494A1368C31A092BD2D9484D484E2B687F
:1009F00010603268934221BF464B474A474C196802
:100A000026BF126823684649A2EB030238BF2C4672
:100A1000B2F5007F07D262B119443248FAF7A6FB5B
:100A200020B94049D8E74FF40072F5E72368034442
:100A300023602A6833689A42AAD1384B1A68364B29
:100A40001B689A42A4D151E7B3F5FA6F0FD3364928
:100A50002C4810F04BFE35494CA810F044FF3448A8
:100A60004CA9FFF7E5FE4CA810F0F2FE90E7234AF0
:100A70001368C31A132B8BD910601A48FAF73EFB80
:100A8000021E85DDB2F5807F0DF5987BA8BF4FF47F
:100A9000807259461348274EFAF7C8FA4FF00008FB
:100AA0000390134B1D78039B984580F21D81002D08
:100AB00040F00381B368B3F5806F43D31E491148FA
:100AC00010F014FE1D4934A810F00DFF1C4834A985
:100AD000FFF7AEFE34A8C7E7300A002078200020D8
:100AE0007C2000208C1E00208020002049C50200B0
:100AF000241F0020181F0020F81E0020FC1E0020CC
:100B000055C5020010300020001F0020041F0020E7
:100B100028200020141F00201C1F0020201F002060
:100B2000251F002081C50200B0C50200D6C5020005
:100B3000F4C50200AC1E002008C6020038C6020040
:100B400056C602001BF90810304610F05AFF002864
:100B5000B4D0914934A810F0C6FE34A9304610F044
:100B6000C1FF074634A810F073FE002F00F0A280EA
:100B70008A4A8B49012334A8137010F0B4FE34A9BB
:100B8000304610F0F6FF871C34A810F061FEA9462D
:100B9000012F40F38980B3689F4280F285808049AD
:100BA00034A810F0A0FE3A4634A9304610F0CFFF2A
:100BB000824634A810F04CFEBAF1000F74DB5745A2
:100BC00072D03A465346314624A810F0D5FF24A8E7
:100BD00011F01AF8734934A810F085FE34A924A83E
:100BE00010F077FF074634A810F032FE002F49D1ED
:100BF0006D4934A810F077FE34A924A810F069FFDD
:100C0000074634A810F024FE9FB3002D3AD1269B4E
:100C10000F2224A934A810F0AFFF34A811F00CF86B
:100C2000369B63B3369AAA421FD9294634A810F0DE
:100C30006FFF90F900202F2A21DD294634A810F0FB
:100C400067FF90F90020392A19DC294634A810F0F2
:100C50005FFF90F900200A2303FB0929A9F130095D
:100C6000B9F5806F0BDC0135DCE734A810F0F0FD3E
:100C70003D4624A80AF1020710F0EAFD88E734A8EF
:100C800010F0E6FD24A810F0E3FD484B4FF0FF32D2
:100C90001A604749474810F029FD474934A810F029
:100CA00022FE34A9454813E7404BB9F1000FC3F8C1
:100CB0000090EEDB08F10108F3E63C4B40481A686F
:100CC00083689A42F6D91BF9081010F09AFE0028A2
:100CD000F0D13C49374810F009FD3B4934A810F0E9
:100CE00002FE34A93948F3E6002D3FF451AE2F4BF4
:100CF000334F1A68BB689A427FF44AAE284934A839
:100D000010F0F1FD34A9324810F033FF0022034601
:100D10002F4921A810F030FF34A810F099FD2D497B
:100D200034A810F0E0FD34A921A810F0D2FE054649
:100D300058B9294924A810F0D6FD24A921A810F0FB
:100D4000C8FE054624A810F083FD34A810F080FDED
:100D5000002D4BD0214815F021FE204A20490346A2
:100D60002048FFF71DFD204934A810F0BCFD34A930
:100D7000174810F003FE34A810F06AFD1A4934A891
:100D800010F0B1FD34A90E4810F0F8FD34A810F0B1
:100D90005FFD21A868E600BF14A30200241F002005
:100DA00016A302007AC602008DC60200181F00209A
:100DB0009DC6020010300020CCC60200FBC6020017
:100DC0002C2000200BC7020033C7020091B503009E
:100DD000AC1E002053C702005EC702004CCC0200CC
:100DE0006DC70200E1B70300A5A10200BC4934A809
:100DF00010F079FD34A921A810F06BFE064634A846
:100E000010F026FD002E00F0BD83B64E3046FEF7F2
:100E100045FC94F8063186F83C50002B00F06283C4
:100E2000032B00F06283012B00F06283022B00F0A1
:100E30006283AD49AD4A042B14BF8A46924694F8AA
:100E40000431002B00F05A83A94FAA4A012B08BF96
:100E500017462378002B00F0538394F844804345D1
:100E600040F24E8304EB880393ED018AB4EE488A86
:100E7000F1EE10FA0CD604EB880811F029FDD8F831
:100E80002450451B40F6B83085428CBF0025012513
:100E9000994A944934A8F6F756F994ED360A34A8DD
:100EA000FEF70DFD954A8F4934A8F6F745F994ED04
:100EB000350A34A8FEF703FD914B3593032336938F
:100EC000D4F880113496012334A88DF8DC30FEF775
:100ED000E2FC8C4A834934A8F6F751F9D4F8F410AF
:100EE00034A8FEF7D8FC884A7E4934A8F6F739F9C9
:100EF000D4F8801134A8FEF7CEFC844A794934A88E
:100F0000F6F744F9D4F8801134A8FEF7C4FCF3F7DF
:100F1000EBFD7F4A7349F0EE408A34A8F6F70CF9EE
:100F2000B0EE680A34A8FEF7CAFC7A4A6D4934A8C4
:100F3000F6F725F934A913A894F80681F7F7B5FB5D
:100F4000DDE913B35FFA88F84FF00009BBF1000F39
:100F50000BD0194658460393F5F7D6FF039B009331
:100F600042464B465846FEF763FD6B4A5D4934A83E
:100F7000F6F70CF9514634A8FEF712FD674A5949B5
:100F800034A8F6F718F934A915A894F80481F7F7EE
:100F90008CFBDDE915AB5FFA88F84FF00009BAF178
:100FA000000F0AD050465946F5F7AEFFCDF800B015
:100FB00042464B465046FEF73BFD594A494934A844
:100FC000F6F7C1F8394634A8FEF7EAFC554A454918
:100FD00034A8FEF775FB94F8E01034A8FEF7CCFCBB
:100FE00094F8E030002B40F08E8294F86F31002BA3
:100FF00040F08B8294F80631042B00F0868294F83E
:101000000431012B00F08382022B40F0828294F89D
:101010000531454913F0020F444B18BF1946444BA4
:1010200035930127052334A8369334968DF8DC7068
:10103000FEF7B6FC3F4A2B4934A8F6F792F8B0EE1B
:10104000480A34A8FEF73BFC3B4A264934A8F6F789
:1010500073F8294634A8FEF78FFC384A214934A892
:10106000FEF735FB94F8CC1034A8FEF785FC344B22
:1010700035930723369341F2283334A8E15C349644
:101080008DF8DC70FEF778FC2E4A164934A8F6F786
:1010900092F82D4B119311A934A8FEF72BFC2B4A83
:1010A000104934A8F6F795F8B4F9141134A8FEF7EE
:1010B0003BFC274A0B4934A8F6F753F8B4F916114C
:1010C00034A8FEF731FC234A064934A8FEF706FB94
:1010D00041F23D3334A8E15CFEF74EFC1E4A3DE090
:1010E00086C7020038200020BB9E0200C39E02007B
:1010F00062C402006A9D0200E69E0200D79E0200C2
:101100005D9602002A9F0200359F02003F9F020069
:101110004F9F02000497020095C7020015A002002D
:10112000A5C70200F29E0200C0C402005995020049
:1011300018970200119F02001B9F0200B1C7020016
:10114000C3C70200CBC702000B090020169D020096
:101150004D9D0200D8C70200EBC70200B94934A870
:10116000F5F7EAFF41F23E3334A8E15CFEF704FCF8
:10117000B54AB44934A8FEF7AAFA41F23F3334A87D
:10118000E15CFEF7F9FBB14AAE4934A8FEF79FFADD
:10119000AF4B34A81978FEF7EFFBAE4AA94934A843
:1011A000FEF7A3FA41F2423334A8E15AFEF7D0FB2E
:1011B000A94AA44934A8FEF79FFA41F2443341F208
:1011C0004B35E15A34A8FEF7C3FBA44A9D4934A825
:1011D000F5F7F1FF615D34A8FEF7CEFB655D2DB13B
:1011E00041F24C33E556003518BF01259C4A95491C
:1011F00034A8F5F7CBFF294634A8FEF7BDFBFAF774
:10120000B3FB984A8F49054634A8F5F79CFF294659
:1012100034A8FEF7C5FB944A8A4934A8F5F7CBFFFA
:1012200041F22C3334A8E158FEF7CEFB8F4A8549B2
:1012300034A8F5F788FF41F2303334A8E158FEF7BF
:10124000C3FB8B4A7F4934A8F5F7A0FF41F2343342
:1012500034A8E158FEF7B8FB864A7A4934A8F5F776
:101260006BFF41F2383334A8E158FEF7ADFB41F291
:101270002833E35C002B40F04E817F4A714934A84B
:10128000F5F792FF17A834A9F7F70FFA1798002877
:1012900040F05E816B49794A34A8FEF739F934A8E9
:1012A000F7F7DDF93499054638B1F5F72DFE20231F
:1012B0002B714FF6FF732B806B80349F704B3793ED
:1012C0000126062394ED470A389334A84FF0080806
:1012D000CDE935578DF8E460FEF7B9FA694B94ED26
:1012E000480A379334A8CDF8E080CDE935578DF81A
:1012F000E460FEF7ACFA644B94ED490A8DF8E460C3
:1013000034A8CDE93738CDE93557FEF7A0FA5F4A62
:1013100094F828815E4B8DF8E460B8F1000F0CBFA3
:10132000984690465B4B379334A805233893CDE914
:101330003557F7F74DF9369ACDE91B021BAB93E809
:1013400006004046F6F77EFA3E49534A34A8FEF7B7
:10135000DFF834A8F7F783F93499804650B1F5F7F0
:10136000D3FD402388F804304FF6FF73A8F800300F
:10137000A8F80230349EDFF82CB14FF0000A237831
:101380005FFA8AF7BB4240F2E980B8F1000F00F043
:10139000E38031464046F5F7F2FF054640B131465D
:1013A000F5F7B2FD20232B714FF6FF732B806B8076
:1013B0000523389334A80123CDE93556CDF8DCB0A8
:1013C0008DF8E430F7F704F93699814630B1F5F736
:1013D0009BFD0A2389F80430C9F800702F4B37931E
:1013E0004FF00109042334A83893CDE935568DF820
:1013F000E490F7F7EDF8369ACDE91D021DAB04EB4A
:10140000071093E806004C30FEF77DF91C4B37932C
:101410000623389304EB870393ED010A8DF8E490DB
:1014200034A8CDE93556FEF712FA11F051FA04EB63
:101430008703CDE93556596A194B37930923411A69
:1014400032E000BF38200020FAC702000CC80200BA
:10145000701D00201EC8020034C8020048C80200E7
:1014600055C8020065C8020071C802007EC80200AB
:101470008AC802009AC802005E9F0200A9C8020042
:101480005AA00200B9990200FE990200DEC40200CF
:10149000E5C4020019CA020076A00200D3C7020008
:1014A000209F020054A00200389340F6B8339942BE
:1014B0008CBF0021012134A88DF8E490FEF7DCF9FF
:1014C00094F84410A44B37930D233893CB1B594207
:1014D000594134A8CDE935568DF8E490CA44FEF759
:1014E000CBF94CE7DFF8C0A2A9E4DFF8C0A2A6E47C
:1014F000DFF8BCA2A3E4DFF8BCA2A0E4974FA8E405
:101500009FED978AC4E4974989E5974987E597490C
:1015100085E5974983E500F0AFFF00283FF4ADAEC5
:1015200000F0AAFF934A9449064634A8F5F73CFE1A
:1015300034A919A8F7F7B9F8DDE91951002D3FF4DE
:10154000A9AE2846F5F7E0FC0C232B712E60A1E62E
:101550001899F5F7D9FC9DE6454629E7844934A852
:1015600010F0C1F9844A02F13801CDE91F121FAB16
:1015700034AA93E80300FEF769FE34A8FFF77EF96A
:1015800034A831E07D4934A810F0ADF934A921A880
:1015900010F09FFA064634A810F05AF9002E00F019
:1015A0001381734934A810F09EF994F83022602119
:1015B000782313FB021341F21C320C21A25A34A8E7
:1015C00001FB023110F063F990B96D496D4810F0DC
:1015D0008DF86D4924A810F086F934A810F038F978
:1015E00024A8FFF74BF924A810F032F9FFF7BBBB92
:1015F0006649DFF8C491DFF8C481654F34A810F064
:10160000FBF911F065F94EF66021B0FBF1F134A859
:1016100010F00FFA5F4934A810F0EEF994F8303268
:10162000EEB2B34236D91EB12C2134A810F0E9F93C
:10163000494634A810F0E0F906F1620334A854F8E2
:10164000231010F0F6F9414634A810F0D5F906F150
:101650006E0334A854F8231010F0EBF9394634A87F
:1016600010F0CAF906F17A0334A854F8231006F5ED
:10167000867610F0DEF9484934A810F0BDF934F947
:10168000161034A810F0C8F97D2134A810F0B9F96B
:101690000135C3E74149DFF8289134A810F0ACF9CF
:1016A00000274E4609F10208B9F80030BAB2934259
:1016B0001DD9B3F5347F21BFB8F800504FF4347111
:1016C00015FA87F393FBF1F526BF01FB1535ADB293
:1016D00015461AB12C2134A810F093F904EB4505F6
:1016E00034A8B5F93C1210F097F90137DCE72C4922
:1016F000DFF8D08034A810F07FF94FF000094FF4E4
:10170000347733881FFA89F293421CD9B3F5347FBA
:1017100021BFB8F8005015FA89F393FBF7F507FBE2
:1017200015352CBFADB215461AB12C2134A810F0D6
:1017300068F904EB850534A8D5F8DC1710F079F9C1
:1017400009F10109DDE7174934A810F055F934A96A
:1017500024A810F072F840E761A00200E5B703008A
:101760000000C07F6FC4020099C4020027950200E8
:10177000A5A102005E9F020038200020ADC8020033
:10178000BEC8020010300020F0C802001CC90200D0
:1017900064C9020030C902007AC902008BC9020084
:1017A0009FC90200BBC90200AC9E020038B502000E
:1017B000B19E0200B69E020042C9020053C9020057
:1017C0004C1D00204E1D0020A44934A810F08BF8B9
:1017D00034A921A810F07DF9064634A810F038F895
:1017E000002E00F0E0809E4E3046FDF757FF9D4AE8
:1017F00086F83C50314634A8FDF762FFD4F8DC107F
:1018000034A8FEF748F8984A314634A8F5F7E1FCC9
:10181000D4F8EC1034A8FEF73EF8944A314634A8C8
:10182000F5F7ADFCD4F8001134A8FEF734F8904A6F
:10183000314634A8F5F795FCD4F8E41034A8FEF747
:101840002AF88C4A314634A8F5F78BFCD4F8E81016
:1018500034A8FEF720F8884A314634A8F5F7ABFCE7
:1018600094F8F01034A8FEF7C3F8844A314634A83F
:10187000F5F770FCD4F8781134A8FEF70CF8804A1C
:10188000314634A8F5F7A5FCB4F97C1134A8FEF76D
:101890004BF87C4A314634A8F5F75CFCB4F97E116C
:1018A00034A8FEF741F8784A314634A8F5F791FCA0
:1018B000B4F9141134A8FEF737F8744A314634A845
:1018C000F5F74FFCB4F9161134A8FEF72DF8704A5D
:1018D000314634A8F5F745FC94F8281134A8FEF7F2
:1018E00087F86C4A314634A8FDF7F8FE41F23D33E3
:1018F00034A8E15CFEF740F8674A314634A8FDF7AA
:10190000FBFE41F2443334A8E15AFEF721F8634A62
:10191000314634A8FDF7E9FE41F2463334A8E15CD4
:10192000FEF766F85E4A314634A8FDF7E5FE41F25F
:10193000473334A8E15CFEF75BF85A4A314634A8D5
:10194000FDF7D3FE41F2483334A8E15EFDF7ECFF2A
:10195000554A314634A8F5F7EFFB41F24A3334A833
:10196000E15CFEF709F8514A314634A8F5F723FC4B
:1019700041F24B3334A8E15CFDF7FEFF4C4A31469F
:1019800034A8F5F7FCFB4B4B129312A934A8FDF7D2
:10199000B1FF494934A80FF0A6FF06F1380224AB85
:1019A000CDE92426E4E5454934A80FF09CFF34A98D
:1019B00021A810F08EF8064634A80FF049FF002E3B
:1019C00000F0D183FDF7BCFD0E90002800F0C78326
:1019D0003B4A249227AA24AB2F924FF48022184628
:1019E00030924FF6FF72D7F800808DF8945026950C
:1019F000ADF8C4208DF8CC50ADF8CE20BE6803936E
:101A0000FDF74CFE039B3B9383F83C504FF00A02DA
:101A100032A9464434A8CDE9343536958DF8DC50EA
:101A20008DF8E950CDE93886FEF7D0FD054634A89B
:101A3000FDF7E8FD15F0FF0F039B45D0214934A8C1
:101A40000FF051FF34A8FEF719FF34A80FF000FF84
:101A500024A8F5F747FBFFF786B900BFBEC902000F
:101A6000B81E0020D0C90200699A0200E1C9020034
:101A7000A09A0200C39A0200ECC90200F9C9020050
:101A8000469B020007CA0200169D02004D9D0200FF
:101A900015CA0200D8C7020034C802001FCA0200DB
:101AA00035CA020049CA02005FCA020048C80200E3
:101AB0006ECA02007C1D0020A5A1020079CA0200A6
:101AC0001C00002087CA0200D4F80021059294F877
:101AD000F0200692D4F878210792B4F97E2103927F
:101AE000B4F91421049294F82821089241F23D326D
:101AF0001846A55C95490D9341F24432D4F8DCA018
:101B0000A25A099241F24632D4F8EC90A25C0A92B1
:101B100041F24732D4E93987A25C0B9241F2483254
:101B2000B4F97C61A25E0C9241F24A32B4F916B16A
:101B3000A25C0F92F5F72EFF0D9B40B1834A194628
:101B400034A8FDF7BDFD34A8F6F74EFA8246804969
:101B500024A8F5F71FFF40B17D4A24A934A8F5F762
:101B600038FB34A8F6F740FA81467A4924A8F5F7FD
:101B700011FF40B1774A24A934A8F5F700FB34A837
:101B8000F6F732FA0590744924A8F5F703FF40B13F
:101B9000714A24A934A8F5F7E4FA34A8F6F724FA30
:101BA00080466E4924A8F5F7F5FE40B16B4A24A99A
:101BB00034A8F5F7D6FA34A8F6F716FA07466849B6
:101BC00024A8F5F7E7FE40B1654A24A934A8F5F743
:101BD000F2FA34A8F6F708FA0690624924A8F5F755
:101BE000D9FE40B15F4A24A934A8F5F7B3FA34A866
:101BF000F6F7FAF907905C4924A8F5F7CBFE40B157
:101C0000594A24A934A8F5F7E4FA34A8F6F7ECF910
:101C10000646564924A8F5F7BDFE40B1534A24A90B
:101C200034A8F5F797FA34A8F6F7DEF9039050498F
:101C300024A8F5F7AFFE40B14D4A24A934A8F5F722
:101C4000C8FA34A8F6F7D0F904904A4924A8F5F761
:101C5000A1FE40B1474A24A934A8F5F782FA34A876
:101C6000F6F7C2F98346444924A8F5F793FE40B13C
:101C7000414A24A934A8F5F774FA34A8F6F7B4F960
:101C800008903E4924A8F5F785FE40B13B4A24A9B7
:101C900034A8FDF723FD34A8F6F7AFF90546384917
:101CA00024A8F5F777FE40B1354A24A934A8FDF7FA
:101CB00023FD34A8F6F798F90990324924A8F5F7DE
:101CC00069FE40B12F4A24A934A8FDF70EFD34A8BF
:101CD000F6F78AF90A902C4924A8F5F75BFE40B183
:101CE000294A24A934A8FDF707FD34A8F6F77CF9A2
:101CF0000B90264924A8F5F74DFE40B1234A24A9AC
:101D000034A8FDF7F2FC34A8F6F76EF90C902049E0
:101D100024A8F5F73FFE40B11D4A24A934A8F5F7E1
:101D20000BFA34A8F6F769F90F901A4924A8F5F7C9
:101D300031FE0D9080B3174A24A934A8FDF7CEFCDC
:101D400034A8F6F75AF90D9026E000BFD0C902007A
:101D5000699A0200E1C90200A09A0200C39A020037
:101D6000ECC90200F9C90200469B020007CA020042
:101D7000169D02004D9D020015CA0200D8C7020040
:101D800034C802001FCA020035CA020049CA020054
:101D90005FCA0200A0CA0200AAF1C803B3F52F7FF0
:101DA00040D809F1FF33632B3CD8059BB3F5167F70
:101DB00038D8B8F1640F35D8642F33D8B84531DC42
:101DC000069B012B2ED8079B013B772B2AD8A6F127
:101DD0003203B3F5E17F25D8039B323BB3F5E17FB6
:101DE00020D8039B9E421DDC049B283BC82B19D89E
:101DF000049B5B4516DAABF12803952B12D8089BA0
:101E0000012B0FD8099B013BFE2B0BD80A9B172BEC
:101E100008D80B9B172B05D80C9B03F53473B3F52F
:101E2000C36F01D9A3490AE6A34924A8F5F7B2FD77
:101E3000044628B1A14B5046C3F8DCA0F3F792FB4F
:101E40009F4924A8F5F7A6FD824630B19B4B484632
:101E5000C3F8EC90F3F78EFB54469A4924A8F5F7A3
:101E600099FD814638B1059A944B1046C3F800217C
:101E7000F3F77CFB4C46944924A8F5F78BFD81468B
:101E800030B18E4B4046C3F8E480F3F777FB4C4605
:101E90008E4924A8F5F77EFD804630B1874B384641
:101EA000C3F8E870F3F76EFB4446894924A8F5F7B8
:101EB00071FD074640B1814B9DF81820069883F8C4
:101EC000F020F3F763FB3C46824924A8F5F762FD56
:101ED000074638B1079A794B1046C3F87821F3F7D3
:101EE0008CFB3C467C4924A8F5F754FD074630B1ED
:101EF000724B3046A3F87C61F3F783FB3C4677498D
:101F000024A8F5F747FD064640B16C4BBDF80C2000
:101F10000398A3F87E21F3F778FB3446704924A890
:101F2000F5F738FD064640B1644BBDF81020049823
:101F3000A3F81421F3F7AEFC34466A4924A8F5F758
:101F400029FD064630B15D4B5846A3F816B1F3F7AC
:101F5000A5FC3446644924A8F5F71CFD064658B193
:101F6000564C9DF8200084F82801F3F7CAFB41F293
:101F70003C330122E25434465C4924A8F5F70AFDBB
:101F800068B34E4BBDF8241041F23D329D5441F2EE
:101F90004432995241F246329DF82810995441F248
:101FA00047329DF82C10995441F24832BDF8301058
:101FB000995241F24A329DF83C1099545DB941F270
:101FC0003E329D5441F23F329D5403F59A521570B2
:101FD00041F242329D52F3F733FC0E9C1DE044491E
:101FE00024A8F5F7D7FC0028CBD1424924A8F5F75F
:101FF000D1FC0028C5D1404924A8F5F7CBFC002826
:10200000BFD13E4924A8F5F7C5FC0028B9D13C4909
:1020100024A8F5F7BFFC0028B3D10D9B4BB1274B8B
:1020200041F23D329A5C22B103F59A5301211970B5
:102030001446344924A8F5F7ADFC34AD064688B102
:10204000304A24A92846F5F7B6F800231FA92846E8
:102050001F93FDF7B7FD194A003041F24B3318BF0B
:102060000120D054284924A8F5F794FC002869D011
:10207000254A24A92846F5F782F824492846FDF781
:1020800086FD0023013810F9012F002A40D01F2BB4
:102090003ED8D1B221F02004413C192C06D9303968
:1020A000092903D92D2A01D05F2AECD1591CEA5401
:1020B000CBB2E8E7B3CA0200D0C90200300A002060
:1020C000699A0200E1C90200A09A0200C39A0200C4
:1020D000ECC90200F9C90200469B020007CA0200CF
:1020E000169D02004D9D020015CA0200D8C70200CD
:1020F00034C802001FCA020035CA020049CA0200E1
:102100005FCA020048C802006ECA0200A5A1020010
:102110000024202229468448EC5414F059FC834AB8
:1021200041F26C33D454814B41F24C329A5612B97D
:1021300041F24B315A54F3F7F7F97C4B012283F803
:10214000842103E0002EEED1002CF6D178492846F8
:102150000FF0C9FB2846FEF791FB284676E4FEF710
:102160009FFBFEF700BE734934A80FF0BCFB34A9F7
:1021700021A80FF0AEFC064634A80FF069FB002E34
:1021800000F08A80FDF7DCF90028E8D024AE27AB08
:10219000D7F800B0DFF8CCA1BF68F3624FF6FF7844
:1021A0004FF480293046C6F800A03571B560C6F8F6
:1021B0003090A6F8348086F83C50A6F83E80FDF7B3
:1021C0006DFA5F444FF00A0232A986F83C5034A8F9
:1021D000CDE938B7CDE9346536958DF8DC508DF80A
:1021E000E9503B96FEF7F2F9074634A8FDF70AFAE4
:1021F00017F0FF0F13D037AB34A8CDF8D0A08DF86F
:10220000D45036953F93CDF80091ADF804818DF808
:102210000C51ADF80E81F4F765FF304619E4464BDA
:1022200035930523369301238DF8DC301FA94FF039
:10223000FF3334A81F933496FDF7C4FC3F4A07468A
:10224000314634A8F4F7B0FF3D4934A8FDF79FFCB0
:10225000072F014602D890F9003053B9394934A804
:102260000FF041FB34A8FEF709FB34A80FF0F0FA99
:10227000D3E73D0105F14C000F222044254414F022
:10228000A7FB0023F8B285F85B30F3F709FA0123C6
:1022900084F884312649E2E72B4934A80FF023FB68
:1022A00034A921A80FF015FC054634A80FF0D0FA88
:1022B000ADB1FDF745F900283FF451AF94F8043172
:1022C000012B05D1214934A80FF00DFBFFF755B9BB
:1022D000F2F720FC012384F884311549F3E71C4907
:1022E00034A80FF000FB34A921A80FF0F2FB04463C
:1022F00034A80FF0ADFA64B1FDF722F900283FF4DD
:102300002EAFF9F71FFB1349134B002818BF1946CE
:10231000D9E7124934A80FF0E6FA34A91048FEF7BD
:1023200087FAFFF72DB900BF7C1D0020300A00207E
:10233000E0CA0200ECCA020054A00200D3C70200A7
:10234000A5A10200FCCA02001BCB02002BCB02009D
:1023500065CB020008C50200EEC4020079CB020082
:102360008FCB02001C000020BFF34F8F0549064BA6
:10237000CA6802F4E0621343CB60BFF34F8F00BF23
:10238000FDE700BF00ED00E00400FA0510B50A4CBF
:102390000021204602F048F8084A2046A2F1200118
:1023A00002F008FC10F094FA054B06491860BDE8ED
:1023B000104005480FF09AB9D82A00200B080020D9
:1023C000F8200020B3BC030010300020F0B585B029
:1023D0000F6806460D4601A8114614460FF0C4FAD0
:1023E000194901A80FF03EFB014638460FF0C1FB2A
:1023F000074601A80FF02CFA002F06DA13493046E1
:102400000FF071FA304605B0F0BDA46828680134B9
:102410003C44224626210FF089FB031EB8BF2B68DF
:102420002968B8BF9B68224601A80FF0A5FB2022AF
:1024300001A82B210FF0C0FB01A930460FF0FDF9D8
:1024400001A80FF005FADDE72E920200A5A1020017
:1024500070B50446064E074B44F8043B331D054651
:102460000FCB84E80F00337D2B75284670BD00BF6D
:102470001021002034CB0300014B1868704700BFC7
:10248000B020002008B510F023FA0849084A034696
:102490000868126848B19B1A064A934297BF4FF4E6
:1024A0007A720020B3FBF2F3C01808BD0C210020A3
:1024B000E8200020FF5B260508B5074B1B780BB111
:1024C000002008BDF8F700FF0028F9D1034B40F6C3
:1024D000B8329A600120F4E7EE200020402A002064
:1024E00008B50A4B1B78013B012B0CD9F8F7ECFE21
:1024F000074B18B142F210729A6008BD40F6B8322C
:102500009A600120F9E70020F7E700BFEE200020E5
:10251000402A0020F8B505460F46F8F7D5FE0446D8
:1025200018BB124E3378013B012B1ED910F0D0F9A5
:1025300040F6B733401B984217D90D490D480FF0AC
:10254000B6F839460B480FF0D1F80B4A41F2283360
:10255000D4540123337010F0BBF9084B1860084BBA
:1025600043F698221A60074B1C70F8BDEE2000203D
:1025700065BA030010300020300A0020F42000204B
:102580003C000020EF2000200F4C104D104908B5F2
:1025900020460FF0ABF840F241120021284613F01C
:1025A000A2FB41F228320B4900238B542B70F3F726
:1025B00083F9094920460FF099F84FF47A7010F02A
:1025C00043F9FFF7D1FE00BF10300020EA070020DA
:1025D00060BC0300300A002080BC03002DE9F041FC
:1025E0003D493E483E4F3F4C3F4D94B00FF07EF882
:1025F00041F2283300263D493D48FE5402F02CFCB0
:10260000237823B394F901300BB33A4933480FF0E0
:102610004EF8611C31480FF069F8354802F0C6FBEE
:10262000334802F0EFFBC82010F00EF9324B2E7049
:1026300004F161021A60314B04F1A1021A60304BBF
:10264000C1341C60FFF7A2FE14B0BDE8F0812D4933
:1026500022480FF04BF82C4920480FF047F8244847
:1026600002F0A4FB224802F0CDFB0126C82010F0A6
:10267000EBF8002400960423A822C0210EA80EF037
:102680007BFE234622462146009408A80EF074FEE5
:10269000FF231A461946009402A80EF06DFE02AB05
:1026A00008AA0EA9124802F0E9F91849104802F0E8
:1026B0004BFC1749804609480EF0F9FF0A224146B3
:1026C00006480FF069F841F2283312482E70FC5486
:1026D00003F0C8FEB8E700BFC9B503001030002002
:1026E000300A0020EA0700200821002011B603006C
:1026F000D82A002021B603002C2100203021002000
:102700002821002048B6030082B60300A8B60300C3
:10271000BEB60300B8200020014B1878704700BFF8
:10272000082100202DE9F0439F4B1C788FB0002C2E
:1027300040F0BC809D4B1A78002A00F0B78093F9D6
:102740000130002B00F0B280994B1A6898466AB1AC
:1027500010F0BEF8974B1B68C01A974B984205D9EA
:1027600096499748C8F800400EF0C0FFF8F7ACFD56
:102770000446002840F09A80924D2B782E46002B7C
:1027800073D110F0A5F8904A1368C31AB3F57A7F95
:102790000546C0F08B80106010F09AF881468B4897
:1027A00002F0D8F98A4907464846FFF7B3FE337866
:1027B000002B7BD102A80EF0D7FD032F24D110F0FF
:1027C00087F88249814608A802F084FA09AB0FCB4A
:1027D00003AF87E80F009DF834307E498DF81C3038
:1027E0004846FFF797FE3378002B5FD123462246F9
:1027F0002146009408A80EF0BFFD08A902A80EF01B
:10280000FAFE80F00100C4B2734FDFF804923B7807
:10281000002B00F03981002C40F0FE806F4A41F21D
:1028200028330024D4546E4B3C701C700323337047
:1028300089F8004010F04CF86A4B6B4918606B4BFC
:102840005F486B4E47F230521A600EF04FFF08A8F7
:102850000EF08AFD09AB0FCB351D85E80F009DF802
:1028600034303375634B1C6020E010F031F82F7862
:10287000012F27D1604C614E2368C01A33689842FB
:1028800014D35F4B40F6B8329A6008A804F0D8FF22
:1028900008A805F031F960B15A4949480EF026FF01
:1028A0004EF66023336010F013F820600FB0BDE8DF
:1028B000F083554942480EF019FF494B1F7002231F
:1028C0002B70F0E7022F09D14B4B1B68C01A41F265
:1028D00087339842EAD903232B70E7E7484B40F649
:1028E000B8329A600FF0F4FF2B78032B07461FD104
:1028F000FDF73AFF2B78012BD8D0042333700FF06B
:10290000E7FF40F6B733C01B9842CFD9012333709D
:102910000FF0DEFF384B3D491860384B43F69822E4
:102920001A602F4B00221A7025480EF0DFFEBDE71B
:10293000042B06D1F7F720F92B78012BB6D005230D
:10294000DCE7052BDBD1F9F787F82B78012BADD02D
:10295000214B1C702E4B08A81C700EF005FD09AB16
:102960000FCBDFF88CC00CF1040585E80F009DF853
:1029700034308CF814301F4B1C601C4C47F2305321
:102980002360174B1B7863B10FF0A2FF2368C01AB6
:10299000144B204918600023094833700EF0A6FE3E
:1029A000ADE70FF095FFF3E708210020EA070020CC
:1029B0000C210020E8200020FF5B26058FBA0300D1
:1029C00010300020EE20002004210020D82A002012
:1029D000B9BB0300C5BB0300F0200020300A002073
:1029E000EF200020F8200020CDBB0300380000209D
:1029F00010210020B0200020F42000203C00002006
:102A0000402A0020D4BA030011BB030081BB03009D
:102A1000EC20002045BB03003C4902A80EF0EBFD72
:102A200000283FF4FBAE99F8003023B9012389F860
:102A30000030374B1D603B78002B3FD1344B1B6877
:102A4000ED1A41F287339D427FF630AF31492F4D69
:102A500041F2283201238B543B7003AB0FCB2C1D6A
:102A600084E80F009DF81C302B752B4B47F2305239
:102A70001A60FCF7D1FD294929480EF018FE02A979
:102A800027480EF03DFE11E7002CCCD141F228334F
:102A9000204A89F80040D454224B1F4C1B68ED1A81
:102AA00023689D42FFF402AFFFF770FC23681E4AC3
:102AB0005B00934294BF23602260F7E61B4B1C49E6
:102AC0001A782AB10A684EF65F20AA1A82420FD9F4
:102AD000012218481A700D6002F008F830B1C8F8E9
:102AE00000000FF0F5FE144B1860DFE613491BE7FA
:102AF000134A136843F69721EB1A8B427FF6D6AE42
:102B00000C48156002F0BEF80E4BEDE710210020D6
:102B100000210020300A002038000020FCBB030008
:102B200010300020F8200020C0D40100ED2000204B
:102B3000FC200020D82A0020E820002027BC030029
:102B4000B4200020B020002008B55021034803F035
:102B5000C5FB0348BDE808400EF006BCB8200020C5
:102B6000102100200248034B40F8103B02F01EBB2E
:102B7000B820002054C5030070B5AF4B1B78A8B037
:102B8000002B00F05781AD4920A803F0B9FB249B2E
:102B9000013300F04C81192120A80EF037FEA8491E
:102BA00002A80EF0A0FE20A802F0E4FB054638B112
:102BB00020A802F02CFA41B202A80EF022FFF2E7A0
:102BC000049B002B00F030819E499F480EF08EFD43
:102BD00002A99D480EF080FD9C499B480EF086FDA1
:102BE0009B491DA80EF07FFE1DA902A80EF071FFE3
:102BF00004461DA80EF02CFE002C00F00381954920
:102C00001DA80EF070FE1DA902A80EF0B2FF04462A
:102C10001DA80EF01DFE002C7CDD05AE049B221DC0
:102C200002A930460EF0A8FF8B4901961DA80EF0B0
:102C30005AFE1DAA01A908A8FFF7C8FB1DA80EF09F
:102C400007FE86491DA80EF04EFE1DAA01A90BA87D
:102C5000FFF7BCFB1DA80EF0FBFD81491DA80EF07F
:102C600042FE1DAA01A90EA8FFF7B0FB1DA80EF099
:102C7000EFFD7C491DA80EF036FE1DAA01A911A882
:102C8000FFF7A4FB1DA80EF0E3FD77491DA80EF089
:102C90002AFE1DAA01A914A8FFF798FB1DA80EF093
:102CA000D7FD72491DA80EF01EFE1DAA01A917A886
:102CB000FFF78CFB1DA80EF0CBFD6D491DA80EF093
:102CC00012FE1DAA01A91AA8FFF780FB1DA80EF08D
:102CD000BFFD0A9B13B10D9B002B37D165495A48A4
:102CE0000EF004FD1AA80EF0B3FD17A80EF0B0FD0B
:102CF00014A80EF0ADFD11A80EF0AAFD0EA80EF05E
:102D0000A7FD0BA80EF0A4FD08A80EF0A1FD30460B
:102D10000EF09EFD584920A80EF0E8FC574920A867
:102D20000EF0E4FC20A80EF0D1FC554920A80EF0CE
:102D3000DDFC20A802F0A2FC524943480EF0D6FC6C
:102D40004FF4FA700FF080FDFFF70EFB4E4C089920
:102D50004E481F2213F03CFE3F220B9984F820506E
:102D600004F1210013F034FE3F220E9984F86050E4
:102D700004F1610013F02CFE1F22119984F8A05079
:102D800004F1A10013F024FE3F22149984F8C050EE
:102D900004F1C10013F01CFE1F22179984F80051A2
:102DA00004F2011013F014FE1AA884F820510EF05A
:102DB00043FF1AA80EF034FF1C9B142B03D91421D7
:102DC0001AA80EF01DFF1C9B1F2B03D91F211AA848
:102DD0000EF016FF1F221A992D4813F0F9FD00235B
:102DE00084F840312B4A012323702B4B13602B4A6C
:102DF00003F1400111602A4A60331360F2F75CFD71
:102E000028496CE71C4920A80EF070FC1B4920A83B
:102E10000EF06CFC20A80EF059FC234920A80EF0FF
:102E200046FC20A802F02AFC02A80EF011FD20A802
:102E300002F0BCF928B070BD08210020B8200020A5
:102E4000A5A10200E3B603001030002007B703007D
:102E500029B7030014A302002FB7030034B70300FF
:102E600039B7030044B703004DB7030056B703005A
:102E700062B703006EB70300D8B70300E8B70300DA
:102E800000B8030037B80300EA070020EB07002072
:102E90000B0900202C2100204B08002030210020AD
:102EA0002821002099B7030057B8030043090122E5
:102EB00000F01F0002FA00F02033044A42F8230019
:102EC000BFF34F8FBFF36F8F704700BF00E100E08B
:102ED00003681B78092B0BD80A4A52F823303BB100
:102EE0001A7F2AB10279012A03D1032283F82E2006
:102EF0007047022A01D10122F8E7032AF8D1022201
:102F0000F4E700BFD029002003681B78022B0BD800
:102F10000A4A52F823303BB11A7F2AB10279012ABA
:102F200003D1032283F82E207047022A01D1012207
:102F3000F8E7032AF8D10222F4E700BFC4290020F1
:102F4000036801211B6B184710B403689C6B0123B5
:102F5000A4465DF8044B604707B5037F8DF8071062
:102F600063B1437FC3B190F82C309BB1D0F83834B3
:102F7000FE2B07D9012380F82D304360002003B0D9
:102F80005DF804FBC2189DF8071082F83312013374
:102F9000C0F838340120F2E7D0F82831002BF9D0FE
:102FA00001220DF10701A4309847F3E7C0F840145F
:102FB0007047C0F84414704790F83C34D0F834049B
:102FC000C01A704790F83C34D0F834148B42024653
:102FD0003FBFC118013391F8320382F83C3428BF57
:102FE0004FF0FF30704790F83C34D0F834249342CF
:102FF0003ABFC01890F832034FF0FF30704790F896
:103000002E30022B03D090F82E30032BF7D17047CF
:1030100038B5037F0446CBB1437F4BB3D0F81C31A6
:10302000A3B190F98B00FFF741FF94F98A00FFF7F5
:103030003DFF94F98C00FFF739FF94F98D00FFF7FD
:1030400035FFD4F81C3104F13C009847A369154DB5
:10305000102235F83310002008F078FF6369102241
:1030600035F83310002008F071FF0023237738BDB6
:10307000D0F83031002BE9D090F9E500FFF716FFCA
:1030800094F9E400FFF712FF94F9E600FFF70EFF52
:1030900094F9E700FFF70AFFD4F8303104F1A400F7
:1030A000D3E700BF18C90300F8B5037F04460D46F7
:1030B000164693B1437F4BB18F18BD420BD02368A6
:1030C00015F8011B1B6820469847F6E7D0F8283111
:1030D0000BB1A43098473046F8BD1E46FBE7FFFF12
:1030E00038B5037F04460D4633B1437F23B1D0F892
:1030F0001C310BB13C309847637FDBB1294BC4F8DE
:1031000080501A6A94F824305BB327490F230022B9
:1031100084F833308D424FF0010384F8312084F875
:10312000343015D10E2384F83030FF2384F8323048
:1031300084F82F20237F53B1D4F800313BB104F140
:103140007C0104F13C00984708B10023237738BD87
:10315000022284F83020CC2284F8322084F82F30E8
:10316000E8E7124B1B68C2F302618B400E49C2F3C1
:1031700002328D4223FA02F30D4AB3FBF2F303F15C
:10318000FF3208D00B4B9D42D4D141F20F0323876D
:1031900084F83720CEE741F61A320133228784F8CB
:1031A0003730C7E700E00140A0860100942F0020DF
:1031B000006CDC02801A060017B4D0F824310191AB
:1031C0004BB10169019A00F59A742144A43003B00F
:1031D0005DF8044B1847012003B05DF8044B7047BD
:1031E0007FB54368019303681A78022A46D81A7893
:1031F0003B4B53F82240002C40D0237F002B3DD086
:10320000037A012B03D1032384F82E3036E0022BFE
:103210001DD1012384F82E30019E04F59A753246A3
:10322000294604F2323012F03AFD0021C4F8346429
:10323000216184F83C14FF22284612F054FDD4F892
:103240004034DBB1019804B0BDE870401847032B4F
:1032500001D10223D8E7042B12D184F82E30236940
:10326000019A1344FE2B2DD801212046FFF7A4FF1D
:103270000290029B13B923690133236104B070BD2E
:10328000052B09D184F82E30D4F84434002BF5D026
:1032900004B0BDE870401847062B18D1042384F809
:1032A0002E302369019A1344FE2B0BD80199204636
:1032B000FFF782FF0390039B002BDFD1019A236964
:1032C0001344DAE700212046FFF776FFD6E7072B05
:1032D00001D10523D6E7082BD0D1062394E700BF00
:1032E000C429002070B580F82530234B8362002567
:1032F0009DF8103080F83D344FF47A76DF23C0E932
:103300000156C0E905121D4E0660012205610577D0
:10331000427780F8245080F82C5080F82D50C0F867
:103320000051C0F80451C0F80851C0F80C51C0F861
:103330001051C0F81451C0F81851C0F81C51C0F811
:103340002051C0F82451C0F82851C0F82C51C0F8C1
:103350003051C0F83454C0F8385480F88A3080F8BE
:103360008B3080F88C3080F88D3080F8E43080F835
:10337000E53080F8E63070BDA0860100F4BC0300A3
:103380002DE9FF414369002B044603DA002004B015
:10339000BDE8F0818269002AF8DB8B42F6DA8A42C6
:1033A000F4DAD9B20222684602AE11F073FB30465D
:1033B0000322217E11F06EFB00203DF81010002545
:1033C0008B1109B336F81520F2B183EA9217FF0684
:1033D0001AD181EA0207FF0716D403F01F0312F087
:1033E0000100236217D1022BD0DCA3691D4D84F8A4
:1033F000240035F833101C4A1C4808F0A7FD636907
:10340000194A35F8331028E00135032DD9D10130A0
:103410000328D2D1BAE7092BB8DC12F4F04FA36924
:10342000134F104E11484FF0010584F824500CBF83
:103430004FF080624FF0A0623A4311F4F04F36F83B
:1034400033100CBF4FF080684FF0A06808F07EFD8D
:10345000636936F8331048EA0702044808F076FD3D
:10346000012094E718C9030010040107B8460020A2
:103470001000010073B501250577044606F087FAB0
:1034800001462046FFF77CFF237F18402077002865
:1034900000F09280637F002B00F0898023686B49E5
:1034A0009B6A2046984794F82430226A002B57D014
:1034B000674B43F82240674BC4F80031664BC4F8B1
:1034C0000431664BC4F80831654BC4F80C31654BC8
:1034D000C4F81031644BC4F81431644BC4F818318B
:1034E000634BC4F81C3104F12F03C4F8A030614BC6
:1034F000C4F89830236A554A84F87C300023C4E924
:10350000202394F82520C4E924339A4204F17C0353
:103510000CBF01220222C4F89C300C2384F88820BE
:1035200084F88930637F04F17C0604F1D8050096A5
:103530000195002B7BD094F82430002B72D00CF036
:103540006BF96A4606210CF063FB237F1840D4F820
:1035500000312077314604F13C00984750BB2BE006
:10356000454984F8355041F82240444AC4F80021C6
:10357000434AC4F80421434AC4F80821424AC4F823
:103580000C21424AC4F81021414AC4F81421414A8E
:10359000C4F81821404AC4F81C2104F13502C4F8CB
:1035A000A0203E4AC4F8982084F83630A2E794F868
:1035B00024301BB10023237702B070BD226A2E494C
:1035C00084F8D82041F82240204AC4F8DC20B4F81E
:1035D000F820A4F8E02094F825203149C4F82011FF
:1035E000002A3049C4F824110CBF012202222E49BE
:1035F00084F8E22040F60C42C4F82811A4F8E82030
:103600002A492B4AC4F82C11C4F8EC202949C4F8E3
:10361000301104F1D80284F8E33084F8EA30C4E9C8
:103620003C237FE70CF0F8F86A4605218BE70CF0A5
:10363000F3F807216A460CF0EBFA237F1840207755
:10364000D4F82031294604F1A40086E7A0860100C1
:10365000D0290020A5B80100B5B70100C9B6010006
:10366000D9B50100F9B5010001B601000DB60100A0
:1036700025B60100D12E0100C4290020ADCA0100E9
:10368000C5C80100F9C8010029CB010085C70100A8
:103690008DC7010099C7010075CB0100092F0100FA
:1036A000E9C10100F5BF01002DC0010061C00100AA
:1036B000E13101006DC0010010B5036804465B6A8A
:1036C0009847012363772046BDE81040FFF7D2BE3C
:1036D00038B5036804465B6A0D4698470023637754
:1036E000A4F8F8502046BDE83840FFF7C3BEFFF706
:1036F000EFBF2DE9F0471E46037F044692463BB3D9
:10370000D0F8103163B300F13C0990F888204846A6
:103710009847054668B9D4F8047157B19DF824302C
:1037200084F82E0083F00103324651464846B847DC
:1037300005460FF0D3F880460FF0D0F8089BA0EBB9
:103740000800984204D294F82E300BB9002DF3D023
:1037500094F82E30012B0CBF30460020BDE8F087D6
:103760000125E6E72DE9F0479A46037F089F0446C6
:103770009146002B39D0D0F8103123B300F13C082A
:1037800090F8882040469847054668B9D4F8086103
:1037900056B19DF8243084F82E0083F00103524680
:1037A00049464046B04705460FF098F806460FF0E8
:1037B00095F8801B874208D994F82E302BB9002D3C
:1037C000F5D004200FE00125EEE7002DF9D194F8A3
:1037D0002D3063B994F82E305BB194F82E30032B62
:1037E00014BF00200220BDE8F0870620FBE701207F
:1037F000F9E70520F7E737B590F8FC5090F8383432
:103800000191826A0092294600F233220446FFF7B2
:10381000A9FF002384F82C3003B030BD037F4BB1E7
:103820000023012280F82D30C0F8FC1080F82C20F5
:10383000C0F838347047FFF7F1BFFFF7EFBF2DE94D
:10384000F3411646027F9DF8205004460F469846E5
:10385000002A31D0B5B10368DB6A9847032D28BF31
:103860000325013DEDB2FF2D236807D0E90028FABA
:1038700001F11B68C9B220469847F2E71B6B002193
:10388000204698479DF82430FF2E28BFFF2600339E
:1038900018BF01230193A36A009304F23232F3B2FA
:1038A00039462046FFF725FF0023C4F8340484F886
:1038B0003C3402B0BDE8F0811046FAE707B5019349
:1038C00000230093FFF7BBFF03B05DF804FB8162A8
:1038D0007047FFFF13B500242346009412221321E2
:1038E0000548FFF7FFFC009423461B221A210348DA
:1038F000FFF7F8FC02B010BD342100207C25002029
:1039000070B500250446294600F8045B102212F029
:10391000EAF9104B656103F1200604F118051868F7
:1039200059682A4603C20833B3421546F7D10A4BF9
:1039300004F1380203F1080618685968154603C5F2
:103940000833B3422A46F7D118689B882860AB80B9
:10395000204670BD3CBD03005CBD0300037813B17D
:10396000043006F091B87047074B1A6A074B1B6882
:10397000C2F302608340C2F30222D3404FF47A7054
:10398000B3FBF0F0704700BF00E00140942F00202F
:1039900008B5FFF7E9FF4FF00063B3FBF0F008BD97
:1039A00008B5FFF7E1FF8903B1FBF0F008BDF8B5FA
:1039B00006460D46FFF7ECFF88421AD306F11807BA
:1039C000002437F8021B39B13046FFF7E9FF854282
:1039D00002D90134102CF4D13046FFF7C5FF042C76
:1039E00005D94FF40013B3FBF0F0854203D9E0B2E0
:1039F000F8BDFF20FCE70F20FAE72DE9F0410C317C
:103A00000646904600F13807002437F8020B36F8D6
:103A1000115045433046FFF7A7FFB5FBF0F0404596
:103A200003D37061E0B2BDE8F0810134072CECD122
:103A30002046F8E770B5037886B005460E462BBBE6
:103A4000FFF7B5FFFF28044602D1002006B070BD85
:103A5000014632462846FFF7D0FF2E1D03238DF87E
:103A600004008DF8054001A9012430468DF8063088
:103A70008DF807308DF808408DF8094005F0D8FF23
:103A80000028E2D1304605F0FFFF2C700120DDE771
:103A90000148FFF735BF00BFF829002008B50368CB
:103AA000002B02DA094811F0AAF88B4208D9490024
:103AB0008B4205D20029B6BF6FF00043016003605E
:103AC0000068BDE80840013011F065B87CBE030015
:103AD00010B50446406828B163781BB940F2AC4188
:103AE00011F086F8204610BD08B4F3B507AB0446C4
:103AF00000F10C0553F8042B01938021284613F0A4
:103B00000BF9D4F89000A8B194F89430012B11D996
:103B10000F490DF0CCFDD4F89060336828465F68FB
:103B200012F03CFF294602463046B847D4F89000D0
:103B30000DF0CCFD2846646812F030FF294602469D
:103B400020460CF001FF02B0BDE8F04001B0704724
:103B5000CCBD0300034653F8080B984201D011F086
:103B60003AB87047F8B50646456808460F4612F061
:103B700015FFA842024628BF2A46044622B139460C
:103B8000306812F07DF800B9281BF8BD012A30B466
:103B900004D191F90030037030BC7047002AFBD08B
:103BA00030BC12F07CB8FFFF00F1080373B5044687
:103BB00003600D46D1B1084612F0F0FE0F2806460C
:103BC000019006D9002101A8FFF768FF019B206042
:103BD000A360324629462068FFF7D8FF019B226880
:103BE000636000212046D15402B070BD014811F03D
:103BF00003F800BF94BE03002DE9F347DDF82880E9
:103C0000164642689A46A8EB0603571A1344026800
:103C1000019300F108039A420D46044614BF8168DF
:103C20000F2101A8FFF73AFFBF1B81461DB12A46AD
:103C30002168FFF7ABFFBAF1000F08D0B8F1000F11
:103C400005D04246514609EB0500FFF79FFF47B1FB
:103C500021682E4405EB08003A4631444844FFF7FA
:103C600095FF2046FFF776FF019BC4F80090A36004
:103C700002B0BDE8F087F7B50268466800F10803B6
:103C80009A4218BF836806F1010508BF0F239D42C1
:103C900004460F4606D90123009300231A463146F5
:103CA000FFF7AAFF23689F552368656000225A55D5
:103CB00003B0F0BD012A30B404D191F90030037093
:103CC00030BC7047002AFBD030BC11F0F3BFFFFFBF
:103CD0002DE9F74F8146144640680C9E02F10042E0
:103CE000013A121A9642984602D9374810F087FFD7
:103CF0004A46A6EB040B52F8083B934218BFD9F88A
:103D000008200BEB000A08BF0F22524552D35F1860
:103D10009845A0EB0101A1EB040522D3034498458B
:103D20001FD876BB95B1B44210D02A463919B819BC
:103D3000FFF7C0FFB44209D23C4408EB06039C42A3
:103D400027D3324641463846FFF7B4FFD9F8003052
:103D5000C9F804A00022484603F80A2003B0BDE8D1
:103D6000F08F35B1B44204D02A463919B819FFF79B
:103D7000A1FF002EEAD0324641463846FFF706FF43
:103D8000E4E7B4421DD3324641463846FFF792FF7E
:103D9000C8E7444503D8324608EB0B01EDE7A4EB36
:103DA0000804224641463846FFF784FF321BB91902
:103DB0003819E3E70096434622464846FFF71CFFC2
:103DC000C4E7002DB8D0B0E763BE030037B50446A2
:103DD00008460D4612F0E2FD2B4600906268002175
:103DE0002046FFF775FF03B030BDFFFF2DE9F04F10
:103DF0008FB00AAB039106460893984903980023B5
:103E000009938DF828309246FFF7ACFE031C04900E
:103E1000D6F8900018BF0123069328B196F8943085
:103E200013B18F490DF043FC0EF052FD4FF0000826
:103E3000CDE901880123DFF850B205904746994645
:103E4000444607930EF044FD059BB268C01A9042A9
:103E500000F21C81079B5BB1706802681269904791
:103E6000079B0028EDD0706803685B69984745B2EE
:103E7000D6F8900038B196F8943023B10A2D24D1A9
:103E800078490DF014FCD6F8900060B196F89430A3
:103E9000022B08D974490DF00AFC0A222146D6F8F3
:103EA00090000DF079FC631E072B29D8DFE813F092
:103EB0003A005C0081008D009000BA002D01A50041
:103EC000092C00F0E5800123BBE70D2D01D16749E6
:103ED000D7E7202D01D16649D3E71F2D0CDC6549BA
:103EE0000DF0E5FB29460A22D6F890000DF077FC8C
:103EF0006149D6F89000C4E729460DF0DCFBC2E723
:103F00002B2D05D1294608A8FFF7B5FE0124DAE7D5
:103F10001BF90730AB4240F09F80DDF81880013775
:103F20000824D0E73A2D294608A801D03D2D3DD1DF
:103F3000FFF7A1FE049B8BB1039B099A5B689A4231
:103F400006D15AB1039B0898196811F099FE28B15F
:103F50004A4908A8FFF73AFF4FF001084749504681
:103F6000FFF734FF0224AEE77C2D11D1DAF8000010
:103F700011F069FD0023CAF80430DAF8003002902D
:103F80004FF000021A7000280CBF052403249AE7A2
:103F90000D2D00F0B1800A2D00F0B08096F88C3025
:103FA00013B1202D00F0AC8029465046FFF763FE88
:103FB00089E729465046FFF75EFE019B029A0133CE
:103FC0000193934208BF05247DE70A2D08BF05240D
:103FD0002B495046FFF7C6FD60B12A495046FFF70E
:103FE000C1FD002804BF4FF0010909244F2D2AD13B
:103FF000012795E781460924F8E71BF907207B1C78
:1040000058460793AA4218BF072412F0C7FC079B23
:1040100098426FD107464FF00009B8F1000F19D14F
:10402000092435E01BF907207B1C58460793AA4258
:1040300018BF072412F0B2FC079B98425AD10746DA
:104040004FF00109E9E7B8F1000F3FF439AF092C4F
:104050007FF439AF4FF00008002434E71DBE0300A1
:104060002ABE030030BE03004BBE030035BE030072
:104070003ABE03003FBE030033BE0300A5A1020009
:10408000E5B703009DBD030041BE03004FF00309E7
:10409000D6F89000B8B196F89430022B13D91E4987
:1040A0000DF005FB0A222146D6F890000DF072FBB8
:1040B0001A49D6F890000DF0FAFA0A224946D6F8C5
:1040C00090000DF069FBD6F89000012386F88C3043
:1040D00048B196F8943033B111490DF0E8FAD6F8AA
:1040E00090000DF0F3FA08A8FFF734FD48460FB032
:1040F000BDE8F08F1F46E6E60424E4E60524E2E688
:10410000B8F1000F7FF4DFAE9BE6002398464FF036
:1041100002091C4695E600BF46BE030053BE0300DD
:1041200059BE030030B50446406803688DB05B6833
:10413000984706AA1D496846FFF736FD08AB069367
:1041400006AA00236946204607938DF82030FFF722
:104150004DFE0546D4F8900088B194F89430012BB8
:104160000DD913490DF0A3FA0699D4F890000DF07B
:10417000BDFA7DB90F49D4F890000DF0B7FA06A842
:10418000FFF7E8FC6846FFF7E5FCB5FA85F0400963
:104190000DB030BD012DD4F8900001D10649ECE7F7
:1041A000032D0CBF05490649E7E700BF1DBE03000C
:1041B0006ABD030084BD030092BD0300A3BD0300DC
:1041C000B6BD030008B42DE9F3431646044609AB17
:1041D000306853F8042B0193884604F10C05002144
:1041E000716001708021284612F096FDD4F890008D
:1041F000B0B10DF06BFA2449D4F890000DF057FAE5
:10420000D4F890703B682846D3F8049012F0C6FBAF
:10421000294602463846C847D4F890000DF056FAB1
:104220002846676812F0BAFB2946024638460CF069
:104230008BFB324641462046FFF7D8FD0546D4F8B1
:10424000900068B111490DF032FA3168D4F890004D
:104250000DF04CFA65B90E49D4F890000DF046FA0D
:10426000B5FA85F0400902B0BDE8F04301B07047EF
:10427000012DD4F8900001D10649EFE7032D0CBFC2
:1042800005490649EAE700BF07BE030011BE030067
:1042900084BD030092BD0300A3BD0300B6BD0300AF
:1042A0002DE9F0430446406891B01646002834D00A
:1042B0002378002B31D10368194DDB69DFF86C904E
:1042C000DFF86C80174F98470AAA174904A8FFF730
:1042D0006BFC60680368DB6898474FF4FA72AA6069
:1042E0002378A3B9002E12DD03AA49460AA8FFF7D6
:1042F0005BFC3B4604AA0AA9CDF800800848FFF7FA
:1043000061FF20700AA8FFF725FC013EE8E742F2B2
:10431000107304A8AB60FFF71DFC11B0BDE8F0837B
:10432000402A0020A2AF0200A5A10200E4BD0300C4
:10433000F4BD0300074B084858600022012142F2F7
:1043400010701A705970986083F88C1083F894205C
:10435000704700BF402A0020683900200148FFF75D
:10436000B7BB00BF402A002008B50368002B02DA63
:10437000094810F044FC8B4208D949008B4205D211
:104380000029B6BF6FF00043016003600068BDE81C
:104390000840013010F0FFBB7CBE030073B542F251
:1043A0001073036000F5F8730025C0F8E8310126AA
:1043B00000F50273044680F8E451C0F8EC5180F82F
:1043C000F051C0F80032C0F8045280F808520423BB
:1043D0000096A822C02100F506700CF0CDFF3346F0
:1043E0000096A822C02104F50C700CF0C5FFFF2335
:1043F00000951A46194604F512700CF0BDFF2046D0
:1044000002B070BD70B50446064B44F8043B0B1D6A
:1044100005460E460FCB84E80F00337D2B752846EA
:1044200070BD00BF34CB03000160704770B50B4610
:1044300000F10802026053F8084BA3420FD11C465A
:1044400001F1180554F8046B42F8046BAC42F9D141
:104450004A6842600B6000234B600B7270BD0460C1
:104460008A688260F4E72DE9F7430346466804460C
:1044700053F8080B98428846174602EB06052CD0E5
:10448000A1688D420DD827B13A4641463044FFF726
:104490007DFB23686560002220465A5503B0BDE8C5
:1044A000F083019501A8FFF75FFF81461EB13246F8
:1044B0002168FFF76BFBB8F1000F06D02FB13A4629
:1044C000414609EB0600FFF761FB2046FFF742FB80
:1044D000019BC4F80090A360DBE70F2DD3D90195B1
:1044E0000F21DFE708B5D1E90012FFF7BCFF08BDD7
:1044F00038B5044608460D4612F050FA61686FF070
:1045000000435B1A8342024602D2044810F077FB54
:1045100029462046FFF7A7FF38BD00BF94C003001F
:1045200008B4F0B50D46114682B0044601F10E0004
:1045300020F0070000AF07F11C03ADEB000D6E4645
:1045400053F8042B3B603046A84704F108030F28BA
:1045500005462360786006D90021381DFFF704FF67
:104560007B682060A3602A4631462068FFF70EFB77
:104570007B6822686360002120460837D154BD461D
:10458000BDE8F04001B0704713B5054B0091102213
:1045900004490446FFF7C4FF204602B010BD00BF27
:1045A00057BB0200196D020073B505460E4619B9D6
:1045B00012B10D4810F020FB941B0F2C019406D96A
:1045C000002101A8FFF7D0FE019B2860AB602246C6
:1045D00031462868FFF7DAFA019B2A686B600021F0
:1045E000D15402B070BD00BF94BE030038B500F1D5
:1045F0000803044603600D4649B1084612F0CEF99F
:104600002A1820462946FFF7CFFF204638BD4FF035
:10461000FF32F6E72DE9F043DFF81093C14CB7B055
:104620000546884606A8C0491E461746FFF7DEFF26
:10463000032248464FF4E131FFF732FE00214046A5
:104640000CF0EAFF017830A8FFF79EFF214630A862
:10465000FFF74EFF01460CA8FFF7E8FE30A8FFF772
:1046600079FA012140460CF0D7FF01782AA8FFF71C
:104670008BFF21462AA8FFF73BFF014630A8FFF732
:10468000D5FE30A90CA8FFF72DFF30A8FFF762FA7E
:104690002AA8FFF75FFA022140460CF0BDFF01781F
:1046A0002AA8FFF771FF21462AA8FFF721FF01463C
:1046B00030A8FFF7BBFE30A90CA8FFF713FF30A806
:1046C000FFF748FA2AA8FFF745FA032140460CF005
:1046D000A3FF017830A8FFF757FF30A90CA8FFF718
:1046E00001FF30A8FFF736FA002138460CF094FF9E
:1046F000017830A8FFF748FF214630A8FFF7F8FE01
:10470000014612A8FFF792FE30A8FFF723FA012115
:1047100038460CF081FF01782AA8FFF735FF2146C3
:104720002AA8FFF7E5FE014630A8FFF77FFE30A973
:1047300012A8FFF7D7FE30A8FFF70CFA2AA8FFF758
:1047400009FA022138460CF067FF01782AA8FFF722
:104750001BFF21462AA8FFF7CBFE014630A8FFF732
:1047600065FE30A912A8FFF7BDFE30A8FFF7F2F9E9
:104770002AA8FFF7EFF9032138460CF04DFF017826
:1047800030A8FFF701FF30A912A8FFF7ABFE30A851
:10479000FFF7E0F9002130460CF03EFF017830A829
:1047A000FFF7F2FE214630A8FFF7A2FE014618A847
:1047B000FFF73CFE30A8FFF7CDF9012130460CF0A1
:1047C0002BFF01782AA8FFF7DFFE21462AA8FFF772
:1047D0008FFE014630A8FFF729FE30A918A8FFF781
:1047E00081FE30A8FFF7B6F92AA8FFF7B3F9022136
:1047F00030460CF011FF01782AA8FFF7C5FE2146CC
:104800002AA8FFF775FE014630A8FFF70FFE30A972
:1048100018A8FFF767FE30A8FFF79CF92AA8FFF752
:1048200099F9032130460CF0F7FE017830A8FFF724
:10483000ABFE30A918A8FFF755FE30A8FFF78AF99C
:1048400000213E980CF0E8FE017830A8FFF79CFEAE
:10485000214630A8FFF74CFE01461EA8FFF7E6FDF3
:1048600030A8FFF777F901213E980CF0D5FE0178CA
:104870002AA8FFF789FE21462AA8FFF739FE01463C
:1048800030A8FFF7D3FD30A91EA8FFF72BFE30A8F4
:10489000FFF760F92AA8FFF75DF902213E980CF0B6
:1048A000BBFE01782AA8FFF76FFE21462AA8FFF772
:1048B0001FFE014630A8FFF7B9FD30A91EA8FFF77B
:1048C00011FE30A8FFF746F92AA8FFF743F90321A4
:1048D0003E980CF0A1FE017830A8FFF755FE30A9F4
:1048E0001EA8FFF7FFFD30A8FFF734F900213F981D
:1048F0000CF092FE017830A8FFF746FE214630A862
:10490000FFF7F6FD014624A8FFF790FD30A8FFF75A
:1049100021F901213F980CF07FFE01782AA8FFF7CA
:1049200033FE05E0A6B60300A5A10200402A002040
:1049300021462AA8FFF7DCFD014630A8FFF776FDE7
:1049400030A924A8FFF7CEFD30A8FFF703F92AA865
:10495000FFF700F902213F980CF05EFE01782AA8CB
:10496000FFF712FE21462AA8FFF7C2FD014630A834
:10497000FFF75CFD30A924A8FFF7B4FD30A8FFF7CE
:10498000E9F82AA8FFF7E6F803213F980CF044FE67
:10499000017830A8FFF7F8FD30A924A8FFF7A2FDA1
:1049A00030A8FFF7D7F808F104030FCB05F507741B
:1049B00084E80F0098F8143085F82C323B1D0FCB9B
:1049C00005F50D7484E80F003B7D85F84432331DF6
:1049D0000FCB05F5137484E80F00337D85F85C3246
:1049E000204930A8FFF702FE0C9B189A0193CDE9ED
:1049F00002321D4B009306AA1C4B30A94846FFF714
:104A0000E1FB30A8FFF7A6F8194930A8FFF7EEFD43
:104A1000249B05931E9B0493189B0393129B029364
:104A20000C9B0193134B009306AA134B30A94846E5
:104A3000FFF7C8FB30A8FFF78DF824A8FFF78AF826
:104A40001EA8FFF787F818A8FFF784F812A8FFF749
:104A500081F80CA8FFF77EF806A8FFF77BF837B0BF
:104A6000BDE8F083D6BF0300F2BF0300E5BF03003B
:104A700003C003001EC003000BC003002DE9F0417A
:104A8000ACB000241F46FF23064688461546009416
:104A90001A46194602A80CF06FFC234622460094E1
:104AA000214608A80CF068FC41460EA8FFF7AAFCB6
:104AB000394614A8FFF7A6FC20AC02A91AA8FFF7F4
:104AC000A1FC2946204626ADFFF79CFC08A92846F4
:104AD000FFF798FCCDE900451AAB14AA0EA93046A1
:104AE000FFF798FD2CB0BDE8F081FFFF10B5032261
:104AF0008EB04FF4E1311248FFF7D2FB114902A802
:104B0000FFF774FD104908A8FFF770FD0F4B0093E5
:104B100002AA0F4B0A4808A9FFF754FB044608A84D
:104B2000FFF718F82CB10A220021029812F00CF8B5
:104B3000044602A8FFF70EF820460EB010BD00BFD5
:104B4000402A0020A5A1020053C003005DC003005D
:104B500019C0030010B503228CB04FF4E1311148A5
:104B6000FFF79EFB10496846FFF740FD0F4906A876
:104B7000FFF73CFD0E4B0B486A4606A9FFF722FBE8
:104B8000044606A8FEF7E6FF34B101200DF05CFEF6
:104B9000009810F058FFC4B26846FEF7DBFF2046CD
:104BA0000CB010BD402A0020A5A10200BABF03002E
:104BB000C6BF0300F0B591B004460E4604A82849CC
:104BC000284D1746FFF712FD03224FF4E131264826
:104BD000FFF766FB25490AA8FFF708FD01230193AB
:104BE000234B00930AA9234B1F4804AAFFF7EAFAB4
:104BF0000AA8FEF7AFFF20490AA8F7B9FFF7F6FCAD
:104C0000CDE900561D4B184804AA0AA9FFF7DAFAA5
:104C100005460AA8FEF79EFFDDB10DF059FE0546D8
:104C20000DF056FE2368401B984212D22046FFF733
:104C300091FF0328F4D104460CE0FFF7D7FCCDE93F
:104C4000016700950E4B084804AA0AA9FFF7BAFAB3
:104C5000DEE7042404A8FEF77DFF204611B0F0BD76
:104C6000A5A10200A3BF0300402A002052BF0300F9
:104C70008BBF030084BF030098BF0300E8BE03009E
:104C8000B0BF030010B58CB00E496846FFF7AEFC0C
:104C90000D4906A8FFF7AAFC0C4B0D486A4606A969
:104CA000FFF790FA044606A8FEF754FF1CB10098DF
:104CB00010F0C9FE04466846FEF74CFF20460CB0D3
:104CC00010BD00BFA5A102003ABF030044BF03000E
:104CD000402A002070B503228EB005464FF4E13122
:104CE0002848FFF7DDFA0024274902A8FFF77EFCD9
:104CF000234622462146009428460CF03DFB2349DA
:104D000008A8FFF773FC224B009302AA214B1D4811
:104D100008A9FFF757FA064608A8FEF71BFFD6B109
:104D2000029810F090FE01281BD11B4908A8FFF73C
:104D30005DFC1A4B00930194194B124802AA08A972
:104D4000FFF740FA044608A8FEF704FF1CB10299D9
:104D500028460CF043FC02A8FEF7FCFE28460EB0E5
:104D600070BD029810F06FFE0228F4D10D4908A81A
:104D7000FFF73CFC0C4B034802AA08A9FFF722FAF4
:104D8000E0E700BF402A0020A5A1020052BF0300B7
:104D90005DBF0300A2AF020082C003008AC003000F
:104DA00084BF030069C0030074C0030010B5104C39
:104DB00010498EB002A8FFF719FC032220464FF4D9
:104DC000E131FFF76DFA0C4908A8FFF70FFC0B4B18
:104DD000009302AA0A4B08A92046FFF7F3F908A896
:104DE000FEF7B8FE02A8FEF7B5FE0EB010BD00BF7C
:104DF000402A0020A5A10200E4BD0300F4BD030089
:104E0000A2AF020010B5104C10498CB06846FFF7F5
:104E1000EDFB032220464FF4E131FFF741FA0C4944
:104E200006A8FFF7E3FB0B4B6A4606A92046FFF7EF
:104E3000C9F9044606A8FEF78DFE6846FEF78AFE0D
:104E400020460CB010BD00BF402A0020A5A10200E2
:104E5000BEBE0300CBBE030010B58EB00C4602A848
:104E60000B49FFF7C3FB0B4908A8FFF7BFFB0A4B31
:104E7000009302AA094B019408A90948FFF7A2F977
:104E800008A8FEF767FE02A8FEF764FE0EB010BD8C
:104E9000A5A10200FEBE030008BF0300E8BE030098
:104EA000402A002070B590B00C4604A81E491E464A
:104EB0001546FFF79BFB03224FF4E1311B48FFF738
:104EC000EFF91B490AA8FFF791FB02230193194B45
:104ED000009304AA184B15480AA9FFF773F90AA80A
:104EE000FEF738FE15490AA8FFF780FB144B019422
:104EF0000093CDE90256134B0C4804AA0AA9FFF708
:104F000061F904460AA8FEF725FE24B1049810F0C2
:104F10009AFD012806D0092404A8FEF71BFE2046AE
:104F200010B070BD0724F7E7A5A10200402A0020B9
:104F300052BF03008BBF030084BF030028C00300DF
:104F400043C0030036C003000123014AFFF7AABF94
:104F5000A5A1020010B58CB017496846FFF746FBC3
:104F600003224FF4E1311548FFF79AF9144906A8D6
:104F7000FFF73CFB134B11486A4606A9FFF722F9DD
:104F8000044606A8FEF7E6FD9CB10C2200210E485F
:104F90000D4C10F0A8FE019A00990B480B2A28BF6F
:104FA0000B2210F07CFE6846FEF7D4FD20460CB0C4
:104FB00010BD064CF7E700BFA5A10200402A002063
:104FC0001EBF03002ABF0300382D002015BF0300B9
:104FD0000148FFF7E3B900BFD82A002010B5054CFF
:104FE00004F50070FEF7B6FD04F5F470FEF7B2FDAF
:104FF00010BD00BFD82A002013B502AB026803F829
:10500000011D546819460122A04702B010BD07B522
:10501000036801225B6A0DF10701984701280CBF64
:105020009DF807004FF0FF3003B05DF804FB006906
:105030000B69C31A584258417047704700207047A7
:1050400040F20C41C0680FF0D3BD10B510210446EA
:105050000FF0CEFD204610BD08B5FFF7F6FF08BDE6
:105060007FB503680446164601A81D6A0CF0F6F9E0
:10507000324601992046A847044601A80CF0E8FBF7
:10508000204604B070BD036810B504469B6898477D
:10509000A368013BA3602BB923682046DB68BDE809
:1050A0001040184710BDFFFF00F1080370B504461B
:1050B00003600E46B1B1084611F070FC0F2805469A
:1050C00004D901300FF067FDA5602060012D206834
:1050D0000BD196F9003003702368656000225A55A1
:1050E000204670BD04480FF087FD002DF4D02A46FD
:1050F000314610F0D4FDEFE794BE0300036813B906
:1051000062B6BFF36F8F704713B5EFF31083009350
:105110000123019372B6019B5A1E019233B10468B8
:105120006846FFF7EBFF204602B010BD6846FFF768
:10513000E5FFF8E713B50446EFF31083009301236E
:10514000019372B6019B5A1E0192684633B1FFF774
:10515000D5FF601CC0F3090002B010BDFFF7CEFF01
:10516000FAE7FFFF0023C0E905334FF47A72C0E984
:105170000132C3610B6903618B698361CB69044AA6
:1051800002601BB15A6801325A60C361704700BFA8
:1051900044C2030010B50446006828B14368013BCF
:1051A00043600BB9FFF76FFF204610BD10B5044BED
:1051B000044640F81C3BFFF7EDFF204610BD00BF42
:1051C00044C2030030B50369002B8FB0044607DBEF
:1051D0000368DB6A984718B9236820469B6A98479A
:1051E0002369013321D1124902A8FFF75DFF032291
:1051F0004FF4E1310F48FFF753F80F4908A8FFF7C4
:1052000053FF0E4B009302AA0D4B0A4808A9FEF764
:10521000D9FF054608A8FEF79DFC1DB1029810F0C5
:1052200012FC206102A8FEF795FC0FB030BD00BF54
:10523000A5A10200402A00201DC203002BC20300CA
:10524000A2AF020070B5044692B00D461646FFF7B5
:10525000B9FF2369002B25DB1E4906A8FFF724FFB1
:1052600003224FF4E1311C48FFF71AF86369DBB100
:105270001A490CA8FFF718FF63690295CDE903638B
:1052800023690193164B009306AA164B12480CA9EA
:10529000FEF798FF04460CA8FEF75CFC06A8A4B92C
:1052A000FEF758FC002013E00F490CA8FFF7FCFEA6
:1052B000CDE90256236901930C4B009306AA0C4BCF
:1052C00005480CA9FEF77EFFE4E7FEF743FC01204A
:1052D00012B070BDA5A10200402A00205CC10300ED
:1052E0007CC103006CC103008EC10300AFC1030089
:1052F000A2C1030070B50369002B90B005460E46AD
:1053000014462ADB164904A8FFF7CEFE03224FF409
:10531000E1311448FEF7C4FF13490AA8FFF7C4FEA1
:1053200002942B690193114B009304AA104B0D4872
:105330000AA9FEF7D9FB0AA8FEF70CFC2246314663
:105340000848FEF7EFFE054604A825B1FEF702FC6B
:10535000204610B070BDFEF7FDFB0024F8E700BF4B
:10536000A5A10200402A002036C103004DC1030060
:1053700043C1030030B50369002B8FB0054635DB10
:1053800084695CB104F58160FFF7BEFE002808DD8A
:10539000A86900F58160FFF7B7FE044620460FB00C
:1053A00030BD154902A8FFF77FFE03224FF4E1311B
:1053B0001248FEF775FF124908A8FFF775FE2B6922
:1053C0000193104B009302AA0F4B0C4808A9FEF75B
:1053D000F9FE044608A8FEF7BDFB4CB1029810F098
:1053E00032FB041E04DA02A8FEF7B4FB0024D5E762
:1053F00002A8FEF7AFFBD1E7A5A10200402A0020DA
:10540000DDC10300E9C1030084BF03002DE9F04FB3
:105410000369002B93B00746C0F287808369002B95
:1054200000F08380424906A8FFF73EFEBA69EFF319
:1054300010830C9301230D9372B60D9B591E0D9191
:105440001BB1D2F80854C5F580653A4E0CA8FFF799
:1054500055FE0024032230464FF4E131FEF720FFD1
:10546000013D86F88C4034490CA8FFF71DFE0295DB
:105470003B690193314B00933046314B06AA0CA98E
:10548000FEF7A0FE06460CA8FEF764FB002E41D0F6
:10549000079B002B47D04FF00109CA46AC4239D2D6
:1054A000079B9C4236D2069BBE6913F804B0EFF30B
:1054B0001083CDE9043972B6059B5A1E059223B3B9
:1054C000EFF31083CDE90C3A72B60D9B5A1E0D9284
:1054D0003BB1D6F80834A3F58063D3F1000848EB5C
:1054E00003080CA8FFF70AFEB8F1000FE4D1D6F8C4
:1054F000000406F800B0FFF71DFED6F80834C6F821
:1055000000040133C6F80834D6E704A8FFF7F6FD17
:105510000134C3E74FF0FF3406A8FEF71BFB20461B
:1055200013B0BDE8F08F1C46F6E74FF0FF34F6E706
:10553000A5A10200402A002002C1030012C10300FD
:1055400043C1030038B5044680690D4650B100F5EB
:105550008160FFF7D9FDA84204D22046BDE838405B
:10556000FFF754BF38BD2DE9F74F07468A4611466D
:105570001646FFF7E7FF3B69002B33DBBC6994B3AA
:105580004FF0010B56440024D946B2452BD0BBF155
:10559000000F28D0BD69D5F808344BB995F80080C4
:1055A0009B460AF8018BBBF1000FEED00134ECE70B
:1055B000EFF31083CDE9003972B6019B5A1E0192B8
:1055C00063B1D5F8040415F80080FFF7B3FDD5F8F2
:1055D0000834C5F80404013BC5F808346846FFF7F1
:1055E0008DFDDEE70024204603B0BDE8F08F10B546
:1055F00004460121FFF7A6FF2369002B0ADBA369FC
:1056000043B1D3F808241AB1D3F80424985C10BD30
:10561000FF20FCE74FF0FF30F9E7FFFF10B503690B
:10562000002B8EB004461DDB0F4902A8FFF73CFD9E
:1056300003224FF4E1310D48FEF732FE0C4908A871
:10564000FFF732FD236901930A4B009302AA0A4B2C
:10565000064808A9FEF7B6FD08A8FEF77BFA02A8DF
:10566000FEF778FA0EB010BDA5A10200402A002076
:1056700024C103002CC1030084BF030010B50369DB
:10568000002B8EB0044620DB154902A8FFF70CFD65
:1056900003224FF4E1311348FEF702FE124908A835
:1056A000FFF702FD23690193104B009302AA104BF0
:1056B0000C4808A9FEF786FD08A8FEF74BFA4FF044
:1056C000FF33236102A8FEF745FAA3690022C3F85D
:1056D0000024C3F80424C3F808240EB010BD00BF92
:1056E000A5A10200402A0020E4C00300F2C003008C
:1056F00084BF030010B503688EB01B690446984749
:10570000002829DC2369002B28DB154902A8FFF7B4
:10571000CBFC03224FF4E1311248FEF7C1FD1249E0
:1057200008A8FFF7C1FC23690193104B009302AA5C
:105730000F4B0C4808A9FEF745FD044608A8FEF7E4
:1057400009FA1CB1029810F07EF9C4B202A8FEF763
:1057500001FA20460EB010BD0124FAE70024F8E754
:10576000A5A10200402A0020F7C1030009C20300DE
:1057700084BF030030B50C4695B0054602A80BF077
:10578000F3FD2369002B34DB1E4908A8FFF78CFCCE
:1057900003224FF4E1311C48FEF782FD1B490EA89D
:1057A000FFF782FC23690193194B009308AA194B58
:1057B00015480EA9FEF706FD04460EA8FEF7CAF925
:1057C000A4B108992C4602A80BF008FF124B44F82C
:1057D000043B03AB0FCB84E80F009DF81C302B7506
:1057E00008A8FEF7B7F9284615B030BD08A8FEF79F
:1057F000B1F9002300931A46194628460BF0BCFD68
:10580000F1E700BFA5A10200402A0020C5C10300A6
:10581000D0C1030084BF030034CB030010B503697B
:10582000002B8EB0044626DB144902A8FFF73CFC8F
:1058300003224FF4E1311248FEF732FD114908A866
:10584000FFF732FC236901930F4B009302AA0F4B21
:105850000B4808A9FEF7B6FC044608A8FEF77AF93B
:105860001CB1029810F0EFF884B202A8FEF772F9AA
:1058700020460EB010BD0024FAE700BFA5A102002B
:10588000402A0020C8C00300D5C0030084BF030025
:1058900013B500230446D1E90002C1E900332368AF
:1058A000206002A80093636840F8043D6260FFF73F
:1058B00071FC204602B010BD73B54FF47A73002519
:1058C000C0E90153174B03604FF0FF33C0E90435C3
:1058D0000446C0E9065540F20C400FF05CF94FF465
:1058E00080620646294610F0FEF91020C6F80054E2
:1058F000C6F80454C6F80854CDE900650FF04BF91A
:105900000123C0E90133084B0360C660019069467A
:1059100004F11800FFF7BCFF01A8FFF73BFC20468D
:1059200002B070BD44C20300B4C0030073B54FF4AD
:105930007A730025C0E90153164B03600446C0E9A1
:105940000415C0E9065540F20C400FF024F94FF45D
:1059500080620646294610F0C6F91020C6F80054A9
:10596000C6F80454C6F80854CDE900650FF013F9E1
:105970000123C0E90133084B0360C660019069460A
:1059800004F11800FFF784FF01A8FFF703FC20468D
:1059900002B070BD44C20300B4C0030013B502AB33
:1059A000026803F8011D546819460122A04702B09D
:1059B00010BD07B5036801225B6A0DF10701984726
:1059C00001280CBF9DF807004FF0FF3003B05DF8D1
:1059D00004FB00690B69C31A5842584170477FB5F0
:1059E00003680446164601A81D6A0BF037FD3246CF
:1059F00001992046A847044601A80BF029FF20463C
:105A000004B070BD00F1080370B5044603600E4693
:105A1000B1B1084610F0C2FF0F28054604D9013085
:105A20000FF0B9F8A5602060012D20680BD196F920
:105A3000003003702368656000225A55204670BD0F
:105A400004480FF0D9F8002DF4D02A46314610F062
:105A500026F9EFE794BE030013B5EFF3108300932C
:105A60000123019372B6019B5A1E019233B104685F
:105A70006846FFF743FB204602B010BD6846FFF7BB
:105A80003DFBF8E713B50446EFF3108300930123C1
:105A9000019372B6019B5A1E0192684633B1FFF71B
:105AA0002DFB601CC0F3090002B010BDFFF726FB00
:105AB000FAE7FFFF10B50446FFF7FEFE054B236033
:105AC0004FF0FF320023C4E90832C4E90A3320460C
:105AD00010BD00BF84C4030010B5034B036004462F
:105AE000FFF764FB204610BD84C4030030B5036992
:105AF000002B8FB0044607DB0368DB6A984718B9B0
:105B0000236820469B6A98472369013321D11249B3
:105B100002A8FFF777FF03224FF4E1310F48FEF7A9
:105B2000BFFB0F4908A8FFF76DFF0E4B009302AAB9
:105B30000D4B0A4808A9FEF745FB054608A8FEF7E5
:105B400009F81DB102980FF07EFF206102A8FEF750
:105B500001F80FB030BD00BFA5A10200402A00200F
:105B600057C4030068C40300A2AF02002DE9F0414E
:105B7000044692B00D461646FFF7B8FF4749484F16
:105B800006A8FFF73FFF206A002832D010F006FF7A
:105B9000444980460CA8FFF735FFCDF808802369FB
:105BA000414806AA0CA9CDE90073404BFDF79CFFC4
:105BB0000CA8FDF7CFFF4246216A3B48FEF7B2FA38
:105BC000002829D0E36A002B2EDC6369002B4ED11C
:105BD00037490CA8FFF716FFCDE902562369019358
:105BE000344B009306AA344B2F480CA9FEF7EAFA6F
:105BF0004FE02C490CA8FFF705FF23692A48CDE99F
:105C0000007306AA2D4B0CA9FEF7DCFA07460CA878
:105C1000FDF7A0FF002FD5D1002406A8FDF79AFFBD
:105C2000204612B0BDE8F081A36A002BCDD0636A94
:105C3000002BCADB22490CA8FFF7E4FEE36A0393BA
:105C4000636A0293236901931E4B009306AA0CA971
:105C50001D4B1548FDF748FF0CA8FDF77BFFD4E965
:105C60000A121148FEF75EFA0028AED1D4E71749B0
:105C70000CA8FFF7C7FE63690295CDE903632369AA
:105C80000193134B009306AA124B07480CA9FEF789
:105C900099FA04460CA8FDF75DFFBEE7A5A1020036
:105CA0005EC3030052C30300402A002043C1030027
:105CB000BDC30300D4C30300A2C1030084BF03001B
:105CC0006CC3030086C3030079C3030095C30300BC
:105CD000A8C303006CC1030070B50369002B90B02A
:105CE00005460E4614462ADB164904A8FFF78AFE2D
:105CF00003224FF4E1311448FEF7D2FA13490AA8FF
:105D0000FFF780FE02942B690193114B009304AAC4
:105D1000104B0D480AA9FDF7E7FE0AA8FDF71AFF88
:105D2000224631460848FEF7FDF9054604A825B18C
:105D3000FDF710FF204610B070BDFDF70BFF0024EB
:105D4000F8E700BFA5A10200402A002030C30300ED
:105D500040C3030043C1030030B50369002B8FB07B
:105D6000054635DB84695CB104F58160FFF774FE9C
:105D7000002808DDA86900F58160FFF76DFE044684
:105D800020460FB030BD154902A8FFF73BFE0322A5
:105D90004FF4E1311248FEF783FA124908A8FFF7E1
:105DA00031FE2B690193104B009302AA0F4B0C4854
:105DB00008A9FEF707FA044608A8FDF7CBFE4CB188
:105DC00002980FF040FE041E04DA02A8FDF7C2FE9E
:105DD0000024D5E702A8FDF7BDFED1E7A5A102008A
:105DE000402A00200BC403001AC4030084BF030030
:105DF0002DE9F04F0369002B93B00746C0F287806E
:105E00008369002B00F08380424906A8FFF7FAFD62
:105E1000BA69EFF310830C9301230D9372B60D9BB7
:105E2000591E0D911BB1D2F80854C5F580653A4E44
:105E30000CA8FFF763F90024032230464FF4E13148
:105E4000FEF72EFA013D86F88C4034490CA8FFF786
:105E5000D9FD02953B690193314B00933046314B9C
:105E600006AA0CA9FEF7AEF906460CA8FDF772FECD
:105E7000002E41D0079B002B47D04FF00109CA46A6
:105E8000AC4239D2079B9C4236D2069BBE6913F8BE
:105E900004B0EFF31083CDE9043972B6059B5A1EA6
:105EA000059223B3EFF31083CDE90C3A72B60D9B44
:105EB0005A1E0D923BB1D6F80834A3F58063D3F196
:105EC000000848EB03080CA8FFF718F9B8F1000F19
:105ED000E4D1D6F8000406F800B0FFF7D3FDD6F8F9
:105EE0000834C6F800040133C6F80834D6E704A81D
:105EF000FFF704F90134C3E74FF0FF3406A8FDF7BC
:105F000029FE204613B0BDE8F08F1C46F6E74FF09F
:105F1000FF34F6E7A5A10200402A0020E4C20300F6
:105F2000F7C2030043C1030038B50446806900F599
:105F300081600D46FFF790FDA84204D22046BDE8DF
:105F40003840FFF755BF38BD2DE9F74F0D461146D4
:105F500017468246FFF7E8FF01262F444FF000085E
:105F6000B346BD4229D046B3DAF81840D4F8083415
:105F70004BB994F800901E4605F8019B002EF0D016
:105F800008F10108EDE7EFF31083CDE9003B72B6AD
:105F9000019B5A1E019263B1D4F8040414F80090D6
:105FA000FFF770FDD4F80834C4F80404013BC4F8CA
:105FB00008346846FFF7A2F8DEE7404603B0BDE8C4
:105FC000F08FFFFF10B50369002B8EB0044629DB6C
:105FD000164902A8FFF716FD03224FF4E1311448D9
:105FE000FEF75EF9134908A8FFF70CFD236901933A
:105FF000114B009302AA114B0D4808A9FEF7E2F8D5
:10600000044608A8FDF7A6FD4CB102980FF01BFD51
:10601000044602A8FDF79EFD20460EB010BD4FF0CD
:10602000FF34F6E74FF0FF34F6E700BFA5A102000A
:10603000402A0020AAC20300B4C2030084BF0300A8
:1060400010B50369002B8EB004461DDB0F4902A872
:10605000FFF7D8FC03224FF4E1310D48FEF720F999
:106060000C4908A8FFF7CEFC236901930A4B009363
:1060700002AA0A4B064808A9FEF7A4F808A8FDF7EB
:1060800069FD02A8FDF766FD0EB010BDA5A10200D6
:10609000402A00200CC303001DC3030084BF03007B
:1060A00010B50369002B8EB0044620DB154902A809
:1060B000FFF7A8FC03224FF4E1311348FEF7F0F894
:1060C000124908A8FFF79EFC23690193104B009327
:1060D00002AA104B0C4808A9FEF774F808A8FDF7AF
:1060E00039FD4FF0FF33236102A8FDF733FDA369AB
:1060F0000022C3F80024C3F80424C3F808240EB017
:1061000010BD00BFA5A10200402A0020C0C20300AC
:10611000D1C2030084BF030010B50369002B8EB009
:10612000044626DB144902A8FFF76CFC03224FF457
:10613000E1311248FEF7B4F8114908A8FFF762FCF4
:10614000236901930F4B009302AA0F4B0B4808A938
:10615000FEF738F8044608A8FDF7FCFC1CB10298CD
:106160000FF071FCC4B202A8FDF7F4FC20460EB09B
:1061700010BD0024FAE700BFA5A10200402A0020BC
:106180002BC4030040C4030084BF030030B50C4699
:1061900095B0054602A80BF0E7F82369002B34DB25
:1061A0001E4908A8FFF72EFC03224FF4E1311C48DA
:1061B000FEF776F81B490EA8FFF724FC236901932C
:1061C000194B009308AA194B15480EA9FDF7FAFFC1
:1061D00004460EA8FDF7BEFCA4B108992C4602A8FF
:1061E0000BF0FCF9124B44F8043B03AB0FCB84E8F3
:1061F0000F009DF81C302B7508A8FDF7ABFC284656
:1062000015B030BD08A8FDF7A5FC002300931A4681
:10621000194628460BF0B0F8F1E700BFA5A102002F
:10622000402A0020EDC30300FBC3030084BF03002A
:1062300034CB030010B50369002B8EB0044626DB77
:10624000144902A8FFF7DEFB03224FF4E1311248A4
:10625000FEF726F8114908A8FFF7D4FB236901933C
:106260000F4B009302AA0F4B0B4808A9FDF7AAFF9A
:10627000044608A8FDF76EFC1CB102980FF0E3FB82
:1062800084B202A8FDF766FC20460EB010BD0024C3
:10629000FAE700BFA5A10200402A002088C203003F
:1062A00098C2030084BF030008B503685B69984780
:1062B00080F00100C0B208BD13B502AB026803F85C
:1062C000011D546819460122A04702B010BD806824
:1062D0008B68C31A584258417047FFFF10B500231E
:1062E0004360064B03604FF0FF330446C0E90231C0
:1062F0001030FFF7E1FA204610BD00BF54C503007F
:106300002DE9F0418B68013392B007460C4663D00B
:106310000AAA334904A8FDF747FC03224FF4E131F0
:106320003048FDF7BDFF03AA2F490AA8FDF73CFC42
:10633000A36801932D4B009304AA2D4B29480AA969
:10634000FDF740FF05460AA8FDF704FC002D40D0EC
:1063500004980FF078FB236A8342014604F1100889
:106360000AD141463846FEF7FDFE04A8FDF7F2FBD0
:10637000384612B0BDE8F0810AA8FFF7D7FA0B9BA8
:1063800063610C9BA3610D9BE361119E0E9BE56A0B
:1063900023620F9B6362AE42109BA36215D016B1BD
:1063A0007368013373607DB16B68013B6B605BB9EF
:1063B0002B6828469B689847AB68013BAB601BB9CC
:1063C0002B682846DB689847E6620AA8FEF7EEFECF
:1063D000C7E704A8FDF7BEFB3846FFF76DFAC7E72D
:1063E000A5A10200402A002026C5030038C50300ED
:1063F00084BF030030B58368013391B004460D4675
:1064000024D10AAA124904A8FDF7CEFB03224FF4B7
:10641000E1311048FDF744FF03AA0F490AA8FDF730
:10642000C3FB0E4B0195009304AA0D4B09480AA922
:10643000FDF7C8FE05460AA8FDF78CFB1DB10498C0
:106440000FF001FBA06004A8FDF784FB11B030BD84
:10645000A5A10200402A0020EAC40300F8C40300FA
:1064600084BF0300C168FFF7C5BFFFFF70B5836835
:10647000002B92B005460E4614462CDB0CAA174999
:1064800006A8FDF791FB03224FF4E1311448FDF714
:1064900007FF05AA13490CA8FDF786FB0294AB6819
:1064A0000193114B009306AA104B0D480CA9FDF760
:1064B0001BFB0CA8FDF74EFB224631460848FDF7B2
:1064C00031FE054606A825B1FDF744FB204612B073
:1064D00070BDFDF73FFB0024F8E700BFA5A1020057
:1064E000402A002008C5030016C5030043C103006D
:1064F00010B58368013390B0044622D00AAA12492D
:1065000004A8FDF751FB03224FF4E1310F48FDF7DA
:10651000C7FE03AA0E490AA8FDF746FBA36801932C
:106520000C4B009304AA0C4B08480AA9FDF74AFE3D
:106530000AA8FDF70FFB4FF0FF33A36004A8FDF797
:1065400009FB10B010BD00BFA5A10200402A002029
:10655000D0C40300DCC4030084BF030001207047E3
:106560002DE9D04F9B4603681B6B92460446DDE93C
:106570000889984702460B46504659460FF096F850
:10658000134302D00020BDE8D08F236820461B6B48
:10659000984702460B46404649460FF087F813439A
:1065A000F0D123681AEB08069B6C20464BEB0907D9
:1065B0009847B94208BFB0422CBF01200020E2E753
:1065C00001682DE9F041C96B14461D46064688470F
:1065D00002460B46204629460FF068F8134302D0C6
:1065E0000020BDE8F081DDE90623A71845EB03088C
:1065F000336817F1FF32D96B304648F1FF338847D3
:1066000002460B46384641460FF050F81343E7D197
:10661000336830469B6C9847414508BFB8422CBF51
:1066200001200020DDE72DE9D04F9B4603685B6B1E
:1066300092460446DDE90889984702460B465046D3
:1066400059460FF033F8134302D00020BDE8D08F35
:10665000236820465B6B984702460B4640464946F6
:106660000FF024F81343F0D123681AEB08069B6C53
:1066700020464BEB09079847B94208BFB0422CBFF0
:1066800001200020E2E700207047002070474FF013
:10669000FF30704703689B6B18477047704703686B
:1066A0001B68184703685B68184710B40468A4683F
:1066B000A4465DF8044B604790F8803010B504465E
:1066C00053B9036A43B100F16C013430984710B9F3
:1066D000012384F8803010BD0620FCE790F880305C
:1066E00010B504463BB1036B2BB1343098470023FF
:1066F00084F8803010BD0620FCE7D0E90601704721
:10670000D0E904017047FFFF0048704770C50300DF
:1067100010B5882104460EF06BFA204610BDFFFF2D
:106720001649016230B51649164C41621649174A9E
:106730008162002516490260C0E9024500224FF43B
:1067400000540025C162134980F88020C0E9044547
:1067500001634FF48064FF21002580F86C200267FC
:10676000C0E91D22DF22C0E9064580F87C1080F8D0
:106770007D2080F87E1080F87F2030BDC9DA0100CE
:10678000E1DD01000000104041DD010084C503008F
:1067900055DC01005DD8010010B50A4C2378BFF329
:1067A0005B8FDB070CD420460EF006FA40B106489A
:1067B000FFF7B6FF20460EF00BFA04480BF09DFFE2
:1067C000014810BD442D0020482D00209B6601008B
:1067D00083689A1806D200690344934294BF00204C
:1067E00001207047002070472DE9F84F16461F46DC
:1067F000DDE90A2312F1FF3243F1FF3392197B41A5
:1068000005468A46FFF7E4FF98B332463B462846E2
:10681000FFF7DEFF834660B349B395F88020D5F8D3
:106820000880B2B92A682846126890470446514643
:10683000A8EB0A00DDE90A890023A1EB0A024B4517
:1068400008BF424509D20B1833441B7801F8013BBD
:10685000F0E74FF0000B0224E9E7BBF1000F03D093
:106860002B6828465B6898472046BDE8F88F0224CD
:10687000FAE71620F9E72DE9F84F16461F46DDE93D
:106880000A2312F1FF3243F1FF3392197B41044690
:106890008B46FFF79DFF38B332463B462046FFF755
:1068A00097FF054600B394F88030CBB923682046A3
:1068B0001B6898478046D4F824A0BAF1000F07D08F
:1068C000A2680A9B3244594604F13400D0478046FE
:1068D0001DB122682046526890474046BDE8F88FB7
:1068E00000254FF00208E6E71620F7E737B585697F
:1068F0008168C46A11446A42114054B10DF1070322
:106900002A463430A04728B99DF8073013B91846F5
:1069100000E0062003B030BD8168836A11448269BB
:106920005242114013B101223430184706207047FB
:106930002DE9F84FDDE90A6716F1FF3A47F1FF3B11
:1069400090461AEB020299464BEB03030546FFF70C
:106950003FFFB0B342464B462846FFF739FF80B3AE
:1069600095F880304BBB2B6828461B689847044637
:10697000F0B9AC69EB692246404649460EF096FEF6
:10698000A4EB020A42464B462846FFF7C5FFB6EB8A
:106990000A0642464B46284667F10007FFF7A6FF66
:1069A000D5F818A0044618B9012E77F10003E9DAEA
:1069B0002B6828465B68984700E006242046BDE81F
:1069C000F88F1620FBE7FFFF10B5094C2378BFF3C3
:1069D0005B8FDB0709D420460EF0EEF828B1204685
:1069E0000EF0F6F803480BF088FE034810BD00BF18
:1069F000D02D00200D6A0100D42D002010B50446D2
:106A0000006808B10EF0E9F8204610BD0148FFF714
:106A1000F5BF00BFD42D0020F0B585B00D46FFF7BF
:106A2000BBFE012600270368CDE900672A461C6AE1
:106A30000DF10F010023A0479DF80F0005B0F0BD38
:106A400070B504460D461646FFF7A6FE03685B6B5D
:106A50009847216891B1B6FBF0F300FB13626379AC
:106A600023B98B5CFF2B1CBF01236371237923B9EE
:106A70008B5CAB421CBF012323718D5470BD036836
:106A8000F7B50446002B30D00379002B2BD0FFF74D
:106A900083FE03685B6B9847637906460027ABB9B2
:106AA000FFF77AFE0368A2682168CDE900675D6A96
:106AB0000023A847B0FA80F56D09206808B10EF0F0
:106AC0008CF800232360284603B0F0BDFFF764FE76
:106AD0000368A268CDE90067996A00238847002807
:106AE000DED00025E9E70125E7E70125EBE72DE901
:106AF000F3470D4604469046FFF74EFE03681B6BB6
:106B0000984743422B40451B1D44A360C8F80050E2
:106B100025688146A5B90EF06DF825712060657174
:106B2000FFF73AFE4E4600270368A2682168CDE9C8
:106B300000671E6A2B46B047012002B0BDE8F0870F
:106B40000220FAE713B502AB026803F8011D54688E
:106B500019460122A04702B010BD836D062B0CBF61
:106B6000006E0020704707B5036801225B6A0DF1D3
:106B70000701984701280CBF9DF807004FF0FF3030
:106B800003B05DF804FB70470120704710B5144B4B
:106B900003600446D0F8BC0020B10FF007F80023D2
:106BA000C4F8BC30D4F8B00020B10EF0FFFF0023D1
:106BB000C4F8B03004F190000AF04AFE04F16C0011
:106BC0000AF046FE04F130000AF042FE04F124000F
:106BD0000AF03EFE04F118000AF03AFE204610BD0D
:106BE000F8C5030010B50446FFF7D0FF2046CC21BE
:106BF0000DF0FEFF204610BD70B54FF47A730025EE
:106C0000214EC0E90153214B03600446C0E904153D
:106C1000314618300AF067FE314604F124000AF0CC
:106C200062FE314604F130000AF05DFE01234EF6AB
:106C3000602284F83C3047F23053C4E910234FF40B
:106C40008073A4F848303146E56484F85050C4E9B4
:106C5000155504F16C000AF046FE314604F190002F
:106C60000AF041FE2046C4F8A850C4E92C55C4F8E7
:106C7000BC50A4F8C050C4F8C45084F8C850294689
:106C80000AF0C4FD204670BDA5A10200F8C50300AE
:106C900010B50446FFF7B0FF204610BD41617047B4
:106CA00010B58B6D062B044604D16C310AF05CFEE6
:106CB000204610BD01490AF016FEF9E7A5A1020021
:106CC00018300AF061BE38B50446154624300AF083
:106CD0005BFE294604F13000BDE838400AF054BE9E
:106CE0000164704741647047C06C704738B5044612
:106CF000D0E92903184415460EF0D1FFD4F8A83086
:106D00002B44C4F8A830284638BD07B502AB012291
:106D100003F8011D1946FFF7E9FF03B05DF804FB16
:106D200038B51D46049BC0F8A43042EA0111002387
:106D3000C0F8A830C9B20446FFF7E7FFD4E929122A
:106D400005F07F03ED0918BF43F08003501CC4F821
:106D5000A8008B54002DF1D1D4F8A80038BD07B598
:106D60004BBA02A9022221F8023DFFF7BFFF03B090
:106D70005DF804FBF8B50F46114606461446FFF7CA
:106D8000EEFF2246054639463046FFF7AFFF28445E
:106D9000F8BD006903685B69184700690368DB6A2E
:106DA000184710B50446FFF7F8FF08B194F85000F3
:106DB00010BD006903681B69184738B504460BF01D
:106DC00087FD05462046FFF7F4FF20B12046BDE8C9
:106DD0003840FFF7DEBF2046FFF7DFFF38B10BF08A
:106DE00032FD0BF075FD401BB0F57A7FEAD34FF012
:106DF000FF3038BD006903689B691847836D062B17
:106E000001D1FFF7F7BF4FF0FF307047006903680B
:106E10005B68184770B5D0F8C43004460E46154676
:106E20001BB1BDE87040FFF761BF90F8AC301BB1FB
:106E3000BDE87040FFF7EABFD0F8B430B0F84800C2
:106E40001A44824228BFC51AD4F8B0301BB90EF0DC
:106E5000A5FEC4F8B000D4E92C032A4631461844F4
:106E60000EF01DFFD4F8B4302B44C4F8B4302846DB
:106E700070BD10B50446D0E92912FFF7C7FFD4F85A
:106E8000A8301B1A00225842C4F8A820584110BD4F
:106E9000F0B583B090F89D60022E02AF04463CD856
:106EA000D0F8985066BBAB1C03F10C0222F007022D
:106EB000ADEB020D02A894F89C2016B142EA4602FE
:106EC000D2B294F89E600EB142F008020B440090DA
:106ED00003212046FFF724FFAAB2D4F890102046E1
:106EE000FFF748FF94F89D3023B1B4F8A010204676
:106EF000FFF735FF2046FFF7BCFF0437BD46F0BD66
:106F0000B0F8A000013080B22B1D10B1A4F8A00091
:106F1000CAE70122A4F8A020C6E70020EDE770B57B
:106F2000044690301E4615460AF02EFD9DF810309E
:106F300084F89D309DF8143084F89E306A1C4FF020
:106F40000003C4F8B43018BF012384F89C6084F8AF
:106F5000AC3002D10125284670BD29462046FFF7F6
:106F600097FF05460028F5D1236820469B6A98477D
:106F7000F1E713B59DF81040CDE9003413464FF00A
:106F8000FF32FFF7CCFF02B010BD30B585B003ABC8
:106F9000044600220D46009304210223FFF7C0FEA1
:106FA00029462046FFF7DBFE2046FFF762FF05B0CB
:106FB00030BD30B585B003AB044600220D460093CA
:106FC00005210223FFF7ACFE29462046FFF7C7FE46
:106FD0002046FFF74EFF05B030BD90F87D20012A16
:106FE00003D1B0F88010FFF7D0BF022A03D1B0F868
:106FF0008010FFF7DEBF70472DE9F041836D062B4F
:1070000004468846174603D000263046BDE8F08186
:1070100003681B6998474546B84294BF08EB0007D0
:107020004744BD42A5EB080607D02046FFF7C5FE42
:10703000431C02D005F8010BF3E7002EE4D0256EC7
:10704000AD1B2566002DE0D12046FFF7C6FFA565E4
:10705000DBE730B585B003AB0093022304461A4644
:107060000D460621FFF75CFE29462046FFF777FE16
:107070002046FFF7FEFE05B030BD30B585B003AB4E
:10708000044600220D46009307210223FFF748FE25
:1070900029462046FFF763FE2046FFF7EAFE05B0CB
:1070A00030BD1FB503AB0093002304461A460C21E4
:1070B000FFF736FE2046FFF7DCFE04B010BDFFFFF1
:1070C0002DE9F0470446FFF774FE30B92046FFF77C
:1070D00064FE10B9A06584F85000BA4F0726062553
:1070E0002046FFF766FE002800F088802046FFF764
:1070F00050FE81465FFA80F80BF0EAFBA36DC4F8FE
:107100008C00072B76D8DFE813F0080016008E00FD
:10711000DB00060125014A014A0100200123C4E9E0
:107120001803C9F3031908F00F0884F85C9084F879
:107130005D80A3655EE0626E216E08F07F0302FB56
:107140000313D201B2F5001F2366626605D92368D6
:1071500020469B6ABDE8F047184719F0800FBFD161
:1071600094F85C20911EC9B2092907D840F22D205D
:1071700020FA01F1C9070BD4032A12D0062A25D11F
:1071800094F85D20022AE2D1022BE0D102232DE007
:1071900094F85D100029DAD1022BD8D1032A06D049
:1071A000F4E794F85D3003F00603062BCFD094F893
:1071B0005D30DA0984F87C20C3F3410203F0010357
:1071C00084F87E3084F87D2003230FE0092A05D15E
:1071D00094F85D20002ABAD1032BD6E70D2AB6D148
:1071E00094F85D20002AB2D1002BB0D1A365002312
:1071F000C4F88830A36D062B7FF472AF94F850303A
:10720000002B00F0DC800BF063FBD4F8B830226C6C
:10721000C31A9342C0F0CC80C4F8B8002046BDE841
:10722000F047FFF73EBFD4F888305A1C2344C4F817
:10723000882083F88280236E9A427FF451AF94F8BD
:107240005C200023022AA36503D194F88330A3664F
:10725000D0E70B2A12D84FF40B63D340DB4313F073
:1072600001030BD194F8820094F88320B4F8A010A5
:1072700042EA002291427FF433AFE8E7062A0ED1BA
:1072800094F8AC30002B7FF42BAF94F8821094F874
:107290008330204643EA0121FFF7EFFEAAE7092ADF
:1072A0007FF41EAF94F8821094F88330B4F8A020D5
:1072B00043EA01239A427FF413AF94F88430C6E77F
:1072C000D4F888305A1C2344022AC4F8882083F852
:1072D00082807FF405AFB4F882305BBA9BB2A367BB
:1072E000236E04F16C08023B2366394640460AF0DF
:1072F0004BFBA16F40460AF0CAFA94F87D10226E4B
:10730000A36F01B102339A42FFF421AF0023C4F806
:10731000883004230DE74FFA89F104F16C000AF07C
:1073200070FBD4E91D2393427FF464AF206EC01A32
:1073300094F87D3020660BB10523FAE66369A565F4
:10734000002B3FF45BAF9847236E002B7FF452AFC6
:107350000023EEE6D4F888305A1C2344022AC4F8ED
:10736000882083F882807FF4BBAE94F8822094F862
:107370008330206EA56543EA0223A4F88030636958
:107380000238206603B19847236E002B7FF432AF9A
:107390002046FFF722FE6369002BD9D12AE7236E2E
:1073A0000BB1013B2366236E002BD1D0A66521E7EC
:1073B000D4F88C30C01AB0EB420FBFF4C8AEBDE8B1
:1073C000F08700BFA5A102002DE9F04182B004467C
:1073D00002AF0846164688460FF0E0FA022E054630
:1073E00053D8B4F8A03001339BB253B3A4F8A03003
:1073F00005F1110323F00703ADEB030D02AB0222ED
:10740000009308216B1D2046FFF78AFCB4F8A010FA
:107410002046FFF7A4FCAAB241462046FFF7AAFC8B
:1074200031462046FFF771FC2046FFF722FD054656
:1074300048B9236820469B6A98472846BD46BDE860
:10744000F0810123D2E74FF0FF33A3668023636509
:107450000BF03EFA06460BF03BFA636C801B984239
:107460000FD22046FFF799FC58B12046FFF728FEBF
:10747000A56E6B1C0BD0022D65658CBF0025012508
:10748000DBE7236820469B6A98470025D5E70BF089
:10749000DAF9E0E72DE9F0478CB002AF04468946FF
:1074A00015469846FFF779FC18B1206903689B6A76
:1074B000984700232669A36584F85030A4F8A030CB
:1074C000336875B11B6A4246294630469847E8B989
:1074D0006FF00103E364002528462837BD46BDE868
:1074E000F087D3F81CA0674B3B6109F104030FCB75
:1074F00007F1140585E80F0099F8143087F8243057
:10750000424607F110013046D047E0E70BF0E0F9C2
:1075100004F11801C4F88C00381D0AF025FAD7F8D8
:107520000C90E66AD4F83880B9F1000F0FD10BF057
:10753000CFF9554A0346112107F110000FF054F915
:1075400007F11001381D0AF01FFA4FF01009B4F8C6
:10755000C0500C354D44002E6BD0B31C1D4480230D
:10756000B8F1000F04D008F1020243F040031544C3
:1075700094F8C8A043EA0A0A94F83C301BB14AF0D8
:1075800002035FFA83FA4FF4806304223F493B828F
:1075900007F112000EF083FB0423BB754FF47A72DF
:1075A000236CB3FBF2F31A0A42EA03233B8305F18F
:1075B0000C0323F00703ADEB030D02AB0093002295
:1075C0002B460121204687F817A0FFF7A9FB0A22C6
:1075D00007F110012046FFF789FB1FFA89F279684D
:1075E0002046FFF7C7FBB4F8C02022B1D4F8BC1086
:1075F0002046FFF77BFB26B1B2B2616A2046FFF757
:10760000B9FBB8F1000F05D01FFA88F2216B2046B4
:10761000FFF7B0FB2046FFF72CFC054658B9206960
:1076200003689B6A98470323E364381D0AF010F946
:1076300052E7334694E74FF0FF33A3660BF048F967
:1076400005460BF045F9636C401B98420CD220466E
:10765000FFF7A3FB40B12046FFF732FDA36E0133D5
:1076600002D10BF0F0F8ECE7A36EE3641BB901253F
:1076700084F85050D9E7206903689B6A9847002531
:10768000D3E700BF34CB0300E0C503000192020042
:10769000F0B587B00A4B00930B1D06460D46174602
:1076A0000FCB01AC84E80F002B7D8DF81430002245
:1076B0003B4669463046FFF7EDFE07B0F0BD00BF20
:1076C00034CB030070B586B0164604460D466846B6
:1076D000002109F069FE33462A4669462046FFF735
:1076E000D9FE06B070BD1FB503AB0093002304465E
:1076F0001A460E21FFF714FB2046FFF7BAFB04B031
:1077000010BD10B50368DB6A0446984710B12046E7
:10771000FFF7E9FF0023206984F850300368BDE8D3
:1077200010409B6A184738B590F8AC3004469BB9B6
:10773000D0F8B410FFF7ACFB28B9236820469B6A49
:107740009847002038BDD4E92C122046FFF75EFB95
:10775000D4F8B4309842F0D1002384F8AC3094F8D7
:107760009D30002B3FD0022B1CD14FF0FF33A3667E
:107770000BF0AEF805460BF0ABF8636C401B98427B
:107780000BD22046FFF709FB38B12046FFF798FCE3
:10779000A36E5A1C21D0002BD3D1B4F8A0102046E0
:1077A000FFF757FC4FF0FF33A3660BF091F8054647
:1077B0000BF08EF8636C401B9842C2D22046FFF754
:1077C000ECFA0028BDD02046FFF77AFCA06E431CDF
:1077D00006D0B0FA80F04009B4E70BF034F8CAE7FD
:1077E0000BF031F8E4E70120ACE7FFFF00F10803FC
:1077F00070B5044603600E46B1B108460FF0CEF8EE
:107800000F28054604D901300DF0C5F9A5602060A8
:10781000012D20680BD196F9003003702368656054
:1078200000225A55204670BD04480DF0E5F9002DA0
:10783000F4D02A4631460EF032FAEFE794BE030048
:107840007047FFFF10B58EB00C4602A81849FFF72D
:10785000CDFF3CB96FF0180402A8FCF77BF9204675
:107860000EB010BD20460FF099F80028F2D0114953
:1078700008A8FFF7BBFF20460FF090F80E4B0190D1
:1078800002AA08A900930D480D4BFCF72DF908A892
:10789000FCF760F920460FF081F8214602460748C0
:1078A000FCF740FC002814BF00246FF01904D3E754
:1078B000A5A102000EC703001DC70300402A002037
:1078C00084BF030010B58EB00C4602A81549FFF71F
:1078D0008DFF3CB96FF0180402A8FCF73BF9204675
:1078E0000EB010BD20460FF059F80028F2D00E4916
:1078F00008A8FFF77BFF0D4B0194009302AA0C4BE5
:107900000C4808A9FCF75EFC044608A8FCF722F91D
:1079100024B102980EF097F80446DDE76FF01904E1
:10792000DAE700BFA5A1020098C603008BC60300DA
:10793000E8BE0300402A002070B590B00C4604A8B1
:107940001D491E4D1646FFF751FF54B96FF018043C
:1079500042F2107304A8AB60FCF7FCF8204610B0AC
:1079600070BD20460FF01AF80028EFD0002EEDD0A1
:1079700030460FF013F80028E8D04EF66023104987
:10798000AB600AA8FFF732FF0E4B0093CDE901462A
:107990000D4B04AA0AA92846FCF714FC04460AA8C1
:1079A000FCF7D8F824B104980EF04DF80446CFE760
:1079B0006FF01904CCE700BFA5A10200402A002007
:1079C00034C6030047C60300B0BF030010B58EB035
:1079D000104902A8FFF70AFF0F4908A8FFF706FFA2
:1079E0000E4B009302AA0E4B0E4808A9FCF7EAFBC7
:1079F000044608A8FCF7AEF84CB102980EF023F844
:107A0000044602A8FCF7A6F820460EB010BD6FF0A1
:107A10001904F6E7A5A102005CC6030072C60300C4
:107A2000A2AF0200402A002010B58EB0104902A873
:107A3000FFF7DCFE0F4908A8FFF7D8FE0E4B0093B6
:107A400002AA0E4B0E4808A9FCF7BCFB044608A886
:107A5000FCF780F84CB102980DF0F5FF044602A83F
:107A6000FCF778F820460EB010BD6FF01904F6E769
:107A7000A5A10200F3C60300FFC60300A2AF0200E7
:107A8000402A002010B58EB00C4602A81549FFF719
:107A9000ADFE3CB96FF0180402A8FCF75BF8204675
:107AA0000EB010BD20460EF079FF0028F2D00E492E
:107AB00008A8FFF79BFE0D4B0194009302AA0C4B04
:107AC0000C4808A9FCF77EFB044608A8FCF742F81E
:107AD00024B102980DF0B7FF0446DDE76FF01904FA
:107AE000DAE700BFA5A10200D8C60300CAC603009A
:107AF000E8BE0300402A002010B58EB00F4902A84E
:107B0000FFF774FE0E4908A8FFF770FE0D4B0093B7
:107B100002AA0D4B0D4808A9FCF754FB044608A81F
:107B2000FCF718F8002C02A814BF00246FF0190409
:107B3000FCF710F820460EB010BD00BFA5A1020052
:107B4000B1C60300BCC60300A2AF0200402A002059
:107B50000022C0E90022C0E90222026102627047ED
:107B600038B54568044635B1284600F0EDFA1421D1
:107B700028460DF03DF8206810B110210DF038F8BE
:107B8000A06810B103685B689847E06810B10368AB
:107B90005B689847206910B103685B689847204686
:107BA00038BD1FB504689CB102238DF80C1000216C
:107BB000CDE9003103AB01221946204600F099FAC5
:107BC0009DF80C009DF80D3043EA002004B010BD74
:107BD0000223FF22CDE9003261F07F0103AB8DF873
:107BE0000C1001221946406800F0F6FBE8E71FB5CB
:107BF0000468BCB103238DF80C100021CDE90031DD
:107C000003AB01221946204600F073FA9DF80D30AF
:107C10009DF80C001B0243EA00439DF80E00184338
:107C200004B010BD0323FF22CDE9003261F07F01D3
:107C300003AB8DF80C1001221946406800F0CCFB14
:107C4000E4E7FFFF90F84C305B0710B5044631D0F5
:107C5000FA21FFF7CCFFA18C9FED187A00110823C1
:107C600090FBF3F3A3EB4102B4F926305343102207
:107C700090FBF2F0401AB4F928204043001350431F
:107C80004FF4006293FBF2F34FF4804290FBF2F06A
:107C9000226A03441344E36103EB830380334FF40C
:107CA000807293FBF2F307EE903AF8EEE77A87EEF4
:107CB000870A10BD9FED020AFBE700BF0000C84223
:107CC0000000C07F90F84C3013F0380F2DE9F74FCB
:107CD000064600F00D81FFF7B5FFF7213046FFF7AC
:107CE00086FFF469B4F5FA324FEAE47545F1FF33E3
:107CF000CDE90023DDE900325343009A0199A2FB4C
:107D00000289B6F92C200746009809EB4309514334
:107D1000D31700FB0311A2FB00230B441D0345EA0C
:107D200012551403B6F92E20D31702FB09FC08FBE9
:107D300003CCA2FB08236344002A73F1000102DA9A
:107D4000FF3243F100034FEA122A4AEA036A4FEA7C
:107D5000232B14EB0A00B6F82AA045EB0B01041CF8
:107D6000A4FB0A2341F500450AFB05339B46002A84
:107D70007BF10003924603DA1AF1FF3A4BF1010B53
:107D80004FEA6B024FEAEB7352EA030100F0B28054
:107D9000B6F934A000984FEAEA7B0AFB09F108FB28
:107DA0000B11AAFB08898944B6F932A001994FEA60
:107DB000EA7B0AFB01F1AAFB004500FB0B110D4415
:107DC000600410EB080A4FEA45414FEA2710C0F55E
:107DD000801041EAD43141EB090B4FEAE0794FEAD8
:107DE000C97141EA50010191C107B6F93000009113
:107DF000002414EB0A084FEAC00545EB0B09DDE946
:107E0000004540F63547B4EB080465EB0905A4FBD3
:107E1000070107FB05110DF0F9FB002871F10003C4
:107E20008046894605DA41F6FF720023101843EBBD
:107E30000101B6F93A204C13450B45EAC14502FB56
:107E400004F7D31705FB0377A2FB05233B445443F8
:107E500005FB0344A2FB05232344002A73F1000120
:107E600004DA6FF07E44002512196B41B6F938A090
:107E7000540E44EAC31414EB08024FEA63650AFB8C
:107E800009F14FEAEA7B45EB090308FB0B15AAFB56
:107E900008012944002871F1000403DA164C00257A
:107EA00000196941C40C44EA413417194FEAE1450D
:107EB00043EB0508002F78F1000302DAFF3748F1A1
:107EC0000008B6F936303A0A42EA08604FEA28213B
:107ED0001022C3FB02010DF023F80022074B0DF026
:107EE0004DF80DF043FB00EE100A03B0BDE8F08F33
:107EF0000348F8E70020F6E7FFFF07000000703FA7
:107F00000000C07F38B590F8503013F0E00F044601
:107F10004DD0FFF797FEFD212046FFF742FEB4F952
:107F20004230E2691B05C3EB8030B4F94430A2F55E
:107F3000963202FB130394F840004FF40041504383
:107F40004FF4006590FBF5F094F9465008446A43FD
:107F50004FF4806592FBF5F24243B4F93E0092FB88
:107F6000F5F202F50012424303F5804302F5005298
:107F700093FBF1F34FF4804092FBF0F2534393FBF9
:107F8000F1F294F83C105243D2114A43102192FB73
:107F9000F1F29B1A23EAE373B3F1C85FA8BF4FF075
:107FA000C8531B1300EE103ABAEECB0A38BD9FED52
:107FB000010AFBE70000C07F42600022027220221B
:107FC0000170C2607047037A10B5044663B16068FF
:107FD00021780368DB6A9847606803685B6B9847A1
:107FE000B0FA80F0400910BD012100F003F800282C
:107FF000EDD1F8E738B5044640680368DB690D4603
:1080000098470120207225B12046BDE83840FFF78F
:10801000DABF38BD2DE9F843DDE908759846C36835
:1080200016462A449A420446894602D90020BDE8F1
:10803000F883406821780368DB6A984785B96068EF
:10804000036832465B68494698478642EED16068CD
:10805000036841461B6B9847B0FA80F04009E6E799
:10806000002FECD0606803682A465B683946984761
:10807000A842DBD1E3E72DE9F0410446406816460B
:1080800002688846956B2178F2B2A84786420CD1E7
:108090000025AFB2BE4205F1010509D96068036849
:1080A0005B69984708F80700F3E70020BDE8F08116
:1080B0000120FBE72DE9F843074688461646994616
:1080C0000025B54212D2FB68741B9C4228BF1C4697
:1080D000331BAB4294BF4B460023224608EB0501FD
:1080E0003846FFF7C8FF10B12544EAE70120BDE894
:1080F000F883F7B500241E46CDE900449DF82430EE
:10810000089F0546FFF786FF40B101233A463146F6
:10811000284603B0BDE8F040FFF7CCBF03B0F0BD88
:1081200030B543749DF90C300374049B83609DF853
:108130001430037300259DF818308173C0E9005591
:10814000C2734373857430BD10B50446406810B1E6
:1081500008210CF04DFD204610BD38B5044690F9BD
:108160000E00411C07D00121C0B20AF0C5F901215F
:10817000A07B0AF0D9F9256835B12B682846DB6A5F
:1081800098470120A07438BD0121E07B0AF0B4F9C2
:10819000637BE07B012B94BF294601210AF0C4F9DF
:1081A00094F91000421C07D00121C0B20AF0A4F9D2
:1081B0000121207C0AF0B8F994F91100431CE0D0A9
:1081C0000021C0B20AF098F9DBE7FFFF2DE9F74F75
:1081D000044600680F46134628B103681B6903B0C4
:1081E000BDE8F04F1847227B504D002A0CBF0122FA
:1081F000802200920A780099FB18114208BF4FF0C4
:10820000010AA2680193B5FBF2F518BF4FF0000A0E
:10821000EDB2019BBB4200F0858097F800B0009E54
:108220004FF0000815B128460AF00AFB637B13F0F3
:10823000FD0F38D194F91000421C32D01BEA060F12
:1082400014BF4FF001094FF00009D14503D0494652
:10825000C0B20AF069F90121E07B0AF065F915B1B5
:1082600028460AF0EDFA94F91100431C05D0C0B27B
:108270000AF066F908B146EA08080021E07B0AF036
:1082800053F9CA46237B002B4AD17600F6B2002E62
:10829000C8D194F91130013318BF87F80080013735
:1082A000B7E7D146D7E7032B24D194F91000411C3E
:1082B00004D00BEA0601C0B20AF036F90021E07BD7
:1082C0000AF032F915B128460AF0BAFA0121E07B2A
:1082D0000AF02AF915B128460AF0B2FA94F9110009
:1082E000431CCFD0C0B20AF02BF90028CAD046EA0E
:1082F0000808C7E70121E07B0AF016F915B1284606
:108300000AF09EFA94F91000421C04D00BEA060110
:10831000C0B20AF009F90021E07B0AF005F9DDE7B7
:108320007608B4E703B0BDE8F08F00BF20A10700D6
:1083300007B502AB012203F8011D1946FFF746FFFE
:108340009DF8070003B05DF804FB036810B443B167
:1083500019684268CC69184606CA23465DF8044B82
:1083600018475DF8044B7047006810B103681B6A3A
:108370001847704790F90E00431C03D0C9B2C0B231
:108380000AF0D2B8704710B50446FFF7DEFF20466A
:108390000021BDE81040FFF7EDBF10B501210446F4
:1083A000FFF7E8FF2046BDE81040FFF7DDBF70B5DE
:1083B0000D4604461946284616460DF094FC204604
:1083C000FFF7E1FF324629462046FFF7FFFE204631
:1083D000FFF7E3FF012070BD2DE9F0410D46904607
:1083E00006461C469DF81C70FFF7CDFFA844454586
:1083F0000AD1069BE518AC420CD039463046FFF74F
:1084000097FF04F8010BF6E715F8011B3046FFF75C
:108410008FFFECE73046FFF7C0FF0120BDE8F08199
:108420007047704770477047704790F82C20436B37
:1084300010B504462AB16C309847002384F82D30DB
:1084400010BD3C30F8E7F8B5427C036804460E46A0
:10845000CFB29B680D0A62B939469847236860F32A
:1084600007069B6829462046984760F30F26B0B25E
:10847000F8BD29469847236860F30F269B68394664
:108480002046984760F30706F1E7FFFF017903688C
:10849000034A0333012918BF0221D154704700BF9A
:1084A000400000207047FFFF70B590F82C3086B078
:1084B00004468DF80F103BB3836A1A4D0222EA542A
:1084C00007230093866B01230DF117020DF10F01B5
:1084D0006C30B0470AF0FCF90646A36AEB5C012B4E
:1084E00007D00AF0F5F9801BB0F57A7F01D200BF02
:1084F000F3E7A36AEB5C022B10D1236820461B6BC9
:108500009847002006B070BD436C9DF80F201A718B
:10851000DA78D209FCD01B798DF817309DF8170056
:10852000F0E700BF40000020F7B5134604460846B8
:10853000002900F0898094F82C2022B3A26A434DD0
:108540000226AE5407220092A66B0A4604F16C0084
:10855000B0470AF0BDF90646A36AEB5C012B07D0D1
:108560000AF0B6F9801BB0F57A7F01D200BFF3E7BD
:10857000A36AEB5C022B67D123681B6B204603B018
:10858000BDE8F040184703F0030C9B085AD0616C1B
:108590000D7862F3861520220D70CA720A8A0225B0
:1085A00065F30B220A820A7842F040020A70CA7808
:1085B0009506FCD502684A60012B18D0CA7892064D
:1085C000FAD542684A6002276FF0030E0EFB070ED1
:1085D0003E46F51B9E420CD2CA78D209FAD050F81A
:1085E00026204D684A604EF826500136F1E71F46B6
:1085F000EAE79D4207D2CA78D209FAD04A6840F821
:1086000025200135F5E70B786FF386130B704023B7
:10861000CB720B8A072262F30B230B820B7843F099
:1086200040030B70AD0043196044284483420BD0D3
:10863000626C19781171D178C909FCD0127903F8EC
:10864000012BF3E71D46EDE703B0F0BD400000202D
:1086500010B5CC2104460CF0CBFA204610BDFFFF2C
:1086600070B5134D0560C361124D9DF81030456023
:108670000126002580F82030DF23057246728572BE
:10868000C560057446748574C0E90512C0E90955D2
:1086900080F82C5080F82D50C0E90C55856380F887
:1086A000993080F89A3080F89B3080F89C3070BD0B
:1086B0003CC7030040420F002DE9F04F8FB01E462B
:1086C000B2F100089DF86430DDF860B00193044613
:1086D0000ADB002E08DBBBF1000F05DB884503DA5F
:1086E0008E4201DA8B4504DB002323706360237222
:1086F000ADE00DF1200A04225FFA88F150460AAF7E
:108700000CF0C8F90CAD0522F1B238460CF0C2F9F4
:1087100006225FFA8BF128460CF0BCF90022CDE965
:108720000222CDE9047500929146CDF81CA0079B6A
:10873000009933F811304FEAA31A03F001000AF050
:108740001F0506904FF0000C4FF0030E23B3049862
:10875000009930F81100F8B1059830F81100D8B13F
:10876000049830F81C708AEA9710C00614D1059856
:108770006FF0010101FB0E00C0888AEA9011C90662
:108780000AD1069A12B3019A022A19D0019ABAB1F3
:10879000CDE902702A469946BEF1010ED6D10CF100
:1087A000010CBCF1030FCFD1009B0133032B0093CD
:1087B000BDD11546B9F1000F04D0DDE902704B467A
:1087C00007B130B900232370656090E7019A012A50
:1087D000DBE713F0010933D0092DF3DC17F4F04F78
:1087E000274F0CBF4FF080624FF0A06213F4F04FA0
:1087F0000CBF4FF0806A4FF0A06A42F4803210F450
:10880000F04F37F838101F480CBF4FF080694FF019
:10881000A06903F09BFB4AF4803237F83610194800
:1088200003F094FB49F4803237F83B10154803F00D
:108830008DFB4FF0010984F800906560012356E735
:10884000022D08DD84F80090656084F808902046C9
:108850000FB0BDE8F08F0A4F0B4A37F838100948BF
:1088600003F074FB37F83610074A064803F06EFB36
:10887000054A37F83B10034803F068FBDBE700BF0D
:1088800018C90300B8460020000001060B79013B1F
:10889000DBB2022B98BF094A10B59EBFD45C084AD0
:1088A000D25C4B7988BF0022B3FA83F388BF1446A9
:1088B0005B0903704270847010BD00BF2EC70300B7
:1088C00031C7030073B500F198030364D0F8B030EA
:1088D0000366D0F8B430836690F8983003F58003CF
:1088E00003F5E46304460E4600251B024566436417
:1088F00001A8FFF7CBFFB4F8C3303068ADF8003003
:10890000694601F077FB636C1D70EFF31082012361
:1089100083F310882C4994F898604868C6F11306D0
:10892000B34020EA03034B604B6882F3108894F84D
:10893000BF1094F8BE20636C8A40D2B25A702022D5
:108940009A709DF800209A72DA7A9DF8041042F02D
:108950004002DA7293F82020C84360F3000283F8E3
:10896000202010221D735D739D73DA7394F8A1208B
:108970001AB91A7842F008021A701D821A8A9DF8F4
:10898000060060F300021A821A8A9DF8050060F35F
:1089900041021A821A8A9DF8010060F383021A824A
:1089A0001A8A072060F30B221A821A8A61F30C32AA
:1089B0001A82DA78DD701A7842F040021A70034B9E
:1089C000E36302B070BD00BFFC6F044049505352D6
:1089D00037B5044668460D46FFF758FFD4F8C8304F
:1089E000ADF8043001A91B0C002228688DF8063070
:1089F00002F0FEFC626F9DF801309DF80240507B52
:108A000091799B0143EAC41303439DF8000041EAB6
:108A1000C0019DF8050000F0030040F080001070D8
:108A20009DF804005070DBB25373CBB2937103B066
:108A300030BD90F82C300BB1FFF7CABFFFF742BF33
:108A40002DE9F043044689B000F0A1FF94F82030EE
:108A50000193E36900930146D4E9052302A8FFF7D7
:108A60002BFE9DF80820039B9DF81060636284F83C
:108A70002C20002A7BD0454A2263454A6263454A3E
:108A8000A263DA1CA26204F1C802C4F8B820424A08
:108A900084F898300C2384F89D3084F89E3084F854
:108AA0009F3084F8A030012384F8A43084F8BC30CF
:108AB00084F8C33094F8C430C4F8B020002565F3BE
:108AC000010384F8C43094F8C93084F8A15065F3E8
:108AD000010384F8C930271D0B2384F8C83084F8BB
:108AE000A25084F8A35084F8A550C4E92A55C4F8CC
:108AF000B45084F8BD5084F8BE5084F8BF5084F858
:108B0000C05084F8C15084F8C25084F8C55084F82D
:108B1000C65084F8C75084F8CA5039462046FFF73B
:108B200088FF6268E26094F82C3022892282A27A5F
:108B3000A274BBB1636A8DF81C3004F16C0704F1B8
:108B400098080597CDF8188006F066FE0A2105AA58
:108B500007F05EF8236B814641463846984790B946
:108B600006EA090684F82D6009B0BDE8F0830B49D8
:108B700021630B4961630B49A16304F1BC01A3624A
:108B8000C4F8B81084E72E46ECE700BF0DB0010032
:108B9000F1AE0100EDB301008D840100119D0100D3
:108BA000999A0100019D010037B590F82D306D466E
:108BB000044685E8060013B90368DB6A9847E26853
:108BC000009B9A4205D12369019A534033F07F43B9
:108BD00009D029462046FFF72CFF0098A988AA79DA
:108BE000E0602182A27403B030BDFFFF07B501230E
:108BF00000930B220D230C210248FFF731FD03B037
:108C00005DF804FBE02D002038B5056872B6EDB2C2
:108C10000021284609F070FC62B67D24013C14F066
:108C2000FF0428D0022009F00BFE284609F088FC3A
:108C30000028F3D072B60021284609F075FC012106
:108C4000284609F059FC62B64FF4F07009F0F8FDBF
:108C500072B60021284609F04FFC462009F0F0FDCD
:108C6000284609F06DFCB0FA80F4640962B64FF44E
:108C7000CD7009F0E5FD204638BD10B511F00101B9
:108C8000047815D072B60021204609F04DFC012170
:108C9000204609F031FC0A2009F0D2FD01212046CE
:108CA00009F042FC62B63720BDE8104009F0C8BDAB
:108CB00072B6204609F038FC0121204609F01CFC60
:108CC000412009F0BDFD0121204609F02DFC62B6CE
:108CD0000520E9E710B5046872B6E4B22046012128
:108CE00009F00AFC0021204609F01EFC032009F0CF
:108CF000A7FD0021204609F0FFFB0A2009F0A0FD96
:108D0000204609F01DFC044662B6352009F098FDA6
:108D1000204610BD2DE9F041054688461646082735
:108D2000012418EA040F14BF012100212846FFF78F
:108D3000A4FF6400013FE4B2F3D14EB972B63146EC
:108D4000287809F0D9FB3146287809F0EDFB62B6A6
:108D5000BDE8F081F8B5074608260025012438460D
:108D6000FFF7B8FF00B125436400013EE4B2F6D13D
:108D70002846F8BD70B500220C4655210646FFF77F
:108D8000C9FF651E073415F8011F00223046FFF7A2
:108D9000C1FFA542F7D170BD0022CC21FFF7BABFB9
:108DA00000238374C0E902330382704738B50D464F
:108DB00004460021284609F09FFB002325606360DC
:108DC0002046BDE83840FFF7EBBF2DE9F047867C31
:108DD00004468946154616B9FFF716FF20B900204C
:108DE000A0742082BDE8F0876DB33246F0212046A2
:108DF000FFF790FF01260027BA4635462046FFF7C9
:108E000069FF80462046FFF765FFB8F1010F1DD1CD
:108E100001283BD1402DE2D984F810A0BAF1000F0F
:108E200001D10123A374237A002BD8D004F10803C5
:108E300009F1FF31103413F8012B01F8012FA3427F
:108E4000F9D10120CEE72A46EC21D0E7804504EB9A
:108E5000070310D1227CAA4212D91A7A164214BFF3
:108E60004FF001084FF00008B8F1000F0ED1082DA7
:108E700000D86574AA461A7A22EA06021A720BE032
:108E80000CBF4FF001084FF00008EDE7E2194FF07A
:108E90000108137A33431372414620467600FFF7E8
:108EA000ECFE16F0FF0604BF0137FFB205F1010525
:108EB00008BF0126072FEDB2A0D9ABE710B5094ACC
:108EC0000144002388420AD010F8014B634003F0AC
:108ED0000F0402EB1313145D1B7C6340F2E718468A
:108EE00010BD00BF70C7030000220921C260C2711B
:108EF00002720270C17042700121C261FF220171D1
:108F000041718171028370470023C3710372037042
:108F10000923C3700123C1600371437183717047DA
:108F200010B50B460446FFF7DFFF20461946FFF752
:108F3000EBFF10BD43781BB10021807809F0F4BA33
:108F4000704743781BB10121807809F0EDBA704772
:108F50000B78282B0AD005D8102B07D0222B05D050
:108F6000002070473B2B01D0422BF8E701207047CF
:108F700010B50C4620460721FFF7A0FFE3791B1A26
:108F80005842584110BD38B504460D46C068FFF739
:108F90003BFE95B9E068FFF7FFFE0022B421E068D0
:108FA000FFF7B8FEE068FFF795FE0546E068FFF7BB
:108FB0002BFEB5FA85F0400938BD2946E068FFF779
:108FC000D9FEEAE70A44914205D011F8013B002B93
:108FD000F9D0002070470120704770B50446C06882
:108FE0000E461546FFF710FEB8B13146E068FFF7B0
:108FF000C1FE0022BE21E068FFF78CFE6E1E083520
:10900000E068FFF7A7FE06F8010FAE42F8D1E0686E
:10901000FFF7FAFD431E5842584170BD38B505466A
:109020001446FFF7DAFF68B1092221462846FFF708
:10903000C9FF40B908212046FFF740FF237A1B1AD9
:109040005842584138BD0020FCE738B50446C06896
:109050000D46FFF7D9FD98B1E06895B9FFF79CFE82
:109060002278E0684821FFF755FE23786BB9142079
:1090700009F0EAFBE068FFF7C7FD431E584258417C
:1090800038BD2946FFF776FEEAE72046FFF752FF94
:10909000142009F0D9FB2046FFF753FFEAE770B52B
:1090A00004460D46C0681646FFF7AEFD2946E06847
:1090B000FFF760FE00224E21E068FFF72BFE002242
:1090C000B178E068FFF726FE0022F178E068FFF74C
:1090D00021FE2B78102B04D000223179E068FFF7B5
:1090E00019FEA3792BB129462046BDE87040FFF751
:1090F000ACBFE068BDE87040FFF786BD1FB50B78D8
:10910000102B0C4616D001AAFFF788FF60B1227819
:109110009DF808303B2A01D11A060BD43F2B0BD007
:1091200004D81F2B0AD0002004B010BD5F2B07D03D
:109130007F2BF8D10C20F7E70A20F5E70920F3E7A9
:109140000B20F1E7F7B5044603250026E068FFF79A
:1091500027FEE6712672322009F076FB01270122F4
:109160006946E068FFF731FE10B369462046FFF715
:10917000FFFE0028F3D0E3790133E371694620460E
:10918000FFF7E6FE0028EAD0237A01332372237822
:109190002BB969462046FFF7F6FE00B127706946F5
:1091A0002046FFF7ABFFE3788342D8D2E070D6E7E2
:1091B000E3791BB9013D15F0FF05C7D103B0F0BD40
:1091C000F0B51E460B78102B85B004460F461546A9
:1091D0001DD001AAFFF722FFF8B10C2D28BF0C25E6
:1091E000092D38BF0925A5F10A03DBB2022B9CBF6C
:1091F0001B4AD35C9DF8082088BF1F239A4206D0E3
:1092000001AA394620468DF80830FFF748FF1EB9FD
:10921000E379E570012B02D8012005B0F0BDE068CC
:10922000FFF7BEFD0025E279EBB29A42F4D9E3786C
:109230000C2BF1D0012201A9E068FFF7C6FD60B157
:1092400001A92046FFF794FE38B101A92046FFF797
:1092500055FFE378834238BFE0700135E3E700BF94
:1092600090C7030010F5DC5FC6BF00EE100ABAEE2F
:10927000EC0A9FED010A70470000FEC20938C0B237
:1092800002289ABF024B33F8100040F2EE207047DC
:1092900094C703000171704708B5C068FFF71AFD55
:1092A000431E5842584108BD70B5437904461546DF
:1092B0007BB103786BB940F2ED262046FFF7ECFF57
:1092C000B0B909F005FB401BB04211D809F0BBFA58
:1092D000F3E70846FFF7D2FF05462046FFF72AFED0
:1092E000284609F0B1FA2046BDE87040FFF729BED4
:1092F00070BD38B500230C4603600123037005469A
:10930000C868FFF781FCE068FFF746FD2278E06857
:109310004421FFF7FFFC09F0DBFA2379686002467D
:109320001BB1E1782046FFF7BFFF284638BDFFFF9D
:1093300030B555780978264C137815F0800F08BFA2
:1093400000243B2918D192F90400002814DAD80728
:109350000BD59378D90737D49A0737D413F0040F75
:109360001C4B1D4808BF184630BDD80000F4FC60F7
:1093700040EAC5202043F7E7D80040EAC520282965
:1093800040EA040010D1502B07D1052DECD1927981
:10939000124B0C2A08BF1846E6E7FF2BE4D1104B0E
:1093A000072D08BF1846DFE71029DDD1D179002944
:1093B000DAD093790B4A02EAC000CB1A2038DB01DD
:1093C00093FBF1F31844D5E70748CDE70748CBE70F
:1093D0000000F8FF80E4FFFF0082FFFF8082FFFFB4
:1093E0000083FFFF80FF07000081FFFF8081FFFFF8
:1093F000F0B5054685B00E4617460024E3B29F42FD
:109400000ED301AA31462846FFF708FE0134002892
:10941000F4D001AA31462846FFF78AFF05B0F0BD17
:109420000048FBE780E4FFFF08B5FFF7E1FFBDE878
:109430000840FFF717BFFFFF7FB5DFF82CC01646C7
:1094400000250122CDE902254FF0FF32CDE9002CA5
:109450000A4631460446FEF763FE0723204625757B
:10946000637504B070BD00BF40420F0010B50446E4
:10947000FEF773FE207510BD037D13B504460BB9CE
:10948000FFF7F4FF0422FF230DEB02012046FEF755
:109490008EFFBDF804009DF8063040BA80B243EA62
:1094A00000209DF8073043EA002002B010BDFFFF06
:1094B00010B50446FFF7E0FF637D03420ED100289C
:1094C000B6BF084B801443EA90400BF0EDFC00223D
:1094D000054B0BF053FD41EC100B10BD0020034970
:1094E000F9E700BF00C0FFFF0000D03F0000F87F99
:1094F000002070476FF0020070476FF00200704765
:1095000070B503680A469B69022104469847A6691C
:10951000054609F0E3F9C4E90706284670BDFFFFD8
:1095200038B50B4B036000254FF4FA6226234560E3
:10953000C5720573C0E90523057445748574C57447
:10954000C573044609F0CAF9C4E90705204638BDC9
:10955000A4C703000368FF21DB69184770B50368DF
:109560000A469B690D4600210446013D9847012D9E
:109570009EBF00236373A373064694BF6569A56904
:1095800009F0ACF9C4E90705304670BD08B5012102
:10959000FFF7E4FF08BD10B5037BC47B93429CBF7B
:1095A00003F1FF32D2B264B1C47A8C4207D80132DF
:1095B000091BD2B2C9B2934298BF0022F5E74173AA
:1095C00082730244137C194461F07F01C9B2FFF732
:1095D000C5FF10BD08B5417A41F00402427241F066
:1095E0000C01FFF7BBFF08BDF8B5042A16461F465D
:1095F00013460269044628BF04231AB1C27A42B155
:109600008A4206D04FF48042228201F14002A174C6
:10961000E2742373E172642009F016F900232372C7
:10962000236820461B6998470546002841D1237BC3
:10963000012B82BF217A41F0080121722FB1012E46
:1096400002BF237A43F00403237230212046FFF740
:1096500057FF052009F0F8F830212046FFF750FFAA
:10966000012009F0F1F830212046FFF749FF0120E1
:1096700009F0EAF8237ADB0603D420212046FFF71D
:109680003FFF217A204641F02001FFF767FF0423C6
:1096900063722046FFF79EFF2046FFF777FF022305
:1096A000A37206212046FFF759FF05462046FFF723
:1096B00051FF2846F8BD036800215B69184770B563
:1096C00003680A469B69012104469847A669054636
:1096D00009F004F9C4E90706B5FA85F0400970BD40
:1096E00038B50446FFF7EBFFE37B0546ABB1637B80
:1096F000E27A0133DBB29A4263730ED8A37B217BFB
:109700000133DBB200229942A37398BFA273627344
:109710000021A27B2046FFF73EFF284638BD0029E6
:109720000CBF6FF0180000207047012070476FF0E9
:10973000150070476FF01500704711207047704793
:1097400000207047036801221B6900211847036845
:1097500000221B69114618476FF0150070471D2045
:1097600070476FF015007047012070470020704768
:109770001046704700230B700120704770477047F8
:1097800010B5042104460BF033FA204610BD00202A
:109790007047FFFF3F2870B5054621DC114C54F897
:1097A00020305A1C0ED102280CDCFFF7F0FF0346D4
:1097B00030B90D4E3378BFF35B8FDB0704D50B4B0D
:1097C00044F82530184670BD30460BF0F5F90028F6
:1097D000F5D030460BF0FCF9054808F08EFFEEE7B7
:1097E0000023EFE750000020AC2E002050010020A5
:1097F0007D97010038B50546FFF7CCFF0B4B0024E1
:1098000043F8254030B90CF027F9092303604FF0E5
:10981000FF3038BD03685B699847051E04DA0CF019
:109820001BF96D420560F2E72046F2E75000002088
:10983000FFF7E0BF38B50C461546FFF7ABFF38B968
:109840000CF00AF9092303604FF0FF34204638BDBD
:1098500003682146DB682A469847041EF6DA0CF0B6
:10986000FBF864420460EFE708B5131E06DA0CF05B
:10987000F3F8162303604FF0FF3008BD04D0FFF764
:10988000D9FF40EAE070F8E71846F6E738B50C462D
:109890001546FFF77FFF38B90CF0DEF809230360A7
:1098A0004FF0FF34204638BD036821469B682A46A6
:1098B0009847041EF6DA0CF0CFF864420460EFE734
:1098C000002A08B503DBBDE80840FFF7DFBF0CF056
:1098D000C3F8162303604FF0FF3008BD10B5FFF743
:1098E00059FF044628B90CF0B7F809230360204655
:1098F00010BD0368DB699847041EF8DA0CF0ACF879
:10990000644204600024F2E7FFF7E8BF38B50C4674
:109910001546FFF73FFF38B90CF09EF809230360A6
:109920004FF0FF34204638BD036821461B692A46A4
:109930009847041EF6DA0CF08FF864420460EFE7F3
:10994000FFF7E4BF38B50D46FFF724FF044630B9F2
:109950000CF082F8092303604FF0FF3038BD036834
:10996000DB699847002814BF4FF400534FF40043BD
:109970006B60236820469B6A984728610020EDE7CA
:10998000FFF7E0BF08B508F0B5FE002008BD2720AE
:109990007047704737B5FFF7FCFF01210D2008F035
:1099A000ABFD00210D2008F0BFFD68460722032112
:1099B0000BF070F8BDF800301C4CC3F38413012584
:1099C000684607220521E5540BF064F8BDF8003025
:1099D000C3F38413684607220621E5540BF05AF8B6
:1099E000BDF80030C3F38413684607220921E5540B
:1099F0000BF050F8BDF80030C3F38413684607221B
:109A00000A21E5540BF046F8BDF80030C3F3841387
:109A100007220B216846E5540BF03CF8BDF80030F6
:109A2000C3F38413E55403B030BD00BF9A2F002068
:109A30000B7930B4DB01114C114DDBB2A3714B78C3
:109A40008A781B01120302F44052DBB213430A78F6
:109A50008446A85CCA78120202F4407200F0030047
:109A60001343034363804B79064ADB01DBB2237265
:109A7000002030BCCCF80020704700BF00420440FA
:109A800050CA030054445700024B0020FF221870B4
:109A90001A707047004204404368002210B502600B
:109AA0005A69044622B1936810681B6A9847636834
:109AB0001A6922B1936810681B6A9847636893F922
:109AC0000220002A0EDB530924480121203302F032
:109AD0001F0201FA02F240F82320BFF34F8FBFF3B9
:109AE0006F8F636893F90120002A0EDB53091B482E
:109AF0000121203302F01F0201FA02F240F8232074
:109B0000BFF34F8FBFF36F8F636893F90330134830
:109B100059090122203103F01F0302FA03F340F830
:109B20002130BFF34F8FBFF36F8F636893F9043019
:109B3000590903F01F039A4001F1200340F8232044
:109B4000BFF34F8FBFF36F8FA3681A786FF386123E
:109B50001A700020DA78D87010BD00BF00E100E074
:109B600030B5836A85B004468C4601ADABB193E84D
:109B7000070085E807006268117883F804C0E26A8C
:109B80009A6019601846626A9047A36A1BB195E80B
:109B9000070083E8070005B030BD2B46EBE700BFA8
:109BA000F8B504461D46A6689DF81800337813F0F2
:109BB00040037BD1C4E903120F46616884F820009A
:109BC000D1F814C0E561C4E90533BCF1000F20D021
:109BD0000F28A56159D9DCF804301968CB78022028
:109BE00060F30513CB708B78022060F383038B70D6
:109BF000ABB2CB818A60002A70D0DCF80830DCF888
:109C000000005B68984700283ED1616894F8200006
:109C1000A6680B69FBB15A6865610F2811683ED9C7
:109C2000CA78022060F30512CA70CA780220ADB269
:109C300060F38302CD81CA704F60002F55D0327817
:109C400018686FF3451232709A6853689847D8B90C
:109C5000A66894F82000F27A338A0F28D2B29BB219
:109C600026D9013022F040028008053842F0200257
:109C700023F4706343EA002080B2F27230823378BA
:109C800043F0600300203370F8BD072817D8DCF8D4
:109C900004100968C87863F30510C870A3E70728A3
:109CA00016D8CA786FF30512CA70BEE70820F8BD4F
:109CB000072894BF42F0400202F09F02D8E7DCF888
:109CC00004301968CB78012060F30513CB708AE764
:109CD000CA78012060F30512CA70A6E78B7862F398
:109CE00083038B70044B8B6087E7D2B267F38302E8
:109CF000CA70024A4A60A2E7B02E0020B42E0020AB
:109D000010B49DF8044001945DF8044BFFF748BF80
:109D10002DE9F04F0B780F6903F5800303F5E46339
:109D20001B0283B00D46044603F10408002F00F027
:109D30000B81D7E901131A680B684FF000601860B7
:109D4000C3F80880386890470646002840F0F8803D
:109D50006B6973B1D3E9011218680B681268C3F814
:109D600004804FF400261E6090470646002840F00D
:109D70002E812B7803F5800303F5E4631B02D5E9FC
:109D80000612002065606162E262A062A3606F7AE1
:109D9000002F40F0F080B82108204FF0100E6B7BB0
:109DA000EE7A2A6AAD7A1B0343EA46032B43157801
:109DB0000DB140F0B10192F801C090784FEA4C1615
:109DC00046EA4C0621EACC11314323F0700516799E
:109DD000D378009198401B011EB1022E14BF20269B
:109DE000302692F805C0BCF1000F06D0BCF1010F7F
:109DF00014BF4EF0010E4EF0030E92F808C092F818
:109E000006B00CF0030C43EA8C032B43002F40F008
:109E1000B580917A92F8099092F80B80019143F401
:109E20006043EFF3108A012585F31088676897F87F
:109E300000C06B4FCCF1130CD7F8001105FA0CFCE5
:109E400021EA0C0CC7F800C1D7F800718AF310881A
:109E5000A7689DF8001097F803C0C0B24FF0000C3F
:109E600087F803C039707870BE70D279BA729BB22D
:109E7000019A616887F80C905FFA8EFE7A7387F812
:109E80000E8087F80FE03B8287F820B091F902300E
:109E9000634579DA534891F90130002B21DB4A7987
:109EA00003F1604505F561451201D2B285F8002342
:109EB00003F1C00640F823404B4D5A0955F826706F
:109EC000920002F160426FF3104745F8267002F5E8
:109ED000614203F01F03012505FA03F3C2F8803144
:109EE000136091F904200B7A404D3F4EAF181B01CF
:109EF000DBB287F8003302F1C00740F8224056F881
:109F000027C053099B0003F160436FF3104C46F8E0
:109F100027C003F56143012602F01F0206FA02F290
:109F2000C3F880211A6091F90320CB7915441B01F5
:109F3000DBB285F800332E4B40F822400026236028
:109F4000304603B0BDE8F08F4A69002A3FF417AFEE
:109F5000D2E9011310681A680B684FF400261E60DE
:109F6000C3F804809047064600283FF402AF30460D
:109F700003B0BDE8F08FB021864610E74FF000082F
:109F8000CDF80480C1464CE78A79174E03F1604052
:109F900000F561401201D2B280F80023114803F1AC
:109FA000C0075A0940F82340920003F01F0305FA46
:109FB00003F302F1604256F8275002F561426CF358
:109FC000104546F82750C2F88031136063E7BB683C
:109FD00038681B6A9847304603B0BDE8F08F00BF71
:109FE000006F0440082F00200060004000E100E006
:109FF00049505352214A224B126A1B68C2F3026C29
:10A0000003FA0CF3C2F30232D340421E1344B3FBF3
:10A01000F0F0B0F5805F20D8012820D9B0F5007F9E
:10A0200000B523D9B0F5806F24D9B0F5006F95BF86
:10A03000082210224FF0020E4FF0030E91F801C0DB
:10A04000431E6EF3010C1344B3FBF2F3013B81F8A2
:10A0500001C00B7000205DF804FB062070474B78B0
:10A0600000206FF301034B700870704702224FF01D
:10A07000000EE3E704224FF0010EDFE700E00140AD
:10A08000942F002010B4EFF30383103B5BB203F175
:10A09000C001204A204C52F821006FF3104042F8D2
:10A0A000210054F82330D3E906218A421BD01869D5
:10A0B00040B393F820400F2C0BD99968496840F8B9
:10A0C0002210D96901328A429A610CD05DF8044BA2
:10A0D0007047072C19D8996809798154D9690132D8
:10A0E0008A429A61F2D15B680C4993F903305DF8BA
:10A0F000044B5809012203F01F0302FA03F341F84D
:10A100002030704798684068DCE79C68A48820F895
:10A110001240D7E700600040082F002000E100E077
:10A12000F0B5EFF30383103B5BB203F1C0022F499C
:10A130002F4C51F822006FF3104041F8220054F8E0
:10A1400023305868026A002A30D092F801C0DC69D6
:10A150005A69BCF1010F17D094420FD0D96841B3AE
:10A1600093F820000F280AD80728986895BF895CC3
:10A1700031F812100171818001325A61F0BD986886
:10A1800051F822104160F7E704F1FF3E724513D009
:10A1900001690029E0D090F9031016484D0901F03B
:10A1A0001F010CFA01F140F82510D5E75A69DC6966
:10A1B000D2E798684160DFE790F903E00EF1C0064E
:10A1C0004FEA5E10800051F8267000F1604000F503
:10A1D00061400EF01F0E0CFA0EF56FF3104741F8B8
:10A1E0002670C0F880510560B6E700BF00600040EF
:10A1F000082F002000E100E010B4EFF30383103BD0
:10A200005BB2324A324C03F1C00152F821006FF3C5
:10A21000104042F8210054F823008268D278920757
:10A2200006D54268527A012A02D05DF8044B704785
:10A230005909284C0122203103F01F0302FA03F3CD
:10A2400044F82130BFF34F8FBFF36F8F436893F90A
:10A250000230002B2FDB5909203103F01F0302FAD3
:10A2600003F344F82130BFF34F8FBFF36F8FD0E972
:10A270000114237891F902106FF3861300292370DB
:10A2800014DB01F1C00C114C4B099B0001F01F01C4
:10A290008A4003F1604354F82C1003F561436FF3D7
:10A2A000104144F82C10C3F880211A605DF8044B6B
:10A2B0000121FFF755BC82685DF8044B13786FF3FA
:10A2C000861313700121FFF74BBC00BF00600040F4
:10A2D000082F002000E100E070B5EFF30384103C8C
:10A2E000314B64B253F82460736893F90230002B49
:10A2F00042DB5A092D492032012003F01F0300FAE6
:10A3000003F341F82230BFF34F8FBFF36F8FD6E9CD
:10A31000012392F902101A7800296FF386121A703D
:10A3200015DB01F1C00C224D4A09920001F01F011A
:10A3300000FA01F102F1604255F82C0002F5614289
:10A340006FF3104045F82C00C2F880111160DA78E4
:10A350000021D5B21207D97021D4EB0712D405F031
:10A360001405142D16D0124BC03453F824206FF36B
:10A37000104243F8242070BDB3681A786FF3861238
:10A380001A70E4E70421304605F01405FFF7E8FBF6
:10A39000142DE8D108213046FFF7E2FBE3E7052161
:10A3A0003046FFF7DDFBD8E7082F002000E100E092
:10A3B00000600040036A70B50446987800F07B00A6
:10A3C00098700D46217841B32261E269E560106919
:10A3D000002841D0226982B1A378816800688E6824
:10A3E000E16803F00303013B22FA03F30022226138
:10A3F0009BB2B04780B9236A21789A7842F08002F4
:10A400009A7039BB94F802C00CF0030CBCF1020F37
:10A410001AD02A78DA70002070BD94F802C0E06982
:10A420000CF0030E0069A2EB0E02226105EB0E0296
:10A43000E2600028CED19A780CF0030C42F0800242
:10A44000BCF1020F9A70E4D12A8842F47E420020C7
:10A45000DA8170BD002070BD9A7842F080029A7057
:10A4600070BD00BF036A91F801C09A7800B502F090
:10A470007B0E02F00B029A700022C260887858703E
:10A4800010461A786CF301021A70CA789A7493F81D
:10A4900007C00A780CF0A30102F05C020A43DA71EB
:10A4A00083F802E05DF804FB10B5D0E90721002332
:10A4B00043608B7092F905202F490446500901230F
:10A4C000203002F01F0203FA02F241F82020BFF30D
:10A4D0004F8FBFF36F8FE26992F90B205009203044
:10A4E00002F01F0203FA02F241F82020BFF34F8F5F
:10A4F000BFF36F8FE26992F907205009203002F014
:10A500001F0203FA02F241F82020BFF34F8FBFF37E
:10A510006F8FE26992F90920500902F01F029340FF
:10A5200000F1200241F82230BFF34F8FBFF36F8F4D
:10A53000E369DA6822B1936810681B6A9847E36997
:10A540001B691BB19A681868136A9847EFF310816A
:10A55000012383F31088E369084A1C78D2F80001CC
:10A560004FF00043E3400343C2F80031D2F800311A
:10A5700081F31088002010BD00E100E0006F04406E
:10A58000F0B5846A85B005460F4694466E46B4B170
:10A5900094E80F0086E80F00EB691B7884F804C08C
:10A5A0002360EB6A2046C4E902736B6A9847AC6A81
:10A5B0001CB196E80F0084E80F0005B0F0BD3446EA
:10A5C000EAE700BF8C46516830B4029C0D6880B940
:10A5D0001C609CF8010038B9E8784FF0010C0B348E
:10A5E0006CF30510E8701C60936810681B6830BC41
:10A5F000184704F10C001860EBE700BF2DE9F047A5
:10A600000D4609780323CB4013F0010301F10072DA
:10A6100018BF1023037002F56052837852010121A4
:10A6200061F301030262A9696A6942620022C0E91A
:10A630000A21C56183706B7882B0044623B98378A0
:10A64000022262F30103837095F90B00594B95F8D0
:10A650000AC04209203200F01F06012101FA06F665
:10A6600043F82260BFF34F8FBFF36F8F524A534EB0
:10A6700000F1C0074FEA0C1C52F827E06FF3104EB0
:10A6800042F827E01F185FFA8CFC87F800C346F8F1
:10A69000204095F9050095F804C04709203700F0DF
:10A6A0001F0E01FA0EFE43F827E0BFF34F8FBFF3F2
:10A6B0006F8F00F1C00703EB000852F827E04FEA64
:10A6C0000C1C5FFA8CFC6FF3104E42F827E088F800
:10A6D00000C346F8204095F9070095F806C04709E1
:10A6E000203700F01F0E01FA0EFE43F827E0BFF3FB
:10A6F0004F8FBFF36F8F00F1C00703EB000852F8D4
:10A7000027E04FEA0C1C5FFA8CFC6FF3104E42F806
:10A7100027E088F800C346F8204095F9090095F82D
:10A7200008C04709203700F01F0E01FA0EF143F868
:10A730002710BFF34F8FBFF36F8F00F1C0074FEAB1
:10A740000C1152F827C003446FF3104C42F827C095
:10A75000C9B283F80013EA6846F8204072B1536822
:10A760001B684FF4002143F8041B216A0531009156
:10A77000E1692078FFF726FF0646B0B92A69FAB1E9
:10A7800053681B684FF0006143F8081B216A0331CE
:10A790000091E1692078FFF715FF064680B1EB686C
:10A7A0001BB19A681868136A9847304602B0BDE832
:10A7B000F08700BF00E100E000600040082F0020AB
:10A7C000EFF31080012383F31088984B2E78D3F891
:10A7D00000214FF00041F14022EA0102C3F80021BC
:10A7E000D3F8003180F31088236AE06900229A7060
:10A7F0001A715A729A72DA725A83297840F20722D1
:10A80000CA40D20744BF4022DA7406221A7722785F
:10A810007AB1C168013A002900F0FE8001261203D6
:10A8200091B2314341F006029A829A8A92B29142E1
:10A83000FBD1EA78A978D20042EA011269780329AB
:10A8400000F0D780002914BFF221E221ED69D2B2D5
:10A850001A7099712A7B520002F002025A736A78C8
:10A86000A97800261E7295F800C0D201490101F0B6
:10A870002001D2B20A43ACF10201012940F2BD80AD
:10A88000D2B2DA716A68917859701978567866F39D
:10A8900001011970D17899741278D97902F05C02AB
:10A8A00001F0A3010A43DA710027C4E90377C4E980
:10A8B000057790F905105E4E01F1C00E4A0956F871
:10A8C0002E80920067F3104802F1604246F82E8015
:10A8D00002F561424FF0010E01F01F010EFA01F185
:10A8E000C2F88011116090F90B1001F1C0094A09FA
:10A8F00056F829A0920002F1604202F5614267F326
:10A90000104A01F01F0146F829A00EFA01F1C2F821
:10A910008011116090F9071001F1C0094A0956F839
:10A9200029A0920002F1604202F5614201F01F018C
:10A9300067F3104A46F829A00EFA01F1C2F8801117
:10A94000116090F9091001F1C0004A0956F82090F1
:10A95000920002F1604267F3104946F8209002F538
:10A9600061420CF0030C01F01F010EFA01F14CF0F2
:10A97000700CC2F88011116083F802C06B892381CA
:10A980004FF6FF7843452DD0EFF310818EF31088FA
:10A99000284A13681BB92848C3704023C370136842
:10A9A0000133136081F31088218924480B0A1B01AD
:10A9B00053FA81F150F8213023F0011323F440437E
:10A9C00043F0040340F82130EFF31081012383F3B7
:10A9D0001088136813B11368013B13601368B3B197
:10A9E00081F31088164B63600026304602B0BDE844
:10A9F000F08742F04002F22128E7BCF1020F08BFC5
:10AA000042F01002FF21D2B25970DA714CE70A4AC3
:10AA10008020D370D070E3E7C169097A1140090240
:10AA200001F4706141F00106F9E600BF006F0440D7
:10AA300000600040042F0020000D04400008044086
:10AA4000554943532DE9F04F1E46FF23B370337829
:10AA50006FF382038BB033708023F370554B0992F0
:10AA6000554A1B6A12680191C3F302618A40C3F31D
:10AA70000233DA40514B07900021100A06920891E8
:10AA8000059002910093A2FB03BA099B009A93429E
:10AA90006EDA9DF8203003930027494B039ADD5D61
:10AAA000C5F34003C5F3800504932B43934256D16D
:10AAB000444B33F81780079B03FB08F8069BB3FB56
:10AAC000F8F2541EFF2C4AD802FB08F91DE0059B42
:10AAD000B9FBF3F37F2B03FB00F040D90028B8BF8C
:10AAE000FF300012A0F5C330A0380028009AB8BF8C
:10AAF0004042824240DC029BF370337843F004030F
:10AB0000A9EB0809337054B3013C4A464FEAE97394
:10AB1000584651460AF07AFD019A002AD7D1A0F58D
:10AB2000C333A03B002B009AB8BF5B429A4216DDAC
:10AB30000093234BB470DA5D3378C2F3000161F304
:10AB40008613049961F3041365F3C30333707378B8
:10AB5000C2F3C10262F301037370019B02930137D8
:10AB60000D2F9AD1089BF3B1009B099A93421DDCEB
:10AB700000200BB0BDE8F08F0293114B049AD95D11
:10AB800033780090C1F3000060F3861362F304137E
:10AB900065F3C30333707378B470C1F3C10161F31B
:10ABA00001037370A7E7012308936EE703200BB03E
:10ABB000BDE8F08F00E00140942F0020A086010046
:10ABC00058CA030068CA0300F0B5EFF30383103BD3
:10ABD0005BB203F1C001344A344C52F821006FF3E8
:10ABE000104042F8210054F82300C3691B6913B1D7
:10ABF000036913B1F0BD036983B9D0E908249378E0
:10AC000003F07F03002143F004039370C160002C24
:10AC1000F0D0BDE8F0408022FFF7B2BC05785DB30C
:10AC2000066AF18AC1F30421A9421ED28478C2685F
:10AC30001F4F04F0030E74460BE092F800C086F834
:10AC40000FC001311B1B2244A942C0E903230CD2CF
:10AC50005BB1BEF1020FF0D1B2F800C04CEA070CB4
:10AC60001FFA8CFCA6F80EC0EBE732796FF3C7121F
:10AC70003271002BBED1C0E7827802F003010229B5
:10AC8000C1680BD0046A0D78E57002F003029B1ACC
:10AC90000A44C0E90323002BACD1AEE70C88056A57
:10ACA00044F47E44EC81F0E700600040082F00206F
:10ACB00000FEFFFF10B582B0EFF30383103B5BB2E1
:10ACC00003F1C001574A584C52F821006FF310406D
:10ACD00042F8210054F82340E369DB6813B1A3690B
:10ACE000002B49D122894FF6FF739A4275D1227801
:10ACF000236AF2B1D98AC80612D01B8AC3F30803AB
:10AD00000193A369FBB9636A2BB104220199204620
:10AD1000FFF736FC22782AB1236AD98AC906E8D11E
:10AD2000BE221A7123894FF6FF72934231D102B0CD
:10AD300010BDA17801F003010229DED05B790193F7
:10AD4000A369002BDFD0A278606902F0030201A999
:10AD50000AF0A5FFD4E90521A37803F003031A4400
:10AD6000C91AC4E9052129B9636A1BB10122204629
:10AD7000FFF706FC2278CEE7636A0021C4E90511DB
:10AD8000002BD4D00122204602B0BDE81040FFF7CE
:10AD9000F7BB1A0A1201254952FA83F351F823200E
:10ADA00022F0011222F4404242F0040241F8232032
:10ADB000EFF31082012383F310881D4B196811B142
:10ADC0001968013919601B681BB91A498020CB70BA
:10ADD000C87082F3108802B010BDEFF31081012318
:10ADE00083F31088124B1A681AB91248C2704022B5
:10ADF000C2701A6801321A6081F3108822890B49E7
:10AE0000130A1B0153FA82F251F8223023F0011386
:10AE100023F4404343F0050341F82230236A2278AB
:10AE200067E700BF00600040082F002000080440D2
:10AE3000042F0020000D044010B5EFF30384103CF4
:10AE40000B4B64B253F82400D0E90821937803F047
:10AE50007B03937019B102220021FFF791FB054B90
:10AE6000C03453F824206FF3104243F8242010BD5F
:10AE7000082F00200060004010B5EFF30384103C61
:10AE8000194B64B253F82400037843B9837803F074
:10AE90000303022B03D0036A5979C9B203E0036AA2
:10AEA000198AC1F3080193F804C01CF0100F0CF0CC
:10AEB000380206D093F81CC01CF0010F08BF42F006
:10AEC000400293F804C00CF0C70C83F804C0436A36
:10AED0000BB1FFF755FB054BC03453F824206FF33B
:10AEE000104243F8242010BD082F002000600040CD
:10AEF00010B5D0E901320021917093F90230314947
:10AF0000044658090122203003F01F0302FA03F31C
:10AF100041F82030BFF34F8FBFF36F8F636893F911
:10AF200001305809203003F01F0302FA03F341F8FF
:10AF30002030BFF34F8FBFF36F8F636893F90430F6
:10AF40005809203003F01F0302FA03F341F82030C0
:10AF5000BFF34F8FBFF36F8F636893F903305809C6
:10AF6000203003F01F0302FA03F341F82030BFF34F
:10AF70004F8FBFF36F8FEFF3108182F310886368F8
:10AF8000114A93F800C0D2F800014FF0004323FAB1
:10AF90000CF30343C2F80031D2F8003181F310887A
:10AFA00063685A6922B1936810681B6A984763689E
:10AFB0001B691BB19A681868136A984700202060C3
:10AFC00010BD00BF00E100E0006F044030B5436AEF
:10AFD00085B004468C4601ADABB193E8070085E827
:10AFE00007006268117883F804C0A26A9A60196049
:10AFF0001846226A9047636A1BB195E8070083E808
:10B00000070005B030BD2B46EBE700BF2DE9F84F38
:10B010000C460B78D1E9052103F1007303F5605369
:10B020000162E16981625B010021C0E901430646DA
:10B030004162002A00F02181516810680D680533D3
:10B040006B6093684FF400221B682A60984705469E
:10B05000002840F00F8122697AB1B3685168106806
:10B060000D680333AB6093684FF000621B682A6081
:10B0700098470546002840F006817268156A95F9E0
:10B0800002106B78AF780029517AAABFFF274FF0E2
:10B09000040E4FF0000E0129917A18BF4FF0000CFA
:10B0A00003F0030306BF4FF0020C052060460129A0
:10B0B00043F08003D17A00F0F080012914BF40F002
:10B0C000800040F0C000517B002914BF4FF0E2081F
:10B0D0004FF0EA08EFF3108A012181F3108892F80B
:10B0E00000B0714A4FF0004929FA0BFBD2F80091E9
:10B0F00029EA0B09C2F80091D2F800218AF31088DE
:10B10000B2685FFA83F90023937092F804A04FF0BD
:10B11000840A82F804A04FF4784AA2F814A082F8B6
:10B12000009082F802C082F806802D785570C0B277
:10B13000977482F807E05073402013725372937231
:10B14000D3725383D0740220107794F90120607970
:10B15000564D574F05EB020C0001C0B28CF80003AE
:10B1600002F1C00E47F8226052484FEA521C50F8D4
:10B170002E804FEA8C0C0CF1604C0CF5614C63F3A3
:10B18000104802F01F0240F82E8001FA02F2CCF8BB
:10B190008021CCF8002094F9022094F806C005EB39
:10B1A000020E4FEA0C1C5FFA8CFC8EF800C302F111
:10B1B000C00E47F822604FEA521C50F82E804FEA2A
:10B1C0008C0C0CF1604C0CF5614C63F3104802F0F0
:10B1D0001F0240F82E8001FA02F2CCF88021CCF850
:10B1E000002094F9032094F807C005EB020E4FEA03
:10B1F0000C1C5FFA8CFC8EF800C347F8226002F149
:10B20000C00E4FEA521C50F82E804FEA8C0C0CF105
:10B21000604C0CF5614C63F3104802F01F0240F8DB
:10B220002E8001FA02F2CCF88021CCF8002094F9AB
:10B2300004C0227A65441201D2B285F800230CF1D1
:10B24000C00447F82C604FEA5C1250F8245092007A
:10B2500002F1604263F3104502F561420CF01F0CED
:10B2600040F8245001FA0CF11D46134BC2F880112E
:10B27000116033602846BDE8F88F2269002A7FF408
:10B28000EDAE2246FAE66369002BF3D09A6818689F
:10B29000136A98472846BDE8F88F00297FF413AF5A
:10B2A00040F040000FE700BF006F044000E100E005
:10B2B000082F00200060004053494353F8B504466E
:10B2C0008068807810F0300034D11D46E3616368F7
:10B2D000C4E9031216461A69C4E9050092B153681D
:10B2E00065611B68A8B2D88131B35960D978022052
:10B2F00060F38301D9701946936810685B689847BA
:10B30000B8B963685A6952B14EB1936810689F68C2
:10B31000A561ABB232460021B84750B963682069D5
:10B3200088B11869A8B1A268937843F0F0030020AF
:10B330009370F8BD0820F8BDD87861F383002949DF
:10B34000D8705960D7E7A268937843F0A003937050
:10B35000F8BD5A69A168002A8A7814BFF0257025C3
:10B3600042EA05028A70E4D193F9013001215A09B9
:10B3700003F01F0301FA03F320321B4941F8223086
:10B38000BFF34F8FBFF36F8F6369E269934206D2B9
:10B39000D4E9020109B3C95CC17001336361636818
:10B3A000597A01290CD093F901300F49580901222B
:10B3B00003F01F0302FA03F341F820300020F8BD28
:10B3C000012AF0D961698A42EDD9D4E9020232B189
:10B3D000525CC27001316161E5E7C170DDE7C270A6
:10B3E000F8E700BFB82E002000E100E0FFF766BFDD
:10B3F00070B5204C204B246A1B68C4F3026E03FA1C
:10B400000EF3C4F3023E0D4623FA0EFE4FF0000C7D
:10B4100066460CF1010C4FEA4C0300FA03F303EB10
:10B420000E04013C94FBF3F4013CFF2C02DDBCF163
:10B43000040FEDD1B2B19EFBF3F4013C84F3080498
:10B44000611C81FB03010902724641EA106100237D
:10B4500000020AF0DBF8B0F5807F71F10003B4BFA1
:10B46000C2B200226B782C7066F30103AA706B7075
:10B47000002070BD00E00140942F002010B4EFF3D5
:10B480000383103B5BB203F1C001144A144C52F821
:10B4900021006FF3104042F8210054F823305A691C
:10B4A000D9698A4206D2D3E90240A8B1805CE07033
:10B4B00001325A618A4202D05DF8044B70471A6922
:10B4C000002AF9D19A685DF8044B937803F07B0366
:10B4D00043F0040393707047E070E9E700600040B8
:10B4E000082F002010B4EFF30383103B5BB203F18D
:10B4F000C001174A174C52F821006FF3104042F870
:10B50000210054F823305A69D9698A4206D2D3E916
:10B510000240D0B1805CE07001325A619A698A427F
:10B5200007D2986819694079541C9C618854D3E902
:10B530000621914206D19A68937803F03B0343F0C9
:10B54000040393705DF8044B7047E070E4E700BFBC
:10B5500000600040082F002010B5EFF30384103C7A
:10B560000A4B64B2012153F824008268937803F0F7
:10B5700003039370FFF72AFDC034054B53F82420D2
:10B580006FF3104243F8242010BD00BF082F0020A5
:10B590000060004010B5EFF30384103C0C4B64B224
:10B5A0004FF0840C53F8240083689A7802F0030269
:10B5B0009A701A7983F804C00421FFF707FDC0349C
:10B5C000044B53F824206FF3104243F8242010BD9D
:10B5D000082F00200060004002690023F0219370D2
:10B5E000D17290F82A10C269036280F8303080F876
:10B5F0002C1042621846704741600272002070476A
:10B60000C0E90E3241630020704700BFC368044A9E
:10B610009B1AB3FA83F35B090B700020704700BFDD
:10B620004332495310B502690023F021937093709F
:10B63000D17290F82A10026880F82C1004469169A3
:10B64000C0696062236284F83030E36021B18B68A6
:10B6500008681B6A9847226853691BB19A68186882
:10B66000136A9847EFF31081012383F3108823684E
:10B67000074A1C78D2F800014FF00043E34003432F
:10B68000C2F80031D2F8003181F31088002010BDDB
:10B69000006F044003685969A1B190F82D3070B56E
:10B6A000044603F0FF0563B98A68038C966808684E
:10B6B000A1692A46B047E269C4E90852012384F827
:10B6C000333070BD704700BF38B590F808C080F8BF
:10B6D0002E30BCF1010FC0E90612054647D090F8A4
:10B6E0002AC085F82BC0002385F82D3085F82F302F
:10B6F00085F8313085F8333095F82D1085F82C30E9
:10B70000C5E9082311B1012385F831302A682B6976
:10B710005269B42199706AB1526800211268997017
:10B7200095F82D40FCB94FF0006111602321B4223F
:10B7300099729A7095F830201AB95122DA72002065
:10B7400038BD0022BCF1010F85F8302019D001224C
:10B7500095F82910D9700CF1FF3C85F82BC085F8BD
:10B760002C20002038BD116011495160DEE743688C
:10B7700080F82AC000215B0080F8291080F828306A
:10B78000AFE72846FFF786FF95F82A3095F82C207A
:10B79000012B07D1013295F828102B6995F82BC0A1
:10B7A000D2B2D7E701322B6995F82BC0D2B2CFE7DE
:10B7B00082CA030038B590F808C080F82E30BCF17A
:10B7C000010FC0E90612054647D090F82AC02A6248
:10B7D0000023012185F82D1085F82F3085F83130B0
:10B7E00085F8333085F82C306B6295F82D3085F86C
:10B7F0002BC00BB185F831102A682B695269B4212E
:10B8000099706AB1526800211268997095F82D40BC
:10B81000FCB94FF0006111602321B42299729A7033
:10B8200095F830201AB95122DA72002038BD002272
:10B83000BCF1010F85F830201BD0012295F82910AA
:10B84000D9700CF1FF3C85F82BC085F82C20002026
:10B8500038BD116012495160DEE7436880F82AC0A4
:10B860005B00002143F0010380F8291080F82830A4
:10B87000ADE72846FFF70EFF95F82A3095F82C2003
:10B88000012B07D1013295F828102B6995F82BC0B0
:10B89000D2B2D5E701322B6995F82BC0D2B2CDE7F1
:10B8A00082CA03002DE9F0430B788A68426003F1F5
:10B8B000007303F560535B01016003610A7B027250
:10B8C0000D46D1E906214163296AC163002183B095
:10B8D00004468163C2B1516895F90EC00F6803C96F
:10B8E00005336E464FF4002E7B60C7F800E086E813
:10B8F0000300019B83F800C0936810681B68314601
:10B900009847002840F0AC806B69D3B15A6827682B
:10B91000166897F90F7092E8030022690332B2604B
:10B920004FF0000C6A46C6F800C082E803001146DA
:10B93000019A17709A68186813689847002840F0B1
:10B94000AD80EFF310804FF0010C8CF31088584B52
:10B950002E78D3F800214FF00041F14022EA010295
:10B96000C3F80021D3F8003180F3108822682369DE
:10B97000516A504F0020F0229870DA728A7802F0F3
:10B9800003021A700A78FA2692009E7142F0200291
:10B990004E785E70D2B2DA714A791A72CA789A74A5
:10B9A0000A79454ED20042EA0C02D2B25A722322E0
:10B9B0009A72587395F90F306A7BF1181201D2B25E
:10B9C00081F8002303F1C00847F823403B494FEAC0
:10B9D000531E51F828904FEA8E0E0EF1604E0EF570
:10B9E000614E60F3104903F01F0341F828900CFAF0
:10B9F00003F3CEF88031CEF8003095F9103006EB25
:10BA0000030E03F1C0088EF8002347F823404FEAE5
:10BA1000531E4FEA8E0E51F828900EF1604E0EF52F
:10BA2000614E03F01F030CFA03F360F3104941F871
:10BA30002890CEF88031CEF8003095F90E30834250
:10BA400011DA0020C4E908001D4B84F82D00A06124
:10BA500084F82E00E06184F82F00E36084F8300061
:10BA600003B0BDE8F0831E4403F1C00586F800234F
:10BA700047F823405A09920051F8256002F16042CC
:10BA800002F5614203F01F030CFA03F360F3104662
:10BA900041F82560C2F880311360D2E7AB69002B12
:10BAA000DED09A681868136A98470028D8D148E70A
:10BAB000006F0440082F002000E100E0006000401B
:10BAC0004332495370B5866B82B004460B466D46CF
:10BAD0003EB396E8030085E80300E26B3371236808
:10BAE00032605A6912B194F82D10A1B19B6913B15B
:10BAF00094F82D2052B9636B30469847A36B1BB165
:10BB000095E8030083E8030002B070BD9A681868E6
:10BB100013699847EFE7936810681B699847236893
:10BB2000E4E72E46D9E700BFEFF30383103B5BB297
:10BB3000044AC03352F823106FF3104142F8231027
:10BB4000704700BF0060004070B5EFF30383103B07
:10BB50005BB2614AC03352F823106FF3104142F8D0
:10BB60002310EFF30383103B5C4A5BB252F823408F
:10BB70002269137BC3F30000DB072CD494F82C302C
:10BB800094F82A10994216D094F82D1009B1022B7E
:10BB900041D02046FFF77EFD236994F82820DA7013
:10BBA00094F82B2094F82C30013A013384F82B20A0
:10BBB00084F82C3070BD94F8333003F0FF053BBBA4
:10BBC000236A93BB94F82E3063B352210123D172C0
:10BBD00084F8303070BD94F82D308BB194F831304A
:10BBE00073B9636AA1695279CA54D4E9082394F8F5
:10BBF0002E10013A0133C4E9082379B12269E4E740
:10BC0000002001215423206284F82F10D37270BDCC
:10BC100084F8330070BD5223D37270BD236954225F
:10BC2000DA7270BD5423D37270BD94F82D1041B9EF
:10BC3000616AA069013B405C0131C4E90831D07000
:10BC400070BD94F8311000292ED0216884F831504D
:10BC50004869002838D08969002935D0E069022870
:10BC600032D98E68831E0868B668F42191709BB241
:10BC7000A2692946B0472268E36952699168106851
:10BC80008E68023B9BB22A462946B047E369226987
:10BC90000220023BC4E90803012184F83310002389
:10BCA000FF209372D070CBE7636AA1695279CA54BE
:10BCB000D4E90832013B0132012BC4E90832226980
:10BCC00004D0FF20D070BBE7012BE8D12023FF2058
:10BCD0009372D070B4E700BF00600040082F0020CE
:10BCE00010B582B0EFF30383103B374A5BB252F8D2
:10BCF00023000269D37A6FF3C303D37290F82F3015
:10BD0000ABBB90F82A1003F0FF0C90F82C3099424E
:10BD10001BD1036A5BB990F82D1090F830400029D0
:10BD200014BF02210321A4B3D372FFF7CBFEEFF3BC
:10BD30000383103B5BB2254AC03352F823106FF3E4
:10BD4000104142F8231002B010BDB3B9012929D027
:10BD500090F829C00021D17282F803C090F82B20FE
:10BD60000133013A80F82B2080F82C30DFE7F023F4
:10BD7000D3720121FFF7A6FED9E790F82D4004F019
:10BD8000FF016CB1022BE5D190F829C04CF0010CF9
:10BD9000E0E7F023D372937803F0CF039370C4E706
:10BDA0008C46D7E70190FFF775FC019890F82A3090
:10BDB000012B05D190F828C0026990F82C30C9E712
:10BDC000026990F82C30C3E7082F00200060004083
:10BDD000F0B583B0EFF30384103C154B64B253F815
:10BDE0002450EF68BFB16A682B6992F90D20121BCD
:10BDF00018BF01226E46C3B193E8030086E8030032
:10BE00001A706A695A601846B8472B691BB196E8E0
:10BE1000030083E80300074BC03453F824206FF37A
:10BE2000104243F8242003B0F0BD3346E8E700BFDA
:10BE3000082F002000600040EFF30383103B5BB24B
:10BE40000649074A51F823100120C033087252F8FE
:10BE500023106FF3104142F823107047082F002081
:10BE6000006000400B0A1B01044853FA81F150F8AE
:10BE70002130C3F3400300201370704700080440D2
:10BE8000C8B2012383404AB91A040B0A5B0103F1CB
:10BE9000804303F5802300209A6070479AB2F4E74C
:10BEA00038B50488002C4DD043680021043303EBDF
:10BEB000C40040F202450C4640F2034C40F2044EEE
:10BEC0000FE0624530D153F8042C02F0B852B2F1C1
:10BED000807F14BF41F0020144F002040833834222
:10BEE00011D01A88AA42ECD153F8042C02F0B852AF
:10BEF000B2F1807F03F1080314BF41F0010144F067
:10BF000001048342EDD1C943CDB2012002F050FFBC
:10BF10000D4B93F8BB2414432C4083F8BB44012001
:10BF2000BDE8384002F014BF7245D7D153F8042C55
:10BF300002F0B852B2F1807F0CBF44F0040441F02B
:10BF40000401CBE7FF25E0E700E0014070B584B0D5
:10BF500002AB012668460C461546ADF80C1002925D
:10BF6000ADF800600193FFF79BFFEFF3108286F3BB
:10BF700010881D490B681BB91C48C3704023C3704F
:10BF80000B6801330B6082F31088EA034FEA142335
:10BF9000E4B219D41B01164A234442F82350EFF3AC
:10BFA0001082012383F310880B6813B10B68013BE7
:10BFB0000B600B681BB90D498020CB70C87082F3F1
:10BFC0001088002004B070BD04EB0310084A52F83A
:10BFD00020606FF3104642F8206025F4803642F866
:10BFE00020601B01D7E700BF042F0020000D044094
:10BFF00000080440034610B400209C685A614FF0CA
:10C00000010C83F821C083F82300C3E903122279CD
:10C01000986142F010022271227960F3C30222710A
:10C020005DF8044B83F82400704700BF034610B44A
:10C0300000209C6883F8210083F82300C3E90312E1
:10C040005A612279986142F010022271227960F3DC
:10C05000C30222715DF8044B83F82400704700BFCF
:10C06000C0E90B3281620020704700BF10B48268C3
:10C0700003682F4C00214160D17193F90F304FEAD2
:10C08000531C03F01F020CF1200C012303FA02F2EF
:10C0900044F82C20BFF34F8FBFF36F8F026892F9E3
:10C0A0000C204FEA521C0CF1200C02F01F0203FA84
:10C0B00002F244F82C20BFF34F8FBFF36F8F02685A
:10C0C00092F90D204FEA521C0CF1200C02F01F02D5
:10C0D00003FA02F244F82C20BFF34F8FBFF36F8FA7
:10C0E000026892F90E204FEA521C0CF1200C02F06B
:10C0F0001F0203FA02F244F82C20BFF34F8FBFF364
:10C100006F8FEFF3108483F310880068094A00787A
:10C11000C0F109008340D2F800010343C2F80031A6
:10C12000D2F8003184F3108808465DF8044B70475C
:10C1300000E100E0006F044070B5C36A84B00446BB
:10C140008C46164601AD9BB193E8070085E80700D1
:10C1500083F808C0226B1846C3E90026A26A9047FC
:10C16000E36A1BB195E8070083E8070004B070BDDF
:10C170002B46EDE78268012370B580F82030022657
:10C18000B323D37180F82160537904466FF3000321
:10C190005371C2690D46FFF7CFFFA368DE705A796D
:10C1A00042F001025A7194F82120012A16D094F825
:10C1B000212002B170BD052DFCD194F82320002A66
:10C1C000F8D194F821201AB95A7A02F0F3025A727F
:10C1D000BF210122D97184F8232070BD042DECD039
:10C1E000082DE4D1E9E700BF2DE9F0430B78D1E950
:10C1F000054203F5800303F5A6631B020026C0E990
:10C200000B62836001608462EFF31084012383F387
:10C2100010880A78C2F109029340774AD2F80011D7
:10C2200021EA0303C2F80031D2F8003184F3108808
:10C2300002688368D56980F823601F21AC78197083
:10C240005F211970DF211970917A012900F0CD80EA
:10C250001689F10901F0060141F00101F6B2D97227
:10C260009E72D17A5668C90041F00101C9B2997134
:10C2700062498E424FF00201D9700CBF6FF07F010E
:10C280000021002C00F0AC8041F07D01C9B2013CDE
:10C29000597164B2697841F0E00119742978584DF8
:10C2A000090101F0700141F008019970917C44EAA4
:10C2B0008114E4B2A0211C71D9719F21197092F9E7
:10C2C0000F30517C4F4C0901E618C9B286F80013B3
:10C2D00003F1C0074C4945F8230051F827C05E0917
:10C2E000B6006FF3104C06F1604641F827C006F522
:10C2F00061464FF0010C03F01F030CFA03F3C6F87C
:10C300008031336092F90D3092F810E0E6184FEA70
:10C310000E1E5FFA8EFE03F1C00786F800E345F8B3
:10C3200023005E0951F82780B60006F1604606F545
:10C3300061466FF3104803F01F0341F827800CFAA1
:10C3400003F3C6F88031336092F90E30E71803F139
:10C35000C00887F800E345F823005F0951F82890EA
:10C36000BF0007F1604707F561476FF3104903F01D
:10C370001F0341F828900CFA03F3C7F880313B60A3
:10C3800092F90C201444530984F800E345F8220084
:10C3900002F1C0049B0051F8245003F1604303F5FF
:10C3A000614302F01F020CFA02F26FF3104541F8EC
:10C3B00024500026C3F880211A60022280F82460ED
:10C3C000124B80F82120C0E9056680F82260C66023
:10C3D0000661436080F82060C6613046BDE8F083A6
:10C3E00041F05D01C9B2597154E71189DE7249000B
:10C3F000C9B2997235E700BF006F044040420F0098
:10C40000082F002000E100E0006000405343324963
:10C4100030B583B0EFF30383103B5BB2454AC033C2
:10C4200052F823106FF3104142F82310EFF3038307
:10C43000103B5BB2404A52F8234094F82230B3B923
:10C44000A368012284F82220DA7CD2B28DF805207C
:10C450009DF8052012F0010F5A7A14BF02F0F7027E
:10C4600002F0F3025A72AC22DA7103B030BD94F8D4
:10C4700020304BB9A3681B7A13F0080F204614BF75
:10C4800008210421FFF776FE2269A2B9A368D97CAE
:10C49000C9B28DF806109DF80610197941F0100107
:10C4A0001971197941F008011971197962F30411B0
:10C4B000197103B030BDA369A1689A4209D0E2683E
:10C4C000C97C581CA061D154E3690133E36103B016
:10C4D00030BD022584F821504B79E2696FF30003E7
:10C4E0004B7120460621FFF727FEA3682169DD7006
:10C4F0005A7942F001025A7191B9DA7CD2B28DF8C0
:10C5000007209DF807201A7942F010021A711A7953
:10C5100042F008021A711A7961F304121A71A4E741
:10C52000A269E168DB7C501CA0618B54E369013394
:10C53000E3619AE700600040082F002038B5EFF370
:10C540000383103B5BB2244AC03352F823106FF3CD
:10C55000104142F82310EFF30383103B5BB21F4AF4
:10C5600052F8234094F8203093B194F8213003F02E
:10C57000FF0263B9A369216999420ED0E269E068BC
:10C58000A168C05C887401330132C4E9063238BD49
:10C5900005212046FFF7EEFDE7E723680E4993F9F2
:10C5A0000E3003F1C000002B51F8205062F310450B
:10C5B00041F8205009DB5A09094803F01F03012103
:10C5C000603201FA03F340F82230A268D37943F0D5
:10C5D0004003D37138BD00BF00600040082F002029
:10C5E00000E100E038B5EFF30383103B204A5BB273
:10C5F00052F82340A1680B795807C3F3800217D57E
:10C60000CA796FF38612C023CA7101E0013B02D0E0
:10C61000CA795206FAD4EFF30383103B5BB2154A92
:10C62000C03352F823106FF3104142F8231038BD85
:10C63000022584F821504B7962F300034B71E269C3
:10C6400007212046FFF778FDA168CD704B7943F0B4
:10C6500001034B7194F82130002BD1D1A369E26919
:10C66000E0680132C05C88740133C4E90632C7E770
:10C67000082F00200060004010B582B0EFF3038364
:10C68000103B3E4A5BB252F8230083685A7A910706
:10C690004DD1D1B211F00C0F3CD0012280F82420F2
:10C6A00090F82120012A65D0016982699142C2690E
:10C6B00088BF02F1FF324FF0030188BFC2614FF023
:10C6C000000EA024DC7180F820E080F822E093F8CE
:10C6D00005C06EF3000C83F805C090F82440002CD0
:10C6E00043D1DF241C709F241C7000240223C461EA
:10C6F00080F82130FFF720FDEFF30383103B5BB29E
:10C700001F4AC03352F823106FF3104142F8231030
:10C7100002B010BDCA06EFD5DA7CD2B28DF8072080
:10C720009DF80720DA7902F0EF02DA71E4E70022DF
:10C73000A02180F82420D97180F8202080F82220C0
:10C74000597962F30001597190F8241081B9DF2101
:10C750009F2219701A7000210223C26980F82130CB
:10C76000C1610121FFF7E8FCC6E783F809E0BCE7F7
:10C770005A72F0E7C2690221A1E700BF082F00202A
:10C78000006000404160027200207047C0E90E3234
:10C7900041630020704700BFC368044A9B1AB3FA84
:10C7A00083F35B090B700020704700BF4349495277
:10C7B00030B5836B83B004460A466D46A3B193E857
:10C7C000030085E80300E16B1A71626B196018467B
:10C7D0009047A36B1BB195E8030083E80300002397
:10C7E00084F82B3003B030BD2B46ECE730B4334B2C
:10C7F00002691B6A82B003F00F2301930199019D26
:10C80000137C90F82C4094B9C1F30321DBB2A1EB67
:10C8100015618B409B0805D1082002B030BC7047E1
:10C82000013BF9D05178C909FAD1B323D371002360
:10C83000016890F8264080F8283080F827404C6A3C
:10C84000856980F82B30C56180F82D30036280F84F
:10C850002E3080F82F3080F8303023786478012B28
:10C860000CBF0523042343EA4403DBB2D37053799E
:10C8700043F00103537191F90F30002B09DB10498C
:10C880005C09012203F01F0302FA03F341F824308C
:10C890000269BF23D37190F82C1001F0FF0331B16E
:10C8A000002380F82C30184602B030BC70470221BB
:10C8B0001846517002B030BC704700BF00E0014024
:10C8C00000E100E090F808C080F82A30BCF1010FC8
:10C8D000C0E905120AD1436880F826C05B00002237
:10C8E00043F0010380F8252080F82430012380F8EC
:10C8F0002930FFF77BBF00BF90F808C080F82A30CE
:10C90000BCF1010FC0E9051208D1436880F826C0C8
:10C9100000225B0080F8252080F82430002380F876
:10C920002930FFF763BF00BF036902682DE9F04FAC
:10C930001F241C705F241C70DF241C70546A55680F
:10C940002279564EDFF8608142F0E0021A74E278F4
:10C9500042F0E0025A74A278120102F0700242F032
:10C9600008029A7022786478012A0CBF05220422FA
:10C9700042EA4402D2B2DA70494A95420CBFF72229
:10C9800077225A710027B3229F71DA7191F9112031
:10C9900091F80DC0B4184FEA0C1C5FFA8CFC84F8B7
:10C9A00000C302F1C00548F822003E4C4FEA521E77
:10C9B00054F825904FEA8E0E67F310490EF1604E41
:10C9C00044F825900EF5614E012502F01F0205FA8C
:10C9D00002F2CEF88021CEF8002091F90F2006EB6C
:10C9E000020E02F1C0098EF800C348F822004FEA97
:10C9F000521E4FEA8E0E54F829B00EF1604E0EF51D
:10CA0000614E02F01F0205FA02F267F3104B44F880
:10CA100029B0CEF88021CEF8002091F9102006EB45
:10CA2000020E02F1C0098EF800C348F822004FEA56
:10CA3000521E54F829B04FEA8E0E0EF1604E0EF5DC
:10CA4000614E02F01F0267F3104B44F829B005FA5B
:10CA500002F2CEF88021CEF8002091F90E100E449B
:10CA60004A0986F800C348F8210001F1C00001F02E
:10CA70001F018D4054F82010920002F1604267F3CC
:10CA8000104144F8201002F561424FF09F0AC2F8AD
:10CA90008051156083F800A0BDE8F08F00E100E050
:10CAA00040420F0000600040082F00200A7802F585
:10CAB000800202F5A662120270B502618A68016006
:10CAC00042600A7B0272CA69426300250A6AC26335
:10CAD00004468563EFF3108C012282F310880B78F3
:10CAE000C3F109039A400E4BD3F8006126EA020213
:10CAF000C3F80021D3F800318CF31088FFF714FF3E
:10CB0000084B84F82950C4E9075584F82A50656118
:10CB100084F82B50A56184F82C50E360284670BD42
:10CB2000006F04404349495238B5C369044613B9FC
:10CB300090F82C30A3B1236921680025DD712046CF
:10CB4000FFF7F2FEA36994F826202362236984F894
:10CB50002820B322E56184F82C500020DA7138BD1A
:10CB600090F82B30002BE6D12369B322DA71002034
:10CB700038BD00BF38B5C36904461BB990F82C30E6
:10CB8000002B6FD0236921680025DD712046FFF757
:10CB9000CBFE94F82620A369E56184F8282023625F
:10CBA00084F82C50236922680020B321D971D871F0
:10CBB000E06092F911302E494FEA531C03F01F0236
:10CBC0000CF1200C012303FA02F241F82C20BFF3F0
:10CBD0004F8FBFF36F8F226892F90E204FEA521CDD
:10CBE0000CF1200C02F01F0203FA02F241F82C2093
:10CBF000BFF34F8FBFF36F8F226892F910204FEA77
:10CC0000521C0CF1200C02F01F0203FA02F241F850
:10CC10002C20BFF34F8FBFF36F8F226892F90F2044
:10CC20004FEA521C0CF1200C02F01F0203FA02F230
:10CC300041F82C20BFF34F8FBFF36F8FEFF31085B8
:10CC400083F3108821680B4A0978C1F109018B40F0
:10CC5000D2F800110B43C2F80031D2F8003185F34D
:10CC6000108838BD90F82B30002B9BD08AE700BF8E
:10CC700000E100E0006F044010B483B0EFF30383E1
:10CC8000103B5BB2484AC03352F823106FF3104197
:10CC900042F82310EFF30383103B444A5BB252F88F
:10CCA000233093F82D20BAB99A69022A1A699EBFD7
:10CCB000117941F040011171D969012917D0D27C55
:10CCC000D2B28DF8072001219DF8072083F82D109E
:10CCD00003B05DF8044B7047DA69002AF8D0032AE4
:10CCE0000ED0022A4ED0012A21D019690DE0117907
:10CCF00041F010011171117941F008011171DEE765
:10CD000019690A7942F040020A711A6A5869C97CA5
:10CD10008154D3E907210131013AC3E90721002AEF
:10CD2000D6D119690B7962F386130B71D0E793F8AA
:10CD30002A1089B319681E4C91F90F104809203048
:10CD400001F01F0102FA01F144F82010BFF34F8FE8
:10CD5000BFF36F8F1969C87940F08000C8710879F6
:10CD600040F01000087108794FF0040C6FF3C30015
:10CD7000087181F801C048796FF30000487183F8A9
:10CD80002C20C2E719690A7942F010020A710A7967
:10CD900042F008020A71B8E719694A7A082002F0DD
:10CDA000F7024A724870B0E700600040082F002088
:10CDB00000E100E0EFF30383103B5BB2354AC03380
:10CDC00052F823106FF3104142F82310EFF303835E
:10CDD000103B5BB2304A52F8232092F82730002BE8
:10CDE00037D192F829309BBBD36910B4002B42D1C4
:10CDF0001069C1796FF3C711C023C17101E0013B14
:10CE000002D0C179C909FAD11368224A93F91030C6
:10CE100003F1C001002B52F821406FF3104442F897
:10CE2000214009DB5A091D4C03F01F030121603228
:10CE300001FA03F344F82230C3795DF8044B43F060
:10CE40004003C3717047022909D192F8300030B90C
:10CE5000704792F82610032992F82810F3D0106931
:10CE600092F824C080F812C00131013B82F82810EA
:10CE700082F827307047D2E90404116A013B645CF0
:10CE800084740131C2E90731002BB2D05DF8044B44
:10CE9000704700BF00600040082F002000E100E064
:10CEA00010B4EFF30383103B2B4A5BB252F82330EC
:10CEB00093F829201AB193F82720012A47D0DA697C
:10CEC000D2B11969CA796FF38612C023CA7101E021
:10CED000013B02D0CA795206FAD4EFF30383103B28
:10CEE0005BB21E4AC03352F823106FF3104142F870
:10CEF00023105DF8044B704793F82A10F9B11968B4
:10CF0000174C91F90F10480920304FF0010C01F037
:10CF10001F010CFA01F144F82010BFF34F8FBFF34B
:10CF20006F8F1969C87940F08000C871042048707B
:10CF3000487962F30000487183F82CC0C2E7196990
:10CF40004B7A082203F0F7034B724A70BAE793F862
:10CF50003020002AB3D1B4E7082F00200060004041
:10CF600000E100E038B5EFF30383103B4B4A5BB2BE
:10CF7000E02152F8234023695A7A5972D506D0B27B
:10CF800002F003011FD55A78520648D4E269012104
:10CF900084F82B10002A5ED000252168DD71204620
:10CFA000FFF7C2FC94F82610A2692369E56184F8B2
:10CFB0002810226284F82C50B322DA710121204615
:10CFC000FFF7F6FB12E00029E0D101071BD594F82A
:10CFD0002B20002A48D194F82910B322002914BF2D
:10CFE00002210321DA712046FFF7E2FBEFF303830E
:10CFF000103B5BB22A4AC03352F823106FF3104142
:10D0000042F8231038BD94F82C20002AEED04207B5
:10D01000ECD594F82B200121002AE4D1DBE700298C
:10D02000B4D15A785506C2F38011CED584F82B10AE
:10D030005A7A216802F0F702496A5A720820587039
:10D040000A78012A0CBF03220222DA705A7942F0D0
:10D0500001025A71CAE794F82C20002A9CD194F856
:10D060002B20002AA8D097E7E2696AB1002294F841
:10D070002600A169E26184F82800216284F82C204E
:10D08000B322DA710121AEE794F82C20002AEDD109
:10D0900094F82B20002AF3D0E8E700BF082F0020E7
:10D0A00000600040F0B591F902C080F804C04FEA7A
:10D0B0008C03D1E9026403F1804303F5C0430022ED
:10D0C000D3F80053C3F80023C0E90264124C91F86E
:10D0D00000E080F805E004F80E200F79CA784E7958
:10D0E00042EA071242EAC612D2B2BCF1000F04F8BB
:10D0F0000E20C3F800530BDB4B7808490CF160425B
:10D100001B0102F56142DBB282F8003341F82C00CA
:10D11000034B03600020F0BD00600040082F00209A
:10D120005543490010B490F904200D4B02F1C000A2
:10D13000012153F820406FF3104443F82040530975
:10D140009B0003F1604303F5614302F01F0201FA03
:10D1500002F2C3F8802100205DF8044B1A6070478A
:10D160000060004010B490F90430094C5A090121C4
:10D17000203203F01F0301FA03F344F82230BFF317
:10D180004F8FBFF36F8F00205DF8044B704700BFD7
:10D1900000E100E090F90430002B1ADB5A0910B4CA
:10D1A00001210E4C203203F01F0301FA03F344F86F
:10D1B0002230BFF34F8FBFF36F8F094B90F90420DC
:10D1C0005DF8044B002143F8221000230360184649
:10D1D0007047002303601846704700BF00E100E07D
:10D1E000082F002010B582B0EFF30384103C164BDB
:10D1F000164964B253F8242050790B5C03F0030302
:10D20000032B0FD0C03451F824306FF3104341F892
:10D210002430936823B1D268CDE90020684698474E
:10D2200002B010BD936823B1D268CDE900206846F2
:10D230009847064BC03453F824206FF3104243F84C
:10D24000242002B010BD00BF082F00200060004065
:10D250000346D3E902230020936070470346D3E9D5
:10D260000223002053607047D0E90123D26930B413
:10D27000D2E9011444F00044D0685C61D2E904545E
:10D2800040F0004041F000419861196100205D626A
:10D290009C6230BC704700BF002800DA704710B4B1
:10D2A00000F16043114C03F561430901C9B283F8F1
:10D2B000001344F820200E4900F1C00200F01F0CBA
:10D2C000400951F82240800000F1604000F56140C3
:10D2D0006FF31044012341F8224003FA0CF3C0F825
:10D2E00080315DF8044B0360704700BF082F0020B9
:10D2F0000060004070B5836984B004468C461646D1
:10D3000001AD9BB193E8070085E8070083F804C0EE
:10D31000E2691A609E60184662699047A3691BB172
:10D3200095E8070083E8070004B070BD2B46EDE7E1
:10D3300030B4D0E9012310785A6E0C4D0C4C032800
:10D3400098BF01328A60D86A2A6A2368C2F3026CE5
:10D3500003FA0CF302F00702C0F3C350D340C340FA
:10D360000122002030BC4B600A70704700E0014091
:10D37000942F002090F800C0486EBCF1030F98BFB6
:10D3800001300AB1824227D310B4019C496BE407F3
:10D3900054BF01F01F01C1F30441BCF1030F09D9CF
:10D3A000090981F0010172B9E9B902225DF8044B63
:10D3B0005A60704701F00C01A1F10401B1FA81F14A
:10D3C0004909002AF0D0824201D30029EDD103227D
:10D3D0005DF8044B5A607047BCF1030F98BF02F12F
:10D3E000FF321A6070470028DFD0F0E72DE9F041E6
:10D3F00084B0144606460F464FF0FF3300220094D7
:10D40000039202933A4602ABD0E90101FFF7B2FF63
:10D41000B368039A1D6B04F003085AB914F0080F9F
:10D420000CBF02210421A0071DD503EB8101029846
:10D43000C864086561061ED5196CB8F1010F41F486
:10D440008001196406D025F4403545EA0245B8F15B
:10D45000000F03D025F0407545EA026500201D63EA
:10D4600004B0BDE8F0814144123103EB8101029820
:10D4700048606106E0D4B8F1010F12D025F44035C0
:10D48000022C45EA0245E2D1002AE3D001200090B7
:10D4900019463A4602AB7068FFF76CFF039AB3680F
:10D4A000D8E7022CD6D1002AD4D0EFE72DE9F047F7
:10D4B0000B7C0D46012101FA03F2C260920716BFF0
:10D4C000002201740274D5E9052103F5800303F5F8
:10D4D000F0631B0242610022EE694560C0E906214B
:10D4E00084B004468360EFF31080012383F3108837
:10D4F000854B297C0229D3F8081134BF6FF020072F
:10D500006FF040073940C3F80811D3F8083180F3B1
:10D510001088A3686F684FF425411960DA62DA63F6
:10D520009A642A78297A032A4FEAC15107F1FF3C0D
:10D5300000F0D58084BF41EA0241BC46D6E9068EA0
:10D54000D9624FF0004119610020596199614FF093
:10D55000FF315862039098620291C3F81C80C3F8AF
:10D5600020E0D6F82C80C3F868C0C3F864C0002A55
:10D5700040F0A080790801390291404601224FF025
:10D58000030C5965996500285DD095F800E0B76AED
:10D59000002F71D0B97897F80390090641EA097114
:10D5A00097F8049041EA09419963B968C3F88C106F
:10D5B000002965D0012148B997F81C9097F81BA065
:10D5C0004FEA496949EA4A2948EA0908C3F8881034
:10D5D00040B996F8211096F82000490741EA4031F9
:10D5E00048EA01084FF4AA01BEF1010F196402D103
:10D5F0000021D9641965E168D960C3F83480C3F8A3
:10D6000030C01A63697C95F912002246FFF744FE88
:10D6100096F8221096F924002246FFF73DFE96F870
:10D62000231096F925002246FFF736FE2FB13978F0
:10D6300097F901002246FFF72FFE344B23600020AC
:10D6400004B0BDE8F0873178F9B995F800E0B17819
:10D6500000299CD0F778BEF1020F4FEA071141EA8A
:10D6600087113FD04BD903273943B76A48EA0148AD
:10D6700048F08078002F8DD19F63C3F88870A7E7AA
:10D68000F968003918BF012195E795F800E0717835
:10D69000BEF1020F4FEA81194FEA011724D029D9B0
:10D6A000032148EA010848EA090848EA070848F45B
:10D6B0008078CCE7012A19D000901946EA686068A2
:10D6C00002ABFFF757FEDDE90210020442EA0062F6
:10D6D00042F0030CA368F06A42F0010251E741F402
:10D6E00080312BE70927BFE70921DAE740464FF0F1
:10D6F000030C46E7002914BF09210621D1E7002FBA
:10D7000014BF09270627AFE7006F044054504700B5
:10D7100030B4436893F91220DB69002A11DB510908
:10D720002E4D02F01F0C2031012404FA0CF445F8B0
:10D730002140BFF34F8FBFF36F8F2949002441F879
:10D74000224093F92420002A11DB5109234D02F0D5
:10D750001F0C2031012404FA0CF445F82140BFF3DA
:10D760004F8FBFF36F8F1E49002441F8224093F979
:10D770002520002A11DB5109184D02F01F0C203121
:10D78000012404FA0CF445F82140BFF34F8FBFF396
:10D790006F8F1349002441F822409B6AA3B193F98B
:10D7A0000130002B10DB03F01F045A090121A140B6
:10D7B00020320A4C44F82210BFF34F8FBFF36F8F13
:10D7C000074A002142F823108268C16800230360E1
:10D7D00030BC184691605363704700BF00E100E021
:10D7E000082F002030B4EFF30383103B5BB2184ADC
:10D7F000184C03F1C00152F821006FF3104042F8B9
:10D80000210054F82300446894F800C0BCF1010FD3
:10D8100015D1D0E90254AC600024AC64EC642C65F2
:10D8200052F8215064F3104542F821505A090A4930
:10D8300003F01F0360320CFA03F341F8223043690E
:10D8400023B1002230BC1146FFF754BD30BC7047F5
:10D8500000600040082F002000E100E04368002243
:10D86000026093F9113013F1210F0DD05A090748C6
:10D870000121203203F01F0301FA03F340F82230A4
:10D88000BFF34F8FBFF36F8F0020704700E100E0C0
:10D8900000EB40004000032804D98008A0F10100FB
:10D8A0000028FBD1704700BF10B5194B82B0A521ED
:10D8B0004FF4964401940822C3F88011F72183F8AD
:10D8C000002183F8001183F8002193F8003193427E
:10D8D00000D100BF0F4A80684FF42A43FFF7D8FFFA
:10D8E000A2F8B23FB2F8B23F9BB23BB90CE0019B49
:10D8F000013B0193B2F8B23F9BB22BB1019B002BCD
:10D90000F5D1142002B010BD002002B010BD00BF40
:10D9100000C07E4000F07E40214B4AF6802110B5C9
:10D9200002468068A3F8B21F1E49FFF7B1FF91F8C5
:10D93000A0108907A3F5405313D11021A524EF208F
:10D94000C3F8804183F8001183F8000183F80011C7
:10D9500093F800318B4200D100BF53681A7822B986
:10D9600010BD5021A524AF20EAE793F911300E49EC
:10D9700003F1C00003F01F0C51F820405B099B002D
:10D9800003F160436FF3104441F8204003F5614315
:10D99000012202FA0CF2C3F880211A6010BD00BF08
:10D9A00000F07E4000E0014000600040394A3A4B00
:10D9B000126A1968C2F3026301FA03F3C2F3027236
:10D9C000D340364AC360934208D8354A934205D0C3
:10D9D000344A934202D0344A934258D12D4A70B50A
:10D9E000146A324DC4F3026403F5742201FA04F39D
:10D9F000E34003F5742303F23F2302F23F22A5FB29
:10DA00000313A5FB02122A492A4D2B4C9B0C920CA6
:10DA1000C0E9023203FB01F1284AA5FB01C18908D4
:10DA200003FB02F24162A5FB02C240F2763192088A
:10DA300040F2835603FB01F1C26103FB06F6A5FB2E
:10DA400001215822890803FB04F4A5FB06C603FB49
:10DA500002F24161B608A5FB0212A5FB04C40661EF
:10DA6000A4089208164E04628261164C002286F8C1
:10DA7000C02F94F89010012901D1104670BD0121EA
:10DA8000184684F89010FFF703FF104670BD4FF45E
:10DA9000FB70704700E00140942F0020FF083D001C
:10DAA00040420F0080841E00C0C62D0083DE1B4351
:10DAB00068ED2200ABAAAAAAD0660500B86A0500E4
:10DAC00000F07E4000C07E400B7810B504464160F7
:10DAD000EBB9002384F834302046FFF767FF00B12C
:10DAE00010BD2046FFF718FFE3681C4A013BD2F83F
:10DAF000D81103F01F0363F30501C2F8D8112046C3
:10DB0000FFF7D2FE0028EBD1154B236010BD91F931
:10DB100011200B7C134802F1604101F561411B01AA
:10DB2000DBB281F8003340F8224002F1C0010E4B15
:10DB300053F821006FF3104043F8210053099B0074
:10DB400003F1604303F5614302F01F02012101FA72
:10DB500002F2C3F880211A60BBE700BF00C07E401C
:10DB60004E45504F082F00200060004070B584B033
:10DB7000364D03911E46D5F82C315B0624D406E0C1
:10DB8000039C013C0394D5F82C4164061CD4039CEF
:10DB9000002CF5D12E4B002280F83420B3F8B23F90
:10DBA0009BB2002B4CD0294BD3F8242142F0010228
:10DBB000C3F82421D3F824216FF30002C3F82421F1
:10DBC000FFF772FE14230DE0204C002384F814317B
:10DBD0000391D4F82C3159060ED41C4BD3F8F031F4
:10DBE00013400DD1184604B070BD0399013903915B
:10DBF000D4F82C114B06F0D503990029F5D1C9E7CB
:10DC0000134B002280F83420B3F8B23F9BB293B19B
:10DC10000E4BD3F8242142F00102C3F82421D3F89B
:10DC200024216FF30002C3F82421FFF73DFE3346A1
:10DC3000184604B070BD0190FFF76EFE0198E7E74B
:10DC40000190FFF769FE0198ADE700BF00C07E407C
:10DC500000F07E402DE9F0410546002085F83400B3
:10DC6000686800780C4690461E4610B1032385F87C
:10DC700034302846FFF750FE6B6804F13D4C2E4CC3
:10DC80001F7894F804310CF5700C6FF3000308F161
:10DC9000FF3084F8043160444FEA1C43A4F810318B
:10DCA0001FFA8CFC030CA4F808C180B2C4F8203120
:10DCB0008323A4F8180184F8143137B10223337098
:10DCC0004FF000084046BDE8F081A9694FF4FC73AD
:10DCD00001FB08F110222846FFF748FF804650B9A3
:10DCE000D4F82831C3F3C00328463370FFF7DCFDB6
:10DCF0004046BDE8F0810828E4D0104B85F8347028
:10DD0000B3F8B23F9BB293B10B4BD3F8242142F04E
:10DD10000102C3F82421D3F824216FF3000228461E
:10DD2000C3F82421FFF7C0FD4046BDE8F081284636
:10DD3000FFF7F2FDE8E700BF00C07E4000F07E4044
:10DD400070B5054600206B6885F834001B7821F417
:10DD50007F74164624F0030413B1022385F834308F
:10DD60002846FFF7D9FD1D4890F804216FF3000203
:10DD700080F8042190F804212E6304F13D4303F55B
:10DD800070036FF30002AB6203EB862480F804217A
:10DD90006A68013C190C9BB21278A0F81011A0F827
:10DDA0000831230CC0F82031A4B28423A0F8184114
:10DDB00080F8143112B10024204670BD296A19235D
:10DDC000112206FB01F12846FFF7D0FE0446002889
:10DDD000F2D12846FFF768FD204670BD00C07E40A6
:10DDE000F8B50446002084F83400606800782363A6
:10DDF000C4E90A1210B1012384F83430254E2046BC
:10DE0000FFF78AFDE36A96F80421A16A6FF3000226
:10DE100003F13D4386F8042103F570036268180C92
:10DE20009BB21278A6F81001A6F808310978C6F856
:10DE30003011812386F8143142BB174F61691823D2
:10DE400012222046FFF792FE054670B9D4E90A2354
:10DE5000256B501C591C013DC4E90A0125633DB9DD
:10DE60002046FFF721FD2846F8BD0828E6D0FAE74E
:10DE70003B44190C9BB2A6F81011A6F80831527851
:10DE8000C6F83021812386F81431D7E700252846CB
:10DE9000F8BD00BF00C07E400100F0BD1E4B10B4B5
:10DEA000C3600B7803F001034370EFF3108C01247F
:10DEB00084F31088194BD3F8082122F48012C3F898
:10DEC0000821D3F808318CF31088EFF3108C84F319
:10DED00010884278D2B9C468237962F3861323711B
:10DEE0008CF310884A684B78D278C468D201DB0181
:10DEF000D2B2DBB26271A3710123E3710A780270BE
:10DF0000074B43605DF8044B00207047C2681379EB
:10DF10006FF3C7131371E3E700E00540006F04409F
:10DF200000434144C3684278002023F81210704730
:10DF3000EFF31083012282F310884278C1683AB966
:10DF40000A7942F040020A7183F31088002070477A
:10DF50000A7942F080020A7183F31088002070472A
:10DF6000EFF31081012383F31088427842B9C0682F
:10DF7000037962F38613037181F3108800207047E0
:10DF8000C26813796FF3C713137181F310880020EF
:10DF9000704700BFEFF3108C012383F310884378A0
:10DFA00073B9C268117963F386111171117A63F341
:10DFB000861111728CF31088002343601846704755
:10DFC000C3681A796FF3C7121A711A7A6FF3C712FE
:10DFD0001A72EFE7F0B5076A8BB0064667B3BE4624
:10DFE0008C46BEE80F006C460FC4BEE80F000FC49D
:10DFF0009EE8030084E80300BCE80F003D460FC51F
:10E00000BCE80F000FC59CE803008EE80300F3692D
:10E0100038469847336A6BB1EE469C46BEE80F001F
:10E02000ACE80F00BEE80F00ACE80F009EE803006C
:10E030008CE803000BB0F0BD0F46E8E730B58BB0BD
:10E04000EFF30383103B5BB22E4AC03352F8231028
:10E050006FF3104142F82310EFF30383103B5BB2E0
:10E06000294A52F8235000212822684607F03BFE37
:10E070006C6894F84D380020DBB284F84D08ADF898
:10E080000430B4F84218C1F30012C90638D543F081
:10E090002003ADF80430022394F8532884F8533851
:10E0A00094F8523803F01F03D2B2E11884F85328D1
:10E0B00091F8202860F3820281F820282A681268EB
:10E0C000009269466A6A039328460492FFF782FF2A
:10E0D000B4F84238DB0611D52B681A69127D6AB193
:10E0E00093F91530002B09DB5A09084803F01F0388
:10E0F0000121403201FA03F340F822300BB030BD69
:10E100001346DBE700600040082F002000E100E03C
:10E110002DE9F0418AB0EFF30383103B5BB23F4A35
:10E12000C03352F823106FF3104142F82310EFF37D
:10E130000384103C3A4B66B2002253F82600D0E923
:10E1400000E595F8533885F8532895F8527807F08C
:10E150001F07DBB207F1200285F85338130104F0E2
:10E16000FF0455F803C0CCF380718DF81910E958FD
:10E17000DEF810301B7B43EAD17303F001038DF806
:10E180001830002B46D1CCF38A4305EB02120593DD
:10E190009188C1F3030301F00F0108298DF81A30AB
:10E1A00035D908218DF81A1008AA002305EB0718A5
:10E1B00008EB030C01339CF806C202F801CB8B423A
:10E1C000F6D3DEF8003003972F440093442387F8FA
:10E1D0002038002307934FF48063ADF8043069467C
:10E1E000436A0493FFF7F6FEB5F84238DB070BD518
:10E1F000002E09DB76090B4A04F01F040123403688
:10E2000003FA04F442F826400AB0BDE8F081002980
:10E21000CAD1D6E72CF06043B7E700BF00600040EA
:10E22000082F002000E100E070B58AB0EFF303830F
:10E23000103B5BB2214AC03352F823106FF31041F8
:10E2400042F82310EFF30383103B1D4A5BB2012613
:10E2500052F823506C6894F8532884F8536894F863
:10E260005238D2B203F01F0384F853280393E21804
:10E270004FF40063ADF804302B681B6800936B6AA1
:10E280000493002382F82038694682F82038284613
:10E29000FFF7A0FEB4F842389B070CD52B6893F922
:10E2A0001730002B07DB5A09064903F01F034032E1
:10E2B0009E4041F822600AB070BD00BF006000407F
:10E2C000082F002000E100E08268117A01F00101CE
:10E2D000137AC3F340039942FAD1436819780129AC
:10E2E00008D1C16893F810C004484B1E9BB240F897
:10E2F0002C101380F123137200207047BC2E0020D5
:10E300008268117A01F00101137AC3F34003994244
:10E31000FAD1F02313720020704700BFD0E9022326
:10E32000013BF1219BB2138000201172704700BFA6
:10E33000062070478268117A01F00101137AC3F355
:10E3400040039942FAD143684FF0F40C002182F85F
:10E3500008C0117393F9123013F1210F03D1002378
:10E360000360184670478B421ADB5A0910B401212A
:10E370000F4C203203F01F0301FA03F344F822305C
:10E38000BFF34F8FBFF36F8F43680A4A93F9123080
:10E390005DF8044B42F823000023036018467047E1
:10E3A000044A42F82300002303601846704700BF68
:10E3B00000E100E0082F0020F0B40B7C03F14013D3
:10E3C00003F500631B02C0E90113EFF3108501237D
:10E3D00083F310880C7C394AC4F10304A340D2F8BB
:10E3E000084124EA0303C2F80831D2F8083185F362
:10E3F0001088826800231372137AC3F3400C9B07C2
:10E40000FAD4CC6982F80AC0E37826780D7A2479A8
:10E4100003F00703002E42D1002D47D114734C683E
:10E420004768002696735372631E95729BB2C46050
:10E430003D7C1380224B43F8254091F91230B342C2
:10E4400022DB4A7C03F1604404F561441201D2B23C
:10E4500084F800231B4A1C4C42F8230003F1C0053A
:10E460005A0954F82570920002F1604266F3104791
:10E4700044F8257002F5614203F01F03012404FAF9
:10E4800003F3C2F880311360D1E9054100230F4A3C
:10E490000461C0E905310260F0BC18467047502E97
:10E4A00006BF43F0500365463343B7E785F00205E6
:10E4B00043EA0513DBB23546B0E700BF006F044006
:10E4C000BC2E0020082F002000600040544741006F
:10E4D00010B4826892F808C00CF0010C137AC3F3F0
:10E4E00040039C45FAD14368C468D8698C600078C1
:10E4F00050280BD11B7C2648013B50F823300BBB26
:10E5000000205DF8044B4B6008707047537AC3F3EA
:10E5100002105B060FD41F4A1F4B126A1B68C2F31E
:10E520000264A340C2F30222D3400028E8D080F066
:10E530000200C340E4E7927A4FF4004302F007027E
:10E54000D340DDE712F8F70CC0F302144006A2F541
:10E55000807216D40F48104A006A1268C0F3026C29
:10E5600002FA0CF2C0F30220C24014B184F002049B
:10E57000E2400020B2FBF3F35DF8044B4B600870FF
:10E580007047907A4FF4004200F00700C240F0E775
:10E59000BC2E002000E00140942F0020F0B585B093
:10E5A000EFF30383103B5BB203F1C0011B4A1C4C29
:10E5B00052F821006FF3104042F8210054F8234034
:10E5C000D4E901120978137A0129DBB204D1F421CC
:10E5D00003F0F003117213722769B7B1656901AED8
:10E5E000CDB195E8070086E807009B0644BF0023ED
:10E5F0002B71A3692B602846B84763691BB196E865
:10E60000070083E80700A268137ADBB203F00F0368
:10E61000137205B0F0BD3546E7E700BF006000406B
:10E62000082F0020034600201A689B8A1380704739
:10E6300003681B88C3F3C03300200B70704700BF12
:10E6400003681031002033F811301380704700BF89
:10E6500043682DE9F041D1E901250C685E69036842
:10E660001FFA84F8A3F804801FFA82F8A3F8148034
:10E6700022F0405C1FFA85F824F0405E25F04057F8
:10E680002243A3F808804FEA1C4C3F0C4FEA1E4877
:10E6900012F0405FA3F80680A3F816C05F8159D13D
:10E6A000CA68002A00F0988015892F0522D5D2E982
:10E6B00000C7B2F80A80A3F89050A3F89C80B2F883
:10E6C0000C80A3F89E801FFA8CF8A3F89480CCF3FA
:10E6D0000B484FEA1C7CA3F8968083F892C01FFA7F
:10E6E00087FCA3F898C0C7F30B4C3F0FA3F89AC060
:10E6F00083F89370AF051FD40A8AA3F89050A3F84B
:10E700008020F27892B11A88BEFA8EF11FFA82FE4A
:10E710002EF01F0E0EF11F0E828AAEEB010E1FFAB5
:10E720008EFE4EEA0202A3F800E082822B4BC0E983
:10E7300003340020BDE8F081977C92F813C047EACB
:10E740000C0783F8A670D789128AA3F8A870A3F8DB
:10E75000AA20D1E7224FD7F82080224F3F68C8F384
:10E76000026C07FA0CFCC8F302181F4F2CFA08FCC5
:10E77000A7FB0C7C4FEA9C1C1C4F41F2883808FB1D
:10E780000CFCA7FB0C7C4FEA9C4C0CF1010CBCF17F
:10E79000070F38BF4FF0070C12F080570AD05FFA0E
:10E7A0008CF715F0805F83F8DE7040F2011708BF28
:10E7B0004FF48077920009D55FFA8CFC47F400771C
:10E7C000AA0083F8DFC048BF47F00207CA68BFB29B
:10E7D0005F82002A7FF468AF15468DE743444152BB
:10E7E00000E00140942F0020D34D621083DE1B43D4
:10E7F0002DE9F8430B880C465B0222696669C968FB
:10E80000026203F1804303F5B823002203608161B3
:10E810004460C261317962790546A0788F074FEA7A
:10E820000223F17843EA403354BF43F0400343F4FA
:10E830008863002900F0DF8043F42073022A08BFB8
:10E84000764A9BB208BF32F821C0AB8218BF4FF0A6
:10E85000000C2279E178707896F800E0D20342EA61
:10E86000410242EA4010EFF31088012181F3108841
:10E870006B4F2288D7F80891C2F1100201FA02F218
:10E8800029EA0202C7F80821D7F8082188F310887E
:10E8900047F6FF572A6880B23B401380A2F810C0A9
:10E8A000D08182F80CE03379980700F1AD8082F8CE
:10E8B0008A3094F90630002B22DB227A03F1604182
:10E8C00001F561411201D2B281F80023554A56493F
:10E8D00042F8235003F1C0005A0951F82070920009
:10E8E00002F160426FF3104741F8207002F5614277
:10E8F00003F01F03012101FA03F3C2F88031136012
:10E9000094F90730002B22DB627A03F1604101F5B4
:10E9100061411201D2B281F80023424A424942F8D1
:10E92000235003F1C0005A0951F82040920002F12F
:10E9300060426FF3104441F8204002F5614203F059
:10E940001F03012101FA03F3C2F88031136096F925
:10E950000630002B22DB327A03F1604101F5614180
:10E960001201D2B281F800232E4A2F4942F82350D7
:10E9700003F1C0005A0951F82040920002F16042B0
:10E980006FF3104441F8204002F5614203F01F0389
:10E99000012101FA03F3C2F88031136096F90730C0
:10E9A000002B22DB727A1F4803F1604101F56141BF
:10E9B0001201D2B281F8002340F8235003F1C001C4
:10E9C000194A52F821006FF3104042F821005A0909
:10E9D000920002F1604202F5614203F01F0301213F
:10E9E00001FA03F3C2F880311360104BAB600020D2
:10E9F0002861BDE8F883002A7FF420AF43F4004388
:10EA00009BB2AB82944624E743F0030382F88A303A
:10EA1000084600F03DF92A68337948E784CA0300C4
:10EA2000006F0440082F0020006000404344415222
:10EA300070B40021C0E90211436893F906205C69B3
:10EA40008A4211DB5309364E203302F01F0C012598
:10EA500005FA0CF546F82350BFF34F8FBFF36F8FC5
:10EA6000304B43F82210436893F90730002B11DB39
:10EA70005A092B4D03F01F0C2032012101FA0CF131
:10EA800045F82210BFF34F8FBFF36F8F254A002147
:10EA900042F8231094F90630002B11DB5A09204D5F
:10EAA00003F01F0C2032012101FA0CF145F822106D
:10EAB000BFF34F8FBFF36F8F1A4A002142F8231024
:10EAC00094F90730002B10DB03F01F045A090121D1
:10EAD000A1402032124C44F82210BFF34F8FBFF3F5
:10EAE0006F8F104A002142F82310036800221A8217
:10EAF0001A80EFF31084012383F3108840680A49D9
:10EB00000088C0F110008340D1F808010343C1F828
:10EB10000831D1F8083184F31088104670BC704772
:10EB200000E100E0082F0020006F0440064B074979
:10EB300093F826001A6A51F820300549C2F30262A0
:10EB4000D3400B60704700BF00E00140E8030020A5
:10EB5000942F002038B5434B434C444844494AF273
:10EB60000355A3F8FE530022424DA0F80021216076
:10EB70004FF4004193F82600C4E90151C4E9032190
:10EB8000196A626154F820203B4DC1F30261CA400A
:10EB9000082009212A6083F8130483F8A21093F84F
:10EBA0008024002A55D02F4B002283F8812483F83B
:10EBB000802493F8A0208AB193F83620002A3FD011
:10EBC000284A92F8A030D806C3F30011F9D425489A
:10EBD00082F8A01090F8A030D906FBD4214B002277
:10EBE00083F8362093F83C20D207FBD50121002280
:10EBF00083F8311083F82620204A1A6293F82620E1
:10EC000054F822001C6A194AC4F30264E0402860E8
:10EC10004FF0040C842083F83EC083F83E004FF48C
:10EC2000254083F8D010A3F8FE03A2F80411B2F82F
:10EC300004319BB2002BFAD10123A2F8003138BD78
:10EC400093F83C20D207BBD493F83C20D207F7D5E9
:10EC5000B6E7012183F8801440F2C44000F018F8B0
:10EC6000A1E700BF00E00140E803002000C0014030
:10EC7000006CDC0200127A00942F002000010110C9
:10EC8000704700BFA0F101000028FBD1704700BF12
:10EC900030B5144D144A00FB01F14FF47A73286823
:10ECA000B2FBF0F2A1FB03C44FF0FF304FF0000EB7
:10ECB00060457EEB040407D3BCFBF2F0800878B11A
:10ECC000BDE83040FFF7DEBF9200B1FBF2F1A1FBDF
:10ECD000031388427EEB0303F2D308460028EFD1EA
:10ECE00030BD00BF942F002000CA9A3B0B4B70B57B
:10ECF000B3F840510A4E0024ADB225FA04F3DB0705
:10ED0000E0B203D556F8243003B198470134102CF3
:10ED1000F3D1024BA3F8305170BD00BF006000403A
:10ED2000C42E0020084B10B4084C03F1200C5842AC
:10ED3000C21813F8011FC032634544F82210F7D1FE
:10ED40005DF8044B704700BFB0D403000060004082
:10ED5000EFF31081012383F31088124B33F8102056
:10ED600092B22AB133F81020013A92B223F810205F
:10ED700033F810309BB293B90B4A10B4B2F8FE339B
:10ED80000A4C9BB234F8100043F4254323EA0003F5
:10ED9000A2F8FE3381F310885DF8044B704781F3CD
:10EDA00010887047882F002000E0014090CA0300BF
:10EDB00030B4EFF31081012383F310880E4A32F848
:10EDC00010309BB26BB90D4C0D4DB4F8FE3335F8D5
:10EDD00010C09BB243EA0C0343F425439BB2A4F852
:10EDE000FE3332F8103001339BB222F8103081F339
:10EDF000108830BC704700BF882F002000E0014021
:10EE000090CA03000B4A08B50346106840B10333AB
:10EE1000094923F0030303448B4204D8136008BD5F
:10EE200006481060F3E706F017FE0C2303604FF06E
:10EE3000FF3008BD902F0020007B0020C846002036
:10EE400000BE704708B500F005F8FAF79BFDFEE735
:10EE5000704700BF70B5464B464A47484FF47004B0
:10EE6000C3F888404AF2025198600123A2F8FE13C9
:10EE700082B082F81F3492F8B134DB06FBD5002053
:10EE80004FF425460446A2F8FE63FFF7E1FFFFF7C3
:10EE900061FE8DF8074001209DF80730FFF788FFDD
:10EEA000EFF31081012585F31088344BD3F804214A
:10EEB00022F00042C3F80421D3F8042181F3108822
:10EEC0002F4A1168C1F300018DF807101168C1F3D2
:10EED00000018DF807101268C2F300028DF80720B8
:10EEE000EFF3108185F31088D3F8042142F000423B
:10EEF000C3F80421D3F8043181F310882846FFF7C2
:10EF000027FF2846FFF7A4FF1E4B1F499C801F4A7E
:10EF10001E8099601E49D9604FF48051A2F82011DB
:10EF20001C481D4A9D80121A214606F0DCFE1B4833
:10EF30001B4A1C491C4D121A06F0B1FE1B4B5B1BF1
:10EF4000A3424FEAA30605DD55F8043B0134984778
:10EF5000A642F9DCFFF7EAFD0220FFF779FFFFF791
:10EF6000E1FE002002B0BDE87040FFF789BE00BF9F
:10EF700000ED00E000E0014000400000006F0440B0
:10EF800000080440000D0040007B002000600040AD
:10EF9000007F002000040020C44600200000002064
:10EFA000E8030020C0D703004C030020AC0300207E
:10EFB000064B074A1B6A1268C3F3026123FA00F08A
:10EFC0008A4000F0070022FA00F0704700E001409C
:10EFD000942F00202DE9F04782462DED028B002072
:10EFE0000C46FFF7E5FF07EE900AB8EE678A28EEB9
:10EFF000008A18EE100A05F069FF064620460F4603
:10F0000005F042FF04460D4602460B46304639469F
:10F0100006F026FA50B1BCEEC88A00238AED0B8AAE
:10F020008AF83430BDEC028BBDE8F08700223A4B01
:10F030003046394605F0A2FF8046894602460B4617
:10F040002046294606F02AFA38B14046494606F0DD
:10F050006DFA0223CAF82C00E2E700222F4B30465B
:10F06000394605F08BFF8046894602460B4620460E
:10F07000294606F013FA38B14046494606F056FADA
:10F080000423CAF82C00CBE70022254B3046394632
:10F0900005F074FF8046894602460B462046294605
:10F0A00006F0FCF938B14046494606F03FFA06231F
:10F0B000CAF82C00B4E700221A4B3046394605F056
:10F0C0005DFF8046894602460B462046294606F0EB
:10F0D000E5F938B14046494606F028FA0823CAF84F
:10F0E0002C009DE70022104B3046394605F046FFC4
:10F0F00006460F4602460B462046294606F0CEF944
:10F1000038B13046394606F011FA0A23CAF82C0005
:10F1100086E78AF8000085E70000D03F0000B03F96
:10F120000000903F0000703F0000503F002202703E
:10F13000C0E9012280F83520012280F83620DF2244
:10F14000827770472DE9F04704464FF000081F46CC
:10F150009DF8283080F8008021730375089B0361B7
:10F16000099B83610B9B03620C9BDFF84091C0E914
:10F170000938FF238A4643771546002A3ED184F892
:10F180003520502005F007FD4FF6FF73A0F8423000
:10F1900000F12008DF2380F8205080F8215080F80B
:10F1A000225080F82350C0E90955C562C0E90E55C8
:10F1B000C0E90C5580F8443080F8453080F8405064
:10F1C00080F84150C0E91255C4F828802022294611
:10F1D000064606F088FD072FA6605AD8314ABAF1D4
:10F1E000020FD35D114642D099F80000002856D195
:10F1F000002B4ED102232777D35548E0012A48D16E
:10F2000084F83520242005F0C6FC837880F800803F
:10F2100068F3020383704378C57003F0F80368F362
:10F2200006130646437080F8048080F8058080F855
:10F230000680A0621C224146083006F054FD012FD2
:10F24000666026D8184BBAF1020FDA5D194602D073
:10F2500099F8000028B1012A1BD802232777CB5543
:10F2600015E0B2B90222DA552777257011E0012B9B
:10F27000F3D92777384601F057FF3022816A40469C
:10F2800006F00DFD384601F04FFF036BA36101232B
:10F290002370002389F800302078BDE8F087012B27
:10F2A000DAE700BF9A2F0020982F0020A22F00201D
:10F2B000194A70B5002316469C5C1CB95BB20470F9
:10F2C000184670BD0133082BF6D1144B1C7814B1CD
:10F2D0005D78DDB90124012263B20270F0E70722F4
:10F2E000B15C022953B205D0002202700C4A012100
:10F2F0001170E5E712F1FF32F2D2022D01D00123A5
:10F3000002E0022C04D000230122EEE70029E6D11E
:10F310004FF0FF33D4E700BF9A2F0020982F002032
:10F32000A22F00202DE9F84F82462DED028B1446C6
:10F330008B4631B9BDEC028B1146BDE8F84FFFF7A3
:10F3400049BE012939D10820FFF732FE07EE100A25
:10F35000B8EE478A28EE008A18EE100A05F0B6FDCE
:10F36000064620460F4605F08FFD04460D46024630
:10F370000B463046394606F073F838B1BCEEC88A01
:10F3800000238AED0B8A8AF8343016E000221A4BEB
:10F390003046394605F0F2FD8046894602460B4666
:10F3A0002046294606F07AF858B14046494606F00C
:10F3B000BDF88AF834B0CAF82C00BDEC028BBDE869
:10F3C000F88F00224FF07F533046394605F0D6FDC6
:10F3D00006460F4602460B462046294606F05EF8D2
:10F3E00038B13046394606F0A1F80323CAF82C009C
:10F3F000C9E78AF80000E0E70000E03FF0B52DED36
:10F40000028B1E460123F7EE007A9E4287B0044627
:10F410000F461546B0EE608A037087EE800A3BD82F
:10F42000002A39D14FF0FF31FFF7D4FDB5EEC08A85
:10F43000F1EE10FA37DBDFED1D7AB4EEE78AF1EE7C
:10F4400010FA30D8D4ED0B7AF8EE677A67EE887A46
:10F4500017EE900A05F03AFD0022154B05F0B8FEB4
:10F4600006F064F8206323788BB10F9B04930E9B06
:10F47000039394F834300293236B0193E36A00936F
:10F480002A46334639462046FFF75CFE2070207836
:10F4900007B0BDEC028BF0BD4FF6FF722946204647
:10F4A000FFF740FFC2E700232370DCE70000C842FB
:10F4B0000000594090F835304BB983688BB1012278
:10F4C00011B983F82020704783F822207047012B60
:10F4D00007D143682BB103205A7819B960F30202AF
:10F4E0005A70704760F30612FAE71FB590F835308E
:10F4F0003BB901A98068FDF71BFF039805B05DF8D3
:10F5000004FB012B05D1406801A90830FEF7E0FF9C
:10F51000F3E70020F2E738B585680446B5B120204E
:10F5200005F039FBA368A8649B6CFF221A70DF22E8
:10F530005A700022C3E90222C3E904229A70DA70E9
:10F540001A711A765A769A76DA761A7738BD38B5FD
:10F5500090F8353004468BB9806808B9002038BD72
:10F5600004F10C01FDF7A2FF0546A068FDF77CFE43
:10F570000E2D01D0002DF1D10120F0E7012BEDD1AE
:10F5800040680028EAD004F10C010830FEF714FFAF
:10F59000054660680830FEF7C1FEE9E708B590F857
:10F5A00035303BB9806820B1FDF752FEB0FA80F0EB
:10F5B000400908BD012B06D140680028F9D0083069
:10F5C000FEF79EFEF2E70020F3E708B590F835302D
:10F5D0003BB9806820B1FDF741FEB0FA80F04009E8
:10F5E00008BD012B06D140680028F9D00830FEF78D
:10F5F0006BFEF2E70020F3E773B51E4601230370AC
:10F600000023CDE900330D461346DFED110A9FEDCF
:10F61000110A0A4602210446FFF7F0FE207015B9D0
:10F620002046FFF778FF31462046FFF743FF237857
:10F630005BB12046FFF78BFF2378184020702046EF
:10F64000FFF7C3FF237818402070207802B070BD08
:10F65000000048420000F54308B590F835300163DA
:10F6600053B9806838B1003218BF0122FDF7BEFEE1
:10F67000B0FA80F0400908BD012B09D1406800288C
:10F68000F9D0003218BF01220830FEF751FEEFE733
:10F690000020F0E708B590F835303BB9806820B11C
:10F6A000FEF736F8B0FA80F0400908BD012B06D10C
:10F6B00040680028F9D00830FEF73CFEF2E7002051
:10F6C000F3E7FFFF38B50446FFF7E4FF606838B1A1
:10F6D000237F0C4A00252421D55405F089FA656062
:10F6E000A56875B1237F084AA86C0021D15410B1D8
:10F6F000202105F07DFA5021284605F079FA0023F3
:10F70000A36038BD982F00209A2F002010B5044622
:10F71000FFF7D8FF204610BD01F10C0303608B6892
:10F7200003B1203343604B6883607047836823B123
:10F730001868003018BF0120704740680028FBD0CF
:10F740008068F6E7F0B585B004460F46014601A88B
:10F750001546FFF7E1FF2046FFF7E8FF064610B128
:10F760002046FFF797FF00F057F82A4601A900F05E
:10F770001FF9054650B167772EB12046FFF7E7FE27
:10F780002046FFF722FF284605B0F0BDDF23A37710
:10F79000F2E7FFFF0028A8BF00F160404FEA011127
:10F7A000AEBF00F5614000F00F00034BC9B2ACBF23
:10F7B00080F800131954704714ED00E000F1C00206
:10F7C0000A4B53F822106FF3104143F8221000F057
:10F7D0001F024009800000F1604000F561400123F4
:10F7E0009340C0F880310360704700BF0060004064
:10F7F0004309012200F01F0002FA00F02033044AFE
:10F8000042F82300BFF34F8FBFF36F8F704700BFE5
:10F8100000E100E07047FFFF38B50A4D2B78BFF3D9
:10F820005B8F13F001040BD1284605F0C5F938B100
:10F83000054B28461C6005F0CBF9044802F05DFF3B
:10F84000014838BDA42F0020A82F002015F8010082
:10F850002AB9304BC031012243F821207047012AD8
:10F8600003D1C0312B4B0222F6E7022A03D1C0316B
:10F87000284B0322F0E7032A03D1C031254B042291
:10F88000EAE7042A03D1C031224B0522E4E7052A26
:10F8900003D1C0311F4B0622DEE7062A03D1C03157
:10F8A0001C4B0722D8E7072A03D1C031194B082285
:10F8B000D2E7082A03D1C031164B0922CCE7092A26
:10F8C00003D1C031134B0A22C6E70A2A03D1C03143
:10F8D000104B0B22C0E70B2A03D1C0310D4B0C2279
:10F8E000BAE70C2A03D1C0310A4B0D22B4E70D2A26
:10F8F00003D1C031074B0E22AEE70E2A03D1C0312F
:10F90000044B0F22A8E70F2AA8D1C031014B1022C7
:10F91000A2E700BF0060004032B91A4BC0315D223F
:10F9200043F8212001207047012A05D1C031154B31
:10F93000652043F82100F5E7022A03D1C031114BBD
:10F940006D22EDE7032A03D1C0310E4B7522E7E7A4
:10F95000042A03D1C0310B4B7D22E1E7052A03D1F4
:10F96000C031084B8522DBE7062A03D1C031054BA5
:10F970008D22D5E7072A03D1C031024B9522CFE76C
:10F98000002070470060004032B9C031074B1E2292
:10F9900043F8212001207047012A05D1C031034BD3
:10F9A000212043F82100F5E7002070470060004067
:10F9B000F8B50E4601681B4B1F29054617469C6883
:10F9C0002CD8336893F91220213201D00120F8BDE0
:10F9D0007268403482B11A7CFFF79EFF0028F5D090
:10F9E0003268082353742B689374A7B90E4A44F8FD
:10F9F000232001332B60EAE7B2688AB11A7CFFF753
:10FA0000C3FF0028E2D03268082353742B68937434
:10FA10000FB9064AEBE744F82370EAE70020D6E77F
:10FA20001046D4E700ED00E0E5D701009DE50100B8
:10FA30002AB9064BC031362243F821207047012AEB
:10FA4000FCD1C031014B3B22F6E700BF0060004013
:10FA50002AB9064BC031352243F821207047012ACC
:10FA6000FCD1C031014B3A22F6E700BF00600040F4
:10FA70002AB9064BC031372243F821207047012AAA
:10FA8000FCD1C031014B3C22F6E700BF00600040D2
:10FA90002AB9064BC031382243F821207047012A89
:10FAA000FCD1C031014B3D22F6E700BF00600040B1
:10FAB0002AB90C4BC031992243F821207047012A02
:10FAC00003D1C031074B9F22F6E7022A03D1C03190
:10FAD000044BA422F0E7092AF0D1C031014BA9223E
:10FAE000EAE700BF006000402AB90C4BC031982201
:10FAF00043F821207047012A03D1C031074B9E22D1
:10FB0000F6E7022A03D1C031044BA322F0E7092A09
:10FB1000F0D1C031014BA822EAE700BF00600040ED
:10FB20002AB90C4BC0319A2243F821207047012A90
:10FB300003D1C031074BA022F6E7022A03D1C0311E
:10FB4000044BA522F0E7092AF0D1C031014BAA22CB
:10FB5000EAE700BF006000402AB90C4BC0319B228D
:10FB600043F821207047012A03D1C031074BA1225D
:10FB7000F6E7022A03D1C031044BA622F0E7092A96
:10FB8000F0D1C031014BAB22EAE700BF006000407A
:10FB90002AB9064BC031AE2243F821207047012A12
:10FBA000FCD1C031014BB322F6E700BF006000403A
:10FBB0002AB9064BC031AD2243F821207047012AF3
:10FBC000FCD1C031014BB222F6E700BF006000401B
:10FBD0002AB9064BC031B12243F821207047012ACF
:10FBE000FCD1C031014BB622F6E700BF00600040F7
:10FBF0002AB9064BC031B02243F821207047012AB0
:10FC0000FCD1C031014BB522F6E700BF00600040D7
:10FC10002DE9F84FB44B9F6803681F2B0446154627
:10FC200003D9002062B6BDE8F88F403772B60129CB
:10FC300040F09080002AF4D09368213340F088800F
:10FC4000036812681A441F2AEBD86A68DFF8B48286
:10FC500047F82320C033332248F8232090F90000CE
:10FC6000FFF7C6FD94F90030C0330C2158F823206B
:10FC70006FF3104248F8232094F90000FFF78AFD43
:10FC800094F90000FFF79AFD2368AB605A1C69687D
:10FC90002260C13347F82210342248F8232094F917
:10FCA0000000FFF7A5FD94F90030C0330C2158F88F
:10FCB00023206FF3104248F8232094F90000FFF747
:10FCC00069FD94F90000FFF779FD236869685A1C03
:10FCD000C133226047F82210312248F8232094F9DA
:10FCE0000000FFF785FD94F90030C0330C2158F86F
:10FCF00023206FF3104248F8232094F90000FFF707
:10FD000049FD94F90000FFF759FD236869685A1C02
:10FD1000C133226047F82210322248F8232094F998
:10FD20000000FFF765FD94F90030C0330C2158F84E
:10FD300023206FF3104248F8232094F90000FFF7C6
:10FD400029FD94F90000FFF739FD23680133236092
:10FD5000012067E702290DD1002A3FF462AF9368C2
:10FD60002133F5D10068136818441F288CBF002088
:10FD7000012057E7032911D1002A3FF452AF92F92D
:10FD800012302133E4D10E2353740168574B917420
:10FD900047F82130127CFFF7F7FDD6E7042949D157
:10FDA000002A3FF43EAF92F90730213331D1016888
:10FDB0000B1D202B3FF635AF0C264D4BD1719671A4
:10FDC00047F821301278FFF773FE0168494B013183
:10FDD000016069722E7247F821302A78FFF7A0FE81
:10FDE0000168454B0131016069712E7147F821307E
:10FDF0002A78FFF779FE0168404B01310160AE724D
:10FE0000E97247F821302A78FFF7A6FE036801332C
:10FE1000036095F90700FFF7D1FC95F90900FFF79A
:10FE2000CDFC95F90500FFF7C9FC95F90B00FFF72C
:10FE3000C5FC8DE7002940F09480002A3FF4F1AE24
:10FE4000137A3BBB126892F90D3021331ED10C237B
:10FE50001373036853732A4A47F82320C033294A8F
:10FE6000262142F823102B68686893F90D101B7B3C
:10FE700001F160421B0102F56142DBB282F80033FE
:10FE8000214B43F821002368013323602B6893F949
:10FE90000D00CCE7012B39D1126892F90F302133D4
:10FEA0001ED10C2393730368D373154A47F823209C
:10FEB000C033144A272142F823102B68686893F94D
:10FEC0000F109B7B01F160421B0102F56142DBB226
:10FED00082F800330C4B43F8210023680133236080
:10FEE0002B6893F90F00A2E700ED00E09DE501000B
:10FEF000C9AB010039AE0100B5AC010079AE01001B
:10FF0000D1BD010000600040082F0020022B7FF4CB
:10FF100088AE126892F9113021331ED10C2313746C
:10FF200003685374A84A47F82320C033A74A2821FE
:10FF300042F823102B68686893F911101B7C01F1BB
:10FF400060421B0102F56142DBB282F80033A04B34
:10FF500043F821002368013323602B6893F91100D3
:10FF600065E7052973D1002A3FF45BAE16680C23C0
:10FF7000737396F90F30213348D101680B1D202B84
:10FF80003FF64FAEF1733278DFF87882DFF84092B7
:10FF9000FFF74EFD90F9003008EB03024FF0C00A66
:10FFA00082F800A3016849F8236001312B680160E1
:10FFB000B1731A78FFF74CFD90F9003008EB03029B
:10FFC00082F800A3016849F8236001312B680160C1
:10FFD00031741A78FFF74CFD90F9003008EB0302FA
:10FFE00082F800A3016849F8236001312B680160A1
:10FFF00071741A78FFF74CFD90F90030984488F836
:020000022000DC
:1000000000A349F8236003680133036096F90F00E9
:10001000704B47F8203096F90E306F4A47F823208E
:1000200096F910306D4A47F8232096F911306C4A42
:1000300047F82320FFF7C2FB96F90E00FFF7BEFB3F
:1000400096F91000FFF7BAFB96F91100EFE60629C2
:1000500056D1002A3FF4E5AD16680C23737396F968
:100060000F30213341D10168CB1C202B3FF6D9AD95
:100070005C4BF17347F821303278DFF88881DFF884
:100080005091FFF715FD90F9003008EB03024FF097
:10009000C00A82F800A3016849F823600131524B7D
:1000A0000160B17347F821302B681A78FFF71CFD07
:1000B00090F9003008EB030282F800A3016849F8C8
:1000C00023600131494B0160317447F821302B68BE
:1000D0001A78FFF725FD90F90030984488F800A3BE
:1000E00049F8236003680133036096F90F00FFF7B6
:1000F00065FB96F90E00FFF761FB96F9100096E696
:1001000007294CD1002A3FF48CAD556840F60C43CA
:100110002B8295F90D30213320D101680B1D202B46
:100120003FF67FAD69732A78FFF782FC01680131E1
:1001300001602A782973FFF78BFC016801310160A7
:100140002A78A973FFF794FC0168013101602A78CD
:10015000E973FFF79DFC03680133036095F90D0017
:10016000234B47F8203095F90C30224A47F82320DA
:1001700095F90E30204A47F8232095F90F301F4A91
:1001800047F82320FFF71AFB95F90C00FFF716FB41
:1001900095F90E00FFF712FB95F90F0047E60829C5
:1001A00032D1002A3FF43DAD92F9023021337FF481
:1001B000CFAD0C2353700168114B917047F821307B
:1001C0001278FFF745FBC0E539BE01000060004032
:1001D000082F0020B5CD010079CC0100A1CE01008F
:1001E00065CF010049BB010029BB0100E1BC010052
:1001F0003DC5010011C40100E5C5010079C601003B
:10020000E5D1010000E100E0092978D1002A3FF49E
:1002100008AD566896F90230213365D101680B1D8F
:10022000202B3FF6FEAC92F808A0AC4BD2F8009021
:10023000B1704FF0060B86F806B0524647F82130F1
:10024000FFF7A6FCA64D96F90220B379DFF8BC8231
:10025000A9181B01DBB281F800330168A14B48F8F3
:100260002290013101605246717086F805B047F85E
:100270002130FFF79DFC96F901207379A9181B0125
:10028000DBB281F800330168974B48F822900131C6
:1002900001605246317186F808B047F82130FFF707
:1002A000A7FC96F90420337AA9181B01DBB281F868
:1002B000003301688D4B48F82290013101605246AD
:1002C000F17086F807B047F82130FFF781FC96F906
:1002D0000320F37915441B01DBB285F80033036872
:1002E00048F822900133036096F90200FFF766FA9E
:1002F00096F90100FFF762FA96F9040097E50A29DA
:100300007CD1002A3FF48DAC566896F90230213337
:1003100065D101680B1D202B3FF683AC92F808A035
:10032000734BD2F80090B1704FF0060B86F806B010
:10033000524647F82130FFF7BBFB694D96F9022082
:10034000B379DFF8C881A9181B01DBB281F800334B
:100350000168684B48F82290013101605246717083
:1003600086F805B047F82130FFF7BEFB96F901206B
:100370007379A9181B01DBB281F8003301685E4B69
:1003800048F82290013101605246317186F808B078
:1003900047F82130FFF7E0FB96F90420337AA918DB
:1003A0001B01DBB281F800330168544B48F82290FE
:1003B000013101605246F17086F807B047F82130EC
:1003C000FFF7AEFB96F90320F37915441B01DBB26E
:1003D00085F80033036848F822900133036096F9EA
:1003E0000200FFF7EBF996F90100FFF7E7F996F93C
:1003F0000400FFF7E3F996F9030018E50B297FF4F1
:1004000010AC002A3FF40DACD2E900150C232B757B
:1004100095F91530213356D10368DA1C202A3FF6AE
:1004200000AC374A6B7547F823202A6822B9C033DD
:10043000344A4A2042F8230095F915002B7D324EAC
:1004400000F1604202F561421B01DBB282F8003329
:1004500022682E4B43F82010501C2060A87547F8E6
:100460002060286820B9C13226484D2640F8226015
:1004700095F916602A7D06F1604000F56140120191
:10048000D2B280F80023226843F82610501C204E78
:100490002060E87547F82060286820B9C132194803
:1004A0004E2640F8226095F917602A7D06F16040DB
:1004B000120100F56140D2B280F8002343F8261003
:1004C00023680133236095F91500FFF777F995F953
:1004D0001600FFF773F995F91700A8E421A10100B0
:1004E00000E100E085A00100D9A20100F9A101000E
:1004F0007DB40100E5B4010095B5010059B50100D6
:100500003DE001000060004011E10100082F0020E3
:1005100029E2010043680E2B30B423D8124A52F866
:100520002330FBB193F91A201049006802F1C0048E
:1005300051F824506FF3104541F82450510901241B
:1005400002F01F0204FA02F26031094C44F8212043
:100550005A6812B15B6830BC18471A6812B11B6840
:1005600030BC184730BC7047AC2F00200060004002
:1005700000E100E013B5041E03DA4FF0FF3002B0D3
:1005800010BDF9F704FAA042F7D968460822E1B293
:1005900004F080FABDF800000028EED0C0F384100B
:1005A000EDE7704710B5FFF7E5FF0E280FD8084BB1
:1005B00053F820405CB10023636044F8083B2046B8
:1005C000FCF7D0FD2046BDE81040FCF7E3BD10BDB0
:1005D000AC2F00202DE9F04781460F46164698467D
:1005E000FFF7C8FF0E28054657D82D4C54F820A019
:1005F000BAF1000F0AD12C2004F0CDFADF2344F821
:100600002500C0F800A08376C0F804A054F8254067
:10061000002C42D0234925760023032222776377DA
:10062000C4E90818A362B8F1000F07D06760042E70
:1006300007D8DFE806F0052D302E2D002760F6E7FD
:10064000E27604F11805FFF7E7F82A460821FFF7DC
:10065000DFFA10B3144B154A33F8391014480B1253
:100660001B0153FA81F3083452F8233013F0100FB2
:1006700044F2100208BF4FF48042FBF767FC2946A2
:100680002046FCF70FFD2046BDE8F047FCF74ABDC9
:100690000123E376D5E70223FBE7BDE8F08700BF3F
:1006A000AC2F00201505020018C903000008044003
:1006B000B84600200023FFF78DBFFFFF08B5FFF706
:1006C00059FF0E2806D8054B53F8203013B193F983
:1006D0001A0008BD4FF0FF30FBE700BFAC2F002031
:1006E00008B53C220021024805F0FDFA08BD00BF14
:1006F000AC2F002070B50024064D264655F8240086
:1007000020B12C2104F074FA45F8246001340F2C38
:10071000F4D170BDAC2F002001207047036840F277
:1007200013421B6A184790F83D34002BFBD07047EA
:10073000D0F82C322BB1D0F82832184490F824008D
:1007400070474FF0FF30704713B5044690F8A80487
:100750008DF80710002378B184F83C34012284F826
:100760003D340DF1070104F58860F9F723FE94F894
:100770003C34002BFBD0012002B010BD0023C0F898
:100780002432C0F82832C0F82C32C0F83034C0F817
:100790003434C0F8383400F58860F9F785BE13B5F5
:1007A000EFF3108300930123019372B6019B5A1E4D
:1007B00001923BB1D0F82C426846F4F79FFC2046EA
:1007C00002B010BD6846F4F799FC4FF0FF34F6E72D
:1007D0000268224B53F8223013B54BB10279042A38
:1007E0000CD0802A06D0022A02D1012283F83D24AF
:1007F00002B010BD012283F83C24F9E7D3F82C2283
:10080000B2F5007FF4D0007AEFF31082009201225B
:10081000019272B6019A013A511C1AD0D3F82C12E7
:10082000B1F5007F02F1FF3411D0D3F8241219443E
:1008300081F82400D3F824120131C1F30801C3F870
:100840002412D3F82C120131C3F82C12E3E722460C
:10085000E2E768460192F4F751FCC9E7E82F00206F
:1008600013B5EFF3108300930123019372B6019B3C
:100870005A1E0192E3B1D0F82C32B3B1D0F828322D
:10088000034493F82440D0F828320133C3F308031B
:10089000C0F82832D0F82C32013BC0F82C32684620
:1008A000F4F72CFC204602B010BD4FF0FF34F6E701
:1008B0006846F4F723FC4FF0FF34F3E738B50446FD
:1008C00000254FF47A70C4E90150A3611848049BD5
:1008D000E361C4E90412206029464FF4007204F178
:1008E000240005F000FAC4F824524FF40072C4F852
:1008F00028522946C4F82C5204F50C7005F0F3F97F
:100900000123C4F83054C4F83454C4F8385484F87B
:100910003C3484F83D34DF2384F8A85484F87734D9
:1009200084F8793484F8753484F87B34204638BDF3
:10093000A0CA030010B50C46FEF76EFF2246042144
:10094000BDE81040FFF764B938B590F8A834044604
:10095000154600206BB184F83C0484F83D0404F58E
:100960008860F9F727FD94F83C34002BFBD028462B
:1009700038BD1D46FBE7FFFFF0B50369002B85B0CE
:10098000044602DA002005B0F0BD4269002AF9DB16
:100990008B42F7DA8A42F5DAD9B20022684602AE13
:1009A00004F078F80122217D304604F073F800222B
:1009B0003DF812500021AB11002D45D036F8120041
:1009C000002841D036F8110083EA9017FF063BD18A
:1009D00003F01F0323620028D4D0092BD2DC15F4C6
:1009E000F04F23691C4E0CBF4FF080624FF0A062A5
:1009F00036F8331010F4F04F42F4803217480CBF31
:100A00004FF080654FF0A065FBF7A0FA63691348CB
:100A100036F8331045F480352A46FBF797FAA36978
:100A20005A1C0FD0E26901320CD036F833100B4853
:100A30002A46FBF78BFAE369084836F833102A4652
:100A4000FBF784FA01209EE701310329B4D101327A
:100A5000032AADD196E700BF18C90300B8460020AD
:100A60002DE9F04104460E461546F8F790FF014681
:100A70002046FFF781FF84F8A804002800F0BD801D
:100A800094F891145E4B226A6FF3010184F891147B
:100A9000192143F82240A4F8921494F890340121CB
:100AA00084F895140F2103F0E70384F89C144FF6A3
:100AB000FF7143F04003A4F89E14A1696FF3820311
:100AC00084F8903404F592670023013184F894345B
:100AD00084F89634C4F8987484F8A03405D0E16999
:100AE00001311CBF082184F8A01484F8702404F29A
:100AF0009442C4F88C2440F213424FF6FF719542A1
:100B000084F8A23484F8A334A4F8A414C4F8883474
:100B1000C4F88034C4F87C343ED02DD840F2114261
:100B2000954248D040F2124295424AD0354BC4F823
:100B3000843404F58E6841462046FFF7FBFE94F8A6
:100B4000A834184084F8A80401213B4640F6B83286
:100B50003046F9F777FF94F8931429B93B4640F6ED
:100B6000B8323046F9F76EFF04F5886541462846ED
:100B7000F9F744FD78B3FEE740F23242954225D0C2
:100B800040F2334295420FD040F231439D42CDD1E5
:100B9000022384F871340AE0022284F8712484F874
:100BA000723484F87334C1E7022284F8712484F823
:100BB00072340123F5E7022284F8712484F8722448
:100BC000EFE7022284F871240322F7E7022384F876
:100BD00071340323EBE739462846F9F743FC00B1AB
:100BE000FEE7C4F82402C4F82802C4F82C02C4F8B2
:100BF0003004C4F83404C4F83804BDE8F08100BF00
:100C0000E82F0020D107020007B54FF0FF33009313
:100C1000172216210248FFF751FE03B05DF804FBCE
:100C20001030002007B54FF0FF3300930022012160
:100C30000248FFF743FE03B05DF804FBBC3400201C
:100C400007B54FF0FF330093192218210248FFF730
:100C500035FE03B05DF804FB683900200148FEF75B
:100C600065BA00BF143E00200148FEF74FBD00BF2B
:100C7000143E0020F8B5094F054600240126AA6C51
:100C800006FA04F3134205D007EB440261B228468A
:100C9000FDF7D6FC01341D2CF1D1F8BD583E0020E3
:100CA000837870B5044683B90E4D2A68AAB10388CB
:100CB0003BB90D48FFF7DEFF2B682078BDE8704098
:100CC0001847012BF8D10948F4E7012B05D00A2B6E
:100CD00004D1074B1B68002BEFD170BD0B2BFCD14F
:100CE000044BF7E74C3E0020943E0020F03E0020ED
:100CF000503E0020543E0020F0B5044685B0002848
:100D000043D0002380F83230C1F38415836C01276F
:100D100007FA05F21343836400F13001FDF768FD23
:100D200004AE04F148012046FDF792FC2046FDF791
:100D300079FC06F8047D9DF80C30012B04D1314676
:100D40002046FDF775FCF6E70DF10E022946204618
:100D5000FDF776FC0E4BBDF80E0093F83330052BF3
:100D60009CBF0C4AD2560C4B1B684FF0010101FA94
:100D700003F388BF00220093002301FA02F2194610
:100D800000F01CFA80B205B0F0BD4FF0FF30FAE77A
:100D9000943E0020CCCA03005801002013B50A225B
:100DA0000C46C1B2684603F075FEBDF800205AB18A
:100DB000064B074902F4F040B0F5006F0CBF18462F
:100DC0000846228002B010BD1046FAE7F03E00202F
:100DD000943E0020F0B5012680F82560C0E90F237D
:100DE000022600F12403002540F60C4780F8266017
:100DF0000186DF26032143644FF4C05380F824505A
:100E000080F8275080F8285080F8295080F82A6010
:100E100080F82B60878580F8325080F8331080F896
:100E2000345080F8355080F8366080F83760078796
:100E3000C0E91255C0E91455A0F85850A0F85A302E
:100E4000F0BD10B50446406D10B1142103F0D0FE82
:100E5000204610BD37B50D28044602A998BF0E34B0
:100E6000002321F8023D2046FFF798FF074B054677
:100E70004FF4004133F8340001F046FCBDF8061091
:100E80002846FFF739FF03B030BD00BF18C9030083
:100E9000042838B598BF104B104C98BF1D5CA36850
:100EA00088BF002513B12046FDF7C2FD0C4984F828
:100EB00028500C4CA1F13000FDF79AFCA36813B147
:100EC0002046FDF7B5FD084984F82850A1F130000F
:100ED000BDE83840FDF78CBCD2CA0300943E002028
:100EE000C43E0020F03E0020203F0020FFFFFFFF17
:100EF0002DE9F04D3C4B93F82830192B2DED028B4A
:100F00006BD057D8012B62D0022B63D0374CD4ED75
:100F1000007AF5EE407AF1EE10FA48D10020FFF7A2
:100F2000B7FF052001F08CFC0FF2B40BDBE900AB3E
:100F30009FED2F8ADFF8C0800A251420FFF78AFF73
:100F400007EE900AF8EEE77A67EE887A17EE900AD5
:100F500003F0BCFF52465B4604F010F8D8F80030AE
:100F60000646012098400F4603F09EFF02460B46BE
:100F70003046394604F02CF9064620680F4603F047
:100F8000A5FF02460B463046394603F041FE04F009
:100F9000EDFA013D07EE900A2060CED1F2EE046A30
:100FA00087EEA67A052084ED007AFFF771FF94EDB5
:100FB000000A08E01D2B04D01F2BA7D1B0EE040AB5
:100FC00001E0B0EE000ABDEC028BBDE8F08D9FEDB4
:100FD000090AF8E79FED060AF5E7B7EE080AF2E717
:100FE000295C8FC2F5A82040943E00204C3F002091
:100FF0003D0AB73F0000C07F58010020014B186830
:10100000704700BF54010020F0B585B00E28064699
:10101000019115D10D22014602A803F03BFDBDF858
:10102000083003F4F042B2F5006F6FD013F4F86F9C
:101030006CD10199364805B0BDE8F04001F012BA14
:10104000344D2A6800239A4207D0E91809798E4264
:1010500017D1063355F823400CBB402003F09BFD0D
:101060003146044601F058FB2B68132B0BD9204660
:1010700001F05CFB4021204605B0BDE8F04003F0E4
:10108000B7BD0133DFE7EA18204616719A1D013318
:1010900045F822402B6001F08BFB0028E7D01E4B67
:1010A00033F836301A12120152FA83F31B4A52F8FF
:1010B0002330DB0305D4204601F0B2FB204601F0CB
:1010C00077FBDDED017AF8EEE77A17EE900A03F090
:1010D000FDFE0022124B03F051FF124B1B68064627
:1010E0000120984001380F4603F0DEFE02460B4611
:1010F0003046394604F06CF804F038FA00EE100A75
:10110000204605B0BDE8F04001F06ABB05B0F0BD77
:10111000E4400020503F002018C9030000080440AC
:10112000000059405401002030B5094B53F8144BCE
:1011300000218C4207D053F8042F92F82450A84283
:1011400002D00131F5E7002202F1080030BD00BFF6
:10115000503F002038B50E4C0E4D0F48002322465C
:101160001946FFF737FE002301210C48FFF732FE36
:1011700028460024214640F8044B142204F0B3FD15
:101180005022214605F1180004F0ADFD38BD00BF26
:10119000A10C0200503F0020943E0020F03E0020B1
:1011A00008B50448FFF74DFE0348BDE80840FFF7C7
:1011B00048BE00BFF03E0020943E002010B5029CC7
:1011C000401AE41A6043521A90FBF2F0184410BD22
:1011D0002DE9F04F027D012A85B005460F4640F00B
:1011E000978000214FF0FF3B04460B465E4694F883
:1011F00004C048B2BCF1000F7CD194F805C0BCF12A
:10120000000F77D1B6F1FF3F1BBF01335BB2012363
:101210003046934201DD1A4683460131082904F124
:10122000020465D1002402EB0B03A1460293CB45D7
:1012300002DC029B4B4560DC6E7995F804A04FEA16
:1012400026180AF00F035FFA88F25FEA2A1A019261
:1012500006F00F0677D05FFA8AF1BAF1090FCABF1C
:101260005731303149B23846039300F024FA039BDA
:101270000444092B8ABF03F1570103F1300149B23D
:101280003846039300F017FA0444BAF1000F04D172
:10129000039B13B9B8F1000F0DD0019BB8F1090FF2
:1012A000D4BF03F1300803F157084FFA88F13846EC
:1012B00000F001FA0444092E8ABF573606F13001C6
:1012C00071B2384600F0F7F9B9F1070F044404D0C1
:1012D0003A21384600F0EFF9044409F10109B9F167
:1012E000080F05F10205A2D1204605B0BDE8F08F38
:1012F00006467CE74FF0FF308FE7CB45EDD1BBF1E1
:10130000000FE5D13A21384600F0D5F90444DFE773
:1013100000F1100600F11309002416F8011B0A223F
:10132000384600F050FA2E218046384600F0C3F9C6
:10133000B14540440444F0D10A22E97C384600F02B
:1013400042FA0444D0E7002B93D1A3E710B5054B34
:1013500003600446017510220021043004F0C3FC30
:10136000204610BD34CB030010B500210446FFF722
:10137000EDFF204610BDFFFFF8B50F461D460021CA
:10138000084B03600446164601751022043004F031
:10139000AAFC9DF8183027746674A574E37420467F
:1013A000F8BD00BF34CB030038B504460D46054BED
:1013B0000360002101751022043004F094FC2561C3
:1013C000204638BD34CB030010B588B0CA7C0B7CF6
:1013D00002928A7C01924A7C009210210446064ABD
:1013E0000DEB010005F000FA04A9204600F07BFA9D
:1013F000204608B010BD00BFD7CA030010B59AB090
:10140000CA7C0B790E928A7C0D924A7C0C920A7CE3
:101410000B92CA7B0A928A7B09924A7B08920A7BCA
:101420000792CA7A06928A7A05924A7A04920A7ACE
:101430000392CA7902928A7901924A79009204460B
:10144000054A282110A805F0CFF910A9204600F080
:101450004AFA20461AB010BDE3CA030010B50B7D4E
:1014600004461BB9FFF7B0FF204610BDFFF7C6FFCB
:10147000FAE738B510220D4604460021043004F086
:1014800032FC691E00224FF0FF3311F9010F00B347
:10149000A0F13005EDB2092D10D880B25D1CA0F18D
:1014A000300001D103B2F0E703EB830300EB43000C
:1014B00080B2FF2803B2E8D9002011E02E28FBD12A
:1014C000032AF9D0581CF7D0501C22441374C2B21E
:1014D000D9E7032A04D15A1C02D02075E3740120F5
:1014E00038BD2DE9F84F0024064689464FF0FF37F6
:1014F000254699F90000002840D005F0C7FB4FFAB7
:1015000080F88246404609F1010B04F0BFFA80B131
:10151000B8F1660F02DD0020BDE8F88FB8F1600F6A
:1015200024DC08EB0515303DB5F5803FF3D2D946F4
:10153000DFE7B8F13A0FEED199F901303A2B1AD121
:101540000137E8D199F902303A2BE4D0002D0CBFD5
:101550002746671C09F1020B072CDCD006EB44037D
:101560002A0A5D711A7101340025E0E7AAF1270803
:101570004FFA88F8D5E7002BEED1CCE77A1C1BD1C7
:10158000072CC8D106EB44032A0A1A715D717B1C33
:1015900021D00134E31B07F108015B00091B013B6B
:1015A0007A004900002B0ADBD0183044057958181E
:1015B0003044013B0571F5E7062CE3DDABE7C4F1F0
:1015C00008043C441346640000219C4203DDF218E9
:1015D00001331171F9E7012030759DE738B50446F4
:1015E0000D46FFF746FF28B929462046BDE838409A
:1015F000FFF777BF38BD08B50B46027D097D9142E4
:1016000008D1011D1022181D04F03AFBB0FA80F039
:10161000400908BD0020FCE7037D13B910310844E0
:1016200070470431FBE7FFFF07B501210648FFF7CC
:101630008DFE002300931A4619460448FFF79CFECE
:1016400003B05DF804FB00BFB83F0020D03F00208E
:101650002DE9F04106460D4601EB02080C464445D3
:10166000A4EB050707D0336814F8011B1B6830464C
:1016700098470028F3D13846BDE8F08170B503687B
:10168000044608460D465E6805F088F9294602467C
:1016900033462046BDE87040184709B1FFF7EEBF5A
:1016A0000846704703688A685B680968184708B588
:1016B000FFF7F3FF08BD0368C9B21B6818470A6843
:1016C0000B461268014618461047FFFF0149FFF715
:1016D000D5BF00BF16A3020038B50546FFF7E2FFED
:1016E00004462846FFF7F2FF204438BD38B50546CA
:1016F000FFF7D3FF04462846FFF7E8FF204438BD34
:1017000038B50546FFF7DBFF04462846FFF7DEFF46
:10171000204438BD70B58AB00E460AA9002301F8EE
:10172000043D012A98BF0A22B6FBF2F502FB1564BC
:10173000E3B264B2092CD4BF303337335BB22E46E8
:1017400001F8013D002DEFD1FFF7A7FF0AB070BDF2
:101750002DE9F04107460E4615462AB90368C9B27D
:101760001B68BDE8F04118470A2A05D1002905DBAE
:10177000BDE8F041FFF7CEBFD2B2F9E72D21FFF768
:101780009AFF2A46044671423846FFF7C3FF2044B9
:10179000BDE8F081FFF7DCBF38B50546FFF7D8FF9D
:1017A00004462846FFF792FF204438BD10B42AB9FA
:1017B00003685DF8044B1B68C9B21847D2B25DF8E4
:1017C000044BFFF7A7BFFFF7F1BF38B50546FFF79A
:1017D000EDFF04462846FFF779FF204438BDFFF7A8
:1017E000E5BF10B5044601F073F8E06023682046B9
:1017F0005B699847002808DA01F06AF8E368C01AC4
:10180000A3689842F2D34FF0FF3010BD816070475B
:101810002DE9F04180460D468F180C46BC42A4EBE2
:10182000050607D04046FFF7DCFF002802DB04F87E
:10183000010BF3E73046BDE8F0810A6802604A68B0
:10184000426000238A688260C1E900338B60704780
:1018500010B50446006808B104F0A8F9204610BD90
:1018600010B50446006808B104F0A0F90023236015
:10187000C4E9013310BD38B504460D460068013196
:1018800004F056FF10B1C4E90005012038BD03681B
:1018900010B5044623B143688B4201D3012010BD2B
:1018A0002046FFF7E8FF0028F9D0A368002BF5D108
:1018B00022681370F3E770B50E46114604461546CC
:1018C000FFF7E5FF20B92046FFF7CAFF204670BDAD
:1018D0002A463146A560206804F0E1F92268A36831
:1018E0000021D154F2E738B500230446C0E90033A3
:1018F00083600D4639B1084605F050F82946024686
:101900002046FFF7D8FF204638BD38B505460846C3
:101910000C4605F043F8214602462846BDE838400B
:10192000FFF7C9BF884238B505460C460CD00068A1
:1019300004F03CF923682B60A368AB6063686B60BC
:101940000023C4E90133236038BD884210B50B463B
:10195000044604D0096821B19A68FFF7ACFF20461D
:1019600010BDFFF77DFFFAE710B500230446C0E97C
:1019700000338360FFF7E9FF204610BD10B5044631
:10198000FFF7D0FF204610BD10B5044619B1FFF790
:10199000BCFF204610BDFFF763FFFAE72DE9F041D9
:1019A00005461746884619B900263046BDE8F0813D
:1019B0009AB1846814442146FFF769FF064600285F
:1019C000F2D0AB6828683A461844414604F067F9FB
:1019D0002B68AC6000221A55E7E70126E5E738B529
:1019E000054608460C4604F0D9FF21460246284623
:1019F000BDE83840FFF7D2BF09B1FFF7F0BF084696
:101A0000704707B502AB012203F8011D1946FFF725
:101A1000C5FF03B05DF804FB1FB504460A22084663
:101A2000694600F0D9FD69462046FFF7D8FF04B0AB
:101A300010BD1FB504460A220846694600F0CEFDD7
:101A400069462046FFF7CBFF04B010BD10B58A6889
:101A500009680446FFF7A2FF10B92046FFF700FF10
:101A6000204610BD10B5044621B92046FFF7F8FE08
:101A7000204610BDFFF7C0FF0028F6D0F8E78268C7
:101A800008B532B969B191F90000B0FA80F04009A7
:101A900008BD006811B990F90000F6E704F074FF82
:101AA000F3E70120F4E710B5836814468A689B1AAF
:101AB000A3420AD3006838B1096841B1204404F058
:101AC00075FFB0FA80F0400910BD0020FCE7084621
:101AD000FAE782688B689A4202D30022FFF7E3BFDD
:101AE0000020704708B58A68836893420BD300686A
:101AF00040B1096849B19B1A184404F045FFB0FA97
:101B000080F0400908BD0020FCE70846FAE7FFFF27
:101B100083688B4201D9006818B903480023037019
:101B200070470844704700BFE83F00208368934235
:101B300010B5044602D84FF0FF3010BD00681044C5
:101B400004F015FF0028F6D02368C01AF5E7836873
:101B5000934210B5044602D84FF0FF3010BD006824
:101B60000968104404F049FF0028F5D02368C01A22
:101B7000F4E70022FFF7EBBFF8B59A420F461D4687
:101B80000C4988BF13461446064684BF2C461D46A2
:101B9000FFF7A9FEBA68A2420AD93968AA4294BFDF
:101BA000C4EB0202C4EB050221443046FFF783FE7A
:101BB0003046F8BDA5A1020003683BB1013B13F913
:101BC000010F18B18842FAD11A70F8E7704738B59A
:101BD00004460846A3688B4211D982B1591A8A4239
:101BE00028BF0A4625689B1A8118A3601A1A29443F
:101BF000284404F05FF82268A3680021D15438BD5E
:101C00004FF0FF32FFF7E3BF10B504683CB1013C71
:101C100014F9010F18B105F039F82070F8E710BD7C
:101C200010B504683CB1013C14F9010F18B105F07E
:101C30003AF82070F8E710BD70B5056806461DB388
:101C400083680BB395F900006C1C03F028FF60B9A2
:101C5000B468621E3468144494F9000003F01FFF56
:101C600028B1A54203D8013CF6E72546EAE73068EB
:101C7000621C521BA842B26002D2294604F01AF834
:101C80003268B3680021D15470BD006808B103F018
:101C9000DEBE70470F4B10494AF20252A3F8FE23F2
:101CA0000E4A11604FF42542A3F8FE2303F5E42306
:101CB0001A886FF304121A80BFF34F8F0849094B3B
:101CC000CA6802F4E0621343CB60BFF34F8F00BFDA
:101CD000FDE700BF00E001403581730700E50140EA
:101CE00000ED00E00400FA05F8B5184B1B78054636
:101CF000144646184BB11146154804F001FD15482D
:101D000004F0FEFCAC4212D22C461348134D114F86
:101D100004F0F6FC0F4804F0F3FCB4420BD3104877
:101D200004F0EEFC0B48BDE8F84004F0E9BCB44216
:101D300028BF3446E9E722682146284604F0E0FC43
:101D4000384604F0DDFC0434E7E700BFDC40002047
:101D5000A4D2030016A30200C9D20300EED20300EE
:101D600031CC030008B50F4B0F4918600F4B1A60B8
:101D70000F4B104A1A60104B9B1A104A1360104AFE
:101D80001160104A521A10490A603BB90F4804F01A
:101D9000B7FC0F48BDE8084004F0B2BC0D4B01226F
:101DA0001A7008BD8440002000400000E040002080
:101DB00090400020007B0020007F00208C4000200D
:101DC00080400020B8D703007C40002042D20300AE
:101DD00016A302008840002008B5064B06481A6882
:101DE000064B196804F08CFC0548BDE8084004F077
:101DF00087BC00BFE04000201FD2030084400020C9
:101E000016A30200304B2DE9F04F1C682F4BD3F87E
:101E100000E02F4B1D782F4B1E782F4B1F682F4B48
:101E20001B688B4607EB030CDDB1CEB92C4B9969CF
:101E30005B690160013BBB4215D3634513D8BBF11D
:101E4000010F10D943600223A64426B1944203D85F
:101E5000724528BF724614460437DFF888802EE0AA
:101E600000252B46F0E735460123EDE72268D10730
:101E700024D5561EB74221D866451FD80F2B1DD832
:101E800032F8059C32F8032C02EA080ABAF5784FBA
:101E900004D109EA0809B9F5704F04D002F47F4271
:101EA000B2F58E4F0AD15B4508D2022B03D115B192
:101EB0004268B24202D040F82360013304347445D2
:101EC000D4D31846BDE8F08F904000208C4000200D
:101ED00094400020DC400020804000207C40002016
:101EE0009840002000F8FFFF2DE9F04391B0044630
:101EF00040220021684603F0F6FE22461021684683
:101F0000FFF780FF164FDFF87080064600244FF081
:101F10002009B44213D1FCB1114B1249124809688F
:101F200004EBC4041C44002204F8012C0F4A04F002
:101F3000E7FB0F4804F0E4FB11B0BDE8F08304EBCD
:101F4000C4053D445DF824204146284604F080FC49
:101F5000013485F80890DCE7064804F0D1FBE8E797
:101F6000E93F00208440002014D303000FD3030076
:101F700016A3020051D3030009D303002DE9F04159
:101F80000D4B1B7886B006460D4643B90B4A0C49EB
:101F90000C4804F0B5FB0C4804F0B2FBFEE70B4B19
:101FA0001A78BAB1054A0A49064804F0A9FB06485E
:101FB00004F0A6FBFEE700BF8840002038CB0300FA
:101FC0004BCB030053CB030016A302009440002028
:101FD00071CB0300A64AA7481468A74AA74FD2F8B6
:101FE000008001221A7004F08BFBA54804F088FBE6
:101FF000FFF7F2FEA34804F083FBA14804F080FB46
:10200000F6064CBF05F1200605F16806B44203D878
:1020100004EB0803B34201D201233B702046324651
:102020004146FFF761FE3B78974C002B3DD1974826
:1020300004F066FB924804F063FB2F6927616F6927
:102040002A686B68A968E8686761AF69ED69226012
:102050006360A160E060A761E56104908C48CDE910
:1020600002108C498C48CDE900318C4B8C4904F02E
:1020700047FB834804F044FBE3690493894B0393D3
:10208000A3690293884B0193636900932269874B8C
:102090008749814804F034FB794804F031FB8548D6
:1020A00004F02EFB764804F02BFB834B834A1B681D
:1020B0002362834B1B7884F82430824B1B68A36215
:1020C000814B1B7884F82C30804B1B682363804B3A
:1020D0001B88A3867F4B1B681288E2637E4AA3633A
:1020E000128822649D0705D57C4804F009FB6448EA
:1020F00004F006FB94F83B30580640F1278194F831
:102100002430002B3CD0D90705D5754804F0F8FAE7
:102110005B4804F0F5FA94F824309A0705D5714825
:1021200004F0EEFA564804F0EBFA94F824301B075A
:1021300005D56D4804F0E4FA514804F0E1FA94F84A
:102140002430DF0605D5694804F0DAFA4C4804F07B
:10215000D7FA94F824309D0605D5654804F0D0FAE6
:10216000474804F0CDFA94F82430180608D59907AA
:1021700006D0A16A5F4804F0C3FA414804F0C0FAEF
:1021800094F82C30002B46D0DA0705D55A4804F0D5
:10219000B7FA3B4804F0B4FA94F82C309B0705D505
:1021A000564804F0ADFA364804F0AAFA94F82C30F8
:1021B0005F0705D5524804F0A3FA314804F0A0FAAD
:1021C00094F82C301D0705D54E4804F099FA2C4898
:1021D00004F096FA94F82C30D80605D54A4804F055
:1021E0008FFA274804F08CFA94F82C30990605D51C
:1021F000464804F085FA224804F082FA94F82C301C
:102200001A0608D59F0706D5216B414804F078FAD5
:102210001B4804F075FAA38E002B00F0978094F809
:102220003430DD0705D53B4804F06AFA144804F061
:1022300067FA94F83430980705D5374804F060FA07
:102240000F4804F05DFA94F83430590705D5334847
:1022500004F056FA0A4804F053FA94F834301A0796
:1022600060D52F4804F04CFA054804F049FA59E0CB
:102270009040002017A302008C400020DC4000208A
:1022800016A302007BCB030098400020AFCB0300D5
:1022900076D303007AD30300EECB03006ED30300A2
:1022A00072D3030086D303008AD303007ED30300D6
:1022B00082D3030017CC030024ED00E030ED00E0F2
:1022C00028ED00E034ED00E029ED00E038ED00E01D
:1022D0002AED00E02CED00E03CED00E056CC0300E0
:1022E00082CC0300C4CC0300FFCC030035CD030037
:1022F00069CD0300B5CD0300EACD03001ECE030077
:1023000053CE03008ACE0300B2CE0300D8CE030022
:1023100016CF03003DCF030083CF0300CFCF0300D0
:102320002ED0030094F83530DB0705D5274804F09C
:10233000E7F9274804F0E4F994F835309F0705D50C
:10234000244804F0DDF9224804F0DAF994F93B302E
:10235000002B34DAE36B002B31D094F83C30DD07EE
:1023600005D51D4804F0CCF9194804F0C9F994F8D2
:102370003C30980705D5194804F0C2F9144804F018
:10238000BFF994F83C30590705D5154804F0B8F961
:102390000F4804F0B5F994F83C301A0705D51148F8
:1023A00004F0AEF90A4804F0ABF994F83C30DB06CF
:1023B00005D50D4804F0A4F9054804F0A1F930460C
:1023C00006B0BDE8F041FFF78FBD00BF75D0030038
:1023D00016A30200C7D0030031D1030061D103006E
:1023E00094D10300C0D10300EFD1030070466946C9
:1023F000FFF7C4FDFEE7FFFF73B50025044680F834
:1024000030500D2268460E4602F044FBBDF8003005
:102410006363C3F3841203F4F043B3F5006F84F8ED
:1024200038602574E5746574A574657522750CD0E3
:1024300004F11003A361064BE361064B2362064BD4
:102440006362064BA362064BE362204602B070BD96
:102450009DDE010095DF010025DF010031DF010075
:1024600061DF010073B50D460446FEF7C7FD012686
:1024700006FA00F0A84203DAFEF7C0FD06FA00F5FE
:1024800094F8300050B9012384F8303094F83810B3
:10249000144B154A33F83110F9F758FD636B03F408
:1024A000F043B3F5006F1BD0FEF7A8FD4FF4805347
:1024B000009301220023824019462846FEF77EFE43
:1024C000E369054604F1140120469847636AA9B2FE
:1024D00020469847A36A204602B0BDE870401847DE
:1024E00002B070BD18C903000080010A0E21014826
:1024F000FFF782BFE4400020042911D8DFE801F093
:10250000030C0A030E000022064B33F830100020A3
:10251000F9F71CBD1022F7E70422F5E78422F3E760
:10252000704700BF18C90300044B0A1C18BF0122E2
:1025300033F830100020F9F7A3BC00BF18C903001E
:1025400007B5084B0DF1070233F830100020F9F7FA
:1025500089FC9DF80700003018BF012003B05DF82A
:1025600004FB00BF18C90300F0B58BB041B3931E44
:10257000222B2FD80A2A06D1002804DA4442012649
:1025800001AB1D4610E004460026F9E7B4FBF2F06B
:1025900002FB1047092F044603F10103F8B294BF70
:1025A0003030573003F8010C002CEFD1AB42EDD0A6
:1025B0004EB12D204A1C0870AB4206D80023137080
:1025C00008460BB0F0BD0A46F6E713F8010D02F815
:1025D000010BF1E70021F3E7FFF7C6BF70B58AB042
:1025E00061B1931E222B20D801AB1D4648B9AB42E6
:1025F00007D00A46AB4213D80023137008460AB02E
:1026000070BDB0FBF2F402FB1406092E204603F164
:102610000103F4B294BF3034573403F8014CE5E7BA
:1026200013F8010D02F8010BE4E70021E6E7FFFFD4
:10263000EFF31080012383F31088064B196819B952
:10264000054AD1704021D1701A6801321A6080F3B6
:1026500010887047042F0020000D04407047704719
:102660001A4A38B50023938072B61949194A1A4C90
:102670000A601859D0500433402BFAD1174D00236B
:1026800002F140005C59C4500433802BFAD1144B42
:102690009A60BFF34F8F62B60B68124ADA60124934
:1026A000124A1348FFF75EFBFFF7C2FFF7F772F914
:1026B000FEF71EFC00F0D6F8FFF7D1FFE1F7FAFEB7
:1026C000FFF7CCFFE1F76AFDFCE700BF000D00401B
:1026D00020410020007F002000400000404000001A
:1026E00000ED00E0ED230200F3C302008ED30300EF
:1026F0009BD3030008B5FFF7B3FF0020704708B570
:10270000012003F0AFF9FFFF0A4601460148F9F73F
:102710001DBC00BFB846002010B500230446016070
:1027200003710830FCF702FD204610BD10B50446C9
:102730000830FCF7EBFF204610BDFFFF0368002BBD
:1027400013B5044602DA002002B010BD8B42FADA5B
:10275000D9B20722684602F09DF9BDF80030002B7F
:10276000F1D003F03E01C3F38412A1F11800E2712D
:102770004242424113F4F04F14BF0123002362711F
:10278000A371074A074B2068182918BF1A46064B41
:1027900033F830100548F9F7D9FB0120D4E700BF22
:1027A000000001010000010318C90300B846002021
:1027B00010B50446F7F7EBF801462046FFF7BEFFD9
:1027C00040B16179E279A37904F1080001B10121F6
:1027D000FCF712FF207110BD82790830FCF73CBF76
:1027E00010B504462DED028B0830B0EE408AFCF7A0
:1027F0007CFE07EE900AF8EE677A9FED087A27EEE6
:10280000880ABDEC028BC0EE077A2046BDE8104076
:10281000FDEEE77A17EE901AFFF7DEBF0000C84220
:1028200010B504460830FCF74DFF0023237110BD9E
:10283000024A136801331360704700BF5C410020F7
:102840000121FCF725BA704770B5054C256806468E
:1028500023685B1BB34202D2FFF7F5FFF8E770BDB8
:102860005C41002030B5164B164C196A164B87B0E8
:10287000012203930323CDE901230025134B049583
:102880001B68C1F302608340C1F30221CB402046A4
:102890004FF4FA51B3FBF1F3294600932B46FCF7B2
:1028A00051FC2A4608212046FCF74CFF2046FCF745
:1028B0004EFE204607B0BDE83040FCF786BE00BFA4
:1028C00000E001402441002031280200942F002024
:1028D000014B1868704700BF5C4100201C4A92F908
:1028E0001E30002B30B50DDB5909012003F01F030A
:1028F00000FA03F32031174840F82130BFF34F8F1F
:10290000BFF36F8F144B15491D680B889CB20B7A6F
:102910009B0604D51369B4EB530F88BF013592F9B8
:102920001E10002908DB0123480901F01F0103FAEA
:1029300001F1084B43F820101269531E1B1B4FF482
:102940007A704343B3FBF2F300FB053030BD00BFA8
:102950002441002000E100E05C41002000400840EC
:102960000148FCF7E3BB00BF244100200148FCF70D
:10297000CDBE00BF2441002070B500F11005044613
:10298000284600F0C6FD3F2815D9E178002000F068
:1029900019FF80B1284600F0BCFD3F28E17807D937
:1029A00004F50A7240230020BDE8704000F026BF05
:1029B000002000F015FF002070BDFFFF10B5044699
:1029C00000F098FE08B9002010BD00F09BFE002822
:1029D000F9D1044B4FF42A7202FB0434207900F041
:1029E0000100F1E76041002008B5044A4FF42A7362
:1029F00003FB0020103000F075FD08BD6041002091
:102A000070B54FF42A730A4C58434FF6FE764FF6D2
:102A1000FF732518B24288BF1A46103092B2204484
:102A200000F098FD04462846FFF7A6FF204670BD3B
:102A300060410020034A4FF42A7303FB002010304A
:102A400000F09BBD604100202DE9F041054600F0FB
:102A500051FE10B90020BDE8F08100F053FE07469A
:102A60000028F7D14FF42A746C43174D04F11C066B
:102A70002E44304600F036FD0028EBD005EB04086C
:102A8000384698F8021000F09DFE0028E2D004F5C8
:102A90001A74254429464022304600F05BFD98F820
:102AA0000210044658B103462A46384600F0A6FEF6
:102AB00038B9064B1B68DB07CCD500BECBE700F06E
:102AC0008FFE2046C7E700BF60410020F0ED00E028
:102AD0000E4B70B54FF42A7404FB003405464FF6D4
:102AE000FF734FF6FE70824288BF1A461C3492B2C2
:102AF000204600F046FD0646204600F0F3FC3F2845
:102B000002D92846FFF7A0FF304670BD6041002083
:102B100008B5044A4FF42A7303FB00201C3000F070
:102B2000F8FC08BD6041002013B5134C4FF42A7225
:102B30000021204603F0D7F8FF2363714FF4E133FF
:102B4000A36008220023A381A273009304F128014B
:102B500001234FF4807204F1100000F0ACFC01235B
:102B600000934FF4807204F5947104F11C0000F09E
:102B7000A2FC02B010BD00BF6041002010B50A4C9D
:102B800000210522204603F0AEF804F110001C34A9
:102B900000F0FDFC204600F0FAFC20460121BDE8D3
:102BA000104000F0F9BC00BF60410020F7B54B7940
:102BB000022B074603D00024204603B0F0BD8B79DA
:102BC000022BF8D11F4EB3787BBB8B7833700D7816
:102BD00009240D4403E02B781C44A4B21D446B78F7
:102BE000242B1BD19442F6D96B78042B12D16B792C
:102BF0000A2B0FD1144B2E7801930133009302233B
:102C00001A46A919384600F0A9FD70B10E3416FA1B
:102C100084F4A4B20B48FFF7AFFECDE7052BE3D158
:102C20002946384600F076FD28B9084B1B68DB07BB
:102C3000C1D500BEBFE7AB7873702B781C44A4B23B
:102C40001D44D1E76041002062410020F0ED00E02A
:102C500038B50B461146127802F06002202A47D19F
:102C6000244A8C881578A54242D14C78203C032C0C
:102C70003ED8DFE804F002141731012B05D10723F9
:102C80001D4A01F051F9012038BD032BFBD11B4B2C
:102C9000002BF8D01849002001F050FEF3E7012B7B
:102CA000F1D1ECE7012B02D101F026F9EBE7032B80
:102CB000E9D14C881471E14301F00101104800F0A2
:102CC0006BFC104B002BDED0C4F3400204F001017A
:102CD000002001F01FFED6E7012BE5D0032BD2D157
:102CE000094B002BCFD049880020AFF30080CAE702
:102CF0000020C9E760410020684100203D490200F2
:102D00007C41002015490200000000002DE9F04739
:102D10001C46374BDA788A4280460F461D4607D05C
:102D20009B788B4259D1AB78BB4234D001245BE015
:102D300003F50A7103F11000A2B200F022FC2D4B42
:102D40002BB92D4BFBB92A48FFF716FEEBE795F997
:102D500005300133F5D005F2272606EB0409A6F26B
:102D6000172A4E45EDD095F9052016F8013F9A42F5
:102D7000F7D1504600F0C6FB0028F2D195F90510B6
:102D8000AFF30080EDE71D4800F0BCFB0028DAD16E
:102D9000AFF30080D7E71A4B13B10020AFF30080E8
:102DA0000020FFF751FE0028C0D1164800F09AFB22
:102DB0000028BBD1002CB9D014F03F06B6D1A978B9
:102DC000404600F0FFFC04460028AFD033463246B0
:102DD000A978404600F012FD06E00B4B1C6814F089
:102DE000010401D000BE00242046BDE8F08700BFEA
:102DF0006041002000000000000000007041002041
:102E0000000000007C410020F0ED00E08C22002159
:102E1000014802F068BF00BF084400200020FFF70F
:102E2000F5BFFFFF2DE9F7430E4607467379032BE5
:102E3000114604D00024204603B0BDE8F083327967
:102E4000C2EBC2041234A4B28C4205D9234B1B68D6
:102E5000DA07EFD500BEEDE7214D95F801E0A84671
:102E6000BEF1000FF2D196F800C006EB0C0191F80C
:102E70000190B9F1210FE9D1C5F8881016F80CC0FE
:102E800005F1010E0235CDF804E00095614400F033
:102E900065FC0028DAD0B37998F80210012B04BF42
:102EA000F37988F80330012388F80430B37888F880
:102EB0000030D8F88830B3F80730A8F80630002979
:102EC000B9D04023074A384600F098FC0028B2D118
:102ED000024B1B68DB07AED500BEACE7F0ED00E0AF
:102EE000084400205044002013782DE9F341154692
:102EF00003F01F02012A06460C4601D000246DE0B3
:102F0000DFF8C081AA8898F80010D2B291424746F3
:102F1000F4D113F060031FD0202BEFD16B78013B6D
:102F20000A2BEBD801A252F823F000BF9F2F02001A
:102F30006730020073300200FD2E0200FD2E0200F9
:102F4000FD2E0200FD2E0200FD2E0200F92F0200D0
:102F5000433002007F300200012C01D001243DE00B
:102F60006A78062ACAD16A88120A212A0AD1D8F8B0
:102F70008820002AC2D01378294602B0BDE8F0416B
:102F800000F0D2BF222AB9D1184601F021FDB8F8CD
:102F9000063002462946304600F0C6FF1EE0012CEE
:102FA000DCD1EB886988402B4FEA1122184628BFF4
:102FB000402011F0FF0115D0012B13D90138384BF7
:102FC000397280B20090002001F060FD0444A4B288
:102FD0005CB9344B1B68DB0790D500BE204602B0BD
:102FE000BDE8F0810024304BECE723462E4A294609
:102FF000304600F099FFB1E7012C05D1EB88402B5A
:103000003FF67CAF294AC5E7032CA7D1EB88698836
:10301000402B4FEA1122184628BF402011F0FF0133
:103020000DD0012B0BD997F848308B4207D10138CE
:103030001F4B80B20090002001F02AFD8EE71B4B51
:10304000F8E7012C8AD169881A4B090A79712BB1EA
:103050000020AFF3008000283FF450AF29463046EF
:1030600000F04AFF7AE7012C7FF478AF2346124A3A
:1030700090E7012C7FF472AF2346104A8AE7012CB7
:10308000ECD0032C7FF46AAF69880D4BC9B239715B
:10309000002B3FF463AF0020AFF300805EE700BF7A
:1030A00011440020F0ED00E01044002050440020C6
:1030B00051440020000000000D4400200C4400207A
:1030C000000000000844002037B51A4CA2788A425C
:1030D0000546607813D088420AD1174A12B90120F8
:1030E00003B030BD9AB215490020AFF30080F6E777
:1030F000134B1B68DB0700D500BE0020F0E79042B1
:10310000EBD000229BB211461046009304F1480315
:1031100001F0BEFC402304F14802A178284600F0EB
:103120006DFB0028DBD1064B1B68DA07E5D500BE36
:10313000D6E700BF08440020000000001044002033
:10314000F0ED00E00A4492B291424FEA400001D80B
:10315000824201DB121A92B21046704738B50D4612
:10316000D41A8188A4B29A423CBF04EB4104A4B2B1
:10317000BCB1A14205D2914294BF531A8B189BB2A5
:10318000438199420AD9C2880168C2F30E0202FB48
:103190000311284602F083FD012038BD5B1A9BB263
:1031A000EFE72046F9E7F7B50446900803460D46D9
:1031B0004FF6FF76013B9BB2B3420ED112F00302F1
:1031C00001EB800107D002A8002340F8043D02F083
:1031D00066FD019B236003B0F0BD55F8047B2760BA
:1031E000E8E72DE9F3470F46BDF8281084885E1AFA
:1031F000B6B28B423CBF06EB4406B6B280466EB315
:10320000B44206D29C4294BF191BE11889B2418195
:103210002646964228BF16468C4223D9B8F8063077
:10322000D8F80050C3F30E03641A9AB2A4B202FB9A
:1032300001559DF82C10A6EB040914FB03FA19FBA9
:1032400003F901291FFA8AFA1FFA89F918D0A64250
:103250000BD872432946384602F021FD304602B0B1
:10326000BDE8F087091B89B2D6E7524629463846A1
:1032700002F015FD4A46D8F8001007EB0A00EBE70C
:10328000A64207D816FB03F292B229463846FFF74A
:103290008AFFE3E72AF00304A4B22246294638460F
:1032A000FFF781FF1AF0030A28D0CAF104039BB28A
:1032B0004B4505EB040102AC28BF4B460020A9EBAF
:1032C000030944F8040D1FFA89F90A5C0255421CEF
:1032D00092450CD1D8F8001020440B44994208D1F3
:1032E000019B3B60B9F1000FB8D04A46CEE71046CB
:1032F000EBE711F8012B00F8012FEFE7D8F80010E9
:10330000F0E7F7B59408234605464FF6FF76013BF4
:103310009BB2B3420CD112F0030200EB840005D043
:103320000B6802A941F8043D02F0B9FC03B0F0BDFE
:103330000F6845F8047BEAE72DE9F74F1446C27998
:103340000589B0F804800F4641899B46D30906469B
:10335000ADB289B215D18D4236BFC1EB4801691AB1
:10336000491989B2414536BFA8EB0101002189B254
:103370008C4228BF0C46002C50D1204603B0BDE83B
:10338000F08F44450CD3BBF1000F06D1C288A4EBEB
:103390000804C2F30E0202FB04770D464446EAE736
:1033A0008D424FEA480036BF421A6A1A521992B249
:1033B00022448242DFDBA8EB040292B24046FFF7D0
:1033C000C1FE0546D7E7ACEB080C1FFA8CFCC445E0
:1033D000F9D2A8EB0C01F088336889B2C0F30E0073
:1033E000A4EB010982B211FB00FA19FB00F9BBF151
:1033F000010F1FFA8AFA1FFA89F902FB0C3819D05B
:103400008C420DD862433946404602F048FC2246C1
:103410002946B088FFF796FE3081AEE7AC46D6E786
:1034200052463946404602F03AFC4A4607EB0A014A
:103430003068EAE78C4207D814FB00F292B23946B2
:103440004046FFF75EFFE2E72AF0030B1FFA8BFB13
:103450005A4639464046FFF754FF1AF0030A28D06F
:10346000CAF1040080B2484502AB28BF48463A681A
:1034700043F8042DA9EB0009D8441FFA89F900216B
:10348000CA5C08F8012001318A45F9D19A443368B1
:103490000AEB00015A1E514506D11844B9F1000F3C
:1034A000B5D04A463946CCE71AF801CB02F801CF2D
:1034B000F1E73068F2E7B2F5004F11D88280C28898
:1034C000016063F30E029DF80030C280C2F3072250
:1034D00063F3C71200234381C27103810120704747
:1034E000002070470389428981889BB292B293423F
:1034F00036BFC2EB41029B1A9B1898B2884228BF84
:1035000008467047028943899BB29B1A584258412A
:1035100070478288038940899BB280B2834236BF5C
:10352000C0EB4200181AC01880B2824286BF101A3F
:1035300080B20020704710B5028943890446FFF726
:103540000DFE6189034682B2A088FFF7FBFD608112
:10355000184610BD73B5038945890026CDE900568C
:103560000446FFF73EFE618903460246A088FFF746
:10357000E9FD6081184602B070BD02894389FFF7FA
:10358000EDBD12B10023FFF7D7BE104670470023F0
:103590004381038101207047C37961F3C713C3716D
:1035A0000120704708B5034640890A4601469888BD
:1035B000FFF7C8FD588108BD70B505894389848827
:1035C000ADB29BB29D4236BFC3EB4402EA1A521918
:1035D00092B2944206D2AC4294BF2B1B63199BB2A9
:1035E000438122462AB9C1E900228A6070BD2D1BA1
:1035F000ADB2AC42FBD99C420AD90068AB4200EBA9
:1036000003064E6007D200230A804B808B60EDE7F3
:103610001B1B9BB2EFE7E31A9BB2D21A0B804A80C6
:103620008860E3E70A4B1B78834206D9094B1B6885
:1036300000EB400003EBC00070475A1C8242A1BF60
:10364000C01A054B182202FB0030B8BF002070479B
:10365000984400209444002018D4030070B5134D02
:10366000064600242B78E0B20133834210DA3B2275
:1036700000210F4802F037FB1022FF210D4802F015
:1036800032FB1422FF210C48BDE8704002F02BBB36
:10369000FFF7C8FF013428B9084B1B68DB0700D5CA
:1036A00000BE70BD436830469847DBE79844002071
:1036B000994400209C440020AC440020F0ED00E040
:1036C00070B50C4605461646086800F06DFC236888
:1036D000324628460121BDE870401847044B1B784C
:1036E00010B1184600F060BE184600F073BE00BF6F
:1036F0005C010020024B5878003018BF0120704751
:1037000099440020024B1878C0F38000704700BF36
:103710009944002038B58B7803F07F03092B0C46C1
:1037200006D90B4B1B68DB0700D500BE002038BD57
:10373000084B1D78084B2046997800F0FFFF0028C1
:10374000EFD021462846BDE8384000F05FBE00BFFC
:10375000F0ED00E05C010020994400202DE9F047E5
:10376000DDE9085680460C4691469A460027B94541
:1037700001DC01200CE06378052B04D1E17801F035
:103780000301514508D00E4B1B68DA0702D4002014
:10379000BDE8F08700BEFAE721464046FFF7BAFFD2
:1037A00028B9074B1B68DB07F1D500BEF0E7A1780D
:1037B000CB0914BF31702970237801371C44D6E738
:1037C000F0ED00E0CB0901F07F00273303EB40036D
:1037D00002480021184400F089BF00BF994400202E
:1037E000CB0901F07F00273303EB4003024800219F
:1037F000184400F092BF00BF9944002038B5154C22
:1038000001F07F0504EB450404EBD1142034E0798A
:10381000C00707D5104B1B68DA0701D4002038BD5C
:1038200000BEFBE7E5790D4845F001050078E5713C
:1038300000F0D2FE0028F2D1E37960F30003E371D7
:10384000E37960F38203E371034B1B68DB07E5D583
:1038500000BEE4E799440020F0ED00E05C010020A8
:1038600010B50C4C01F07F0204EB420404EBD114C0
:103870002034E3799B070BD4074B187800F0D0FE77
:10388000E37943F00203E371E37943F00103E37169
:1038900010BD00BF994400205C01002010B50C4C05
:1038A00001F07F0204EB420404EBD1142034E379ED
:1038B0009B070BD5074B187800F0DEFEE3796FF31A
:1038C0004103E371E3796FF30003E37110BD00BFBF
:1038D000994400205C0100202DE9F04FBA4B1B7881
:1038E000FF2B89B000F09982B84B1D682C46002050
:1038F00054F8043B9847204605A9FFF71CFE2B68A7
:10390000044601209847002C00F087829DF815306E
:10391000013B072B00F2AE82DFE813F00800130032
:10392000AC028A0299021F005802A5029DF81400F9
:10393000FFF794FE00F030FBA54B9DF818209A701D
:10394000D2E79DF81400FFF789FE00F025FBA14B9C
:10395000002BC9D0AFF30080C6E79D4C9DF81450F2
:10396000237843F00103237094F827306FF30003AA
:1039700084F8273094F827306FF3820384F82730D7
:1039800094F828306FF3000384F8283094F8283036
:103990006FF3820384F82830002000F005FB9DF8C7
:1039A000187007F06008B8F1600F0FD18A4B1B68E0
:1039B000DC0700D500BE9DF81400002100F030FEA9
:1039C00080219DF8140000F02BFE8DE7B8F1400F28
:1039D0000DD182480028EED000F0E6FA06AA0121B7
:1039E0002846AFF3008000287FF47EAFE3E707F0BE
:1039F0001F07012F00F0938119D3022FD6D19DF814
:103A00001C1001F07F06092ED0D804EB460606EB09
:103A1000D116F07CFFF706FE8146B8F1000F00F0EA
:103A2000AA810028C7D006AA00F10C010FE0B8F166
:103A3000200F10D19DF81C300F2BBCD81C44E0780F
:103A4000FFF7F0FD0028B6D006AA00F10C012846C9
:103A5000FFF736FEC7E7B8F1000FA7D19DF8193080
:103A6000092BA3D801A252F823F000BF073D0200A2
:103A7000F53C0200AD390200E13C0200AD39020024
:103A8000953A0200213C0200AD390200AF3A020033
:103A9000C33A020006A800F08DFA9DF81A102846D5
:103AA00000F0B2FC237843F0020323701CE708AA5D
:103AB000637802F80E3D012306A9284600F034FA87
:103AC00012E79DF81A906378994531D063783BB13D
:103AD000284600F067FDA6782846FFF7BFFDA670D0
:103AE000B9F1000F00F0968009F1FF30C0B200F08C
:103AF0007DFF10B14378022B06D0374B1B68DF07E0
:103B00007FF554AF00BE51E7C2792378511161F3BC
:103B10000413921162F3451323704388C31800F114
:103B200009060293029BB34209D82D4B002B6ED19C
:103B300084F8019006A9284600F0DEF9D4E67378EF
:103B40000B2B03BF337896F80380F6184FF001086B
:103B50007378042BD1D1029B9B1B9BB20393002350
:103B60000193204B9DF804701B780133BB4225DB89
:103B70003846FFF757FD83460028BED08368039A76
:103B8000314628469847082882463DD9039B834200
:103B90003AD3B8F1010F06D1DBF80820124B9A4254
:103BA00008BF4FF002080022D3B2434520D331466C
:103BB0003B4652460D4800F0F1FD5644094B1B7838
:103BC00001339F42AEDD98E75C010020D444002021
:103BD0009944002000000000F0ED00E0000000002B
:103BE0000000000098440020AD2B0200AC440020EF
:103BF000B1780B44A34951FA83F30132D978FF29F4
:103C00007FF47BAFDF70CFE7019B0133A8E7AFF311
:103C100000808DE79C4B002B8AD0AFF3008087E7B4
:103C2000BDF81A00030A5A1EC0B20E2A3FF6C3AEF0
:103C300001A151F822F000BF753C02009F3C020038
:103C4000BF3C0200B7390200B7390200D33C020082
:103C50009F3C0200B7390200B7390200B7390200B1
:103C6000B7390200B7390200B7390200B73902008C
:103C70007F3C020000F0A4FE122302460AE0834BC0
:103C8000002B3FF498AEAFF30080024600283FF4CB
:103C90008DAE438806A9284600F046F9A3E6022B1C
:103CA00006D100F0A3FE00283FF480AE4388E4E78D
:103CB000774B002B3FF47FAEAFF30080F3E7BDF806
:103CC0001C1000F099FE024600283FF474AE037801
:103CD000E0E7704B002B3FF46EAEAFF30080F2E7ED
:103CE000BDF81A30012B7FF466AE237843F0080349
:103CF00023701FE7BDF81A30012B7FF45CAE2378E8
:103D00006FF3C303F4E72378C3F340129B0803F077
:103D10000203134308AA22F80E3D0223CCE69DF8C5
:103D20001C300F2B3FF647AE1C44E078FFF77AFCBF
:103D300000283FF440AE00F10C0106AA2846FFF728
:103D4000BFFC00287FF4D0AD9DF8183013F060045C
:103D50007FF431AE9DF819300A3B012B3FF62BAEB4
:103D600000F022F99DF819300A2B7FF4E3AE08AA7F
:103D700002F80E4D9FE69DF81930012B03D01DD39C
:103D8000032B7FF413AEBDF81A2022B9012B28466D
:103D900019D1FFF783FDB9F1000F3FF4A5AD06AAD5
:103DA00009F10C012846FFF78BFC002000F0FCF81D
:103DB00094F82830DE073FF597ADBBE696F827303C
:103DC000C3F34003A6E7FFF74BFDE4E79DF81810A7
:103DD0002C4B01F07F0403EB440303EBD11393F866
:103DE00027006FF3000083F8270093F827006FF394
:103DF000820083F827003CB9079B9DF819209DF8A5
:103E0000140000F0E3F86FE5D87CFFF70BFC38B93D
:103E1000214B1B68D80700D500BE09B0BDE8F08F64
:103E20000469079B9DF819209DF81400A0475BE5E5
:103E3000144B1A78D1077FF557AD184A002A3FF482
:103E400053AD1878C0F3C000AFF300804CE50D4BC4
:103E50001B78DA077FF548AD114B002B3FF444ADDA
:103E6000AFF3008040E5069B002B3FF43DAD079883
:103E7000984739E5084B1B68DB077FF535AD00BE79
:103E800032E500BF9944002000000000000000005F
:103E90000000000000000000F0ED00E00000000065
:103EA00000000000124B9989DA8970B58C1AA4B20F
:103EB000054693F90000402C28BF4024002809DA69
:103EC000914212D099680B48224601F0E8FE802109
:103ED000084A04E091424FF00001F9D10022234644
:103EE0002846BDE87040FFF789BC8021F6E700BF97
:103EF000D8440020EC44002030B40A4C05460A4661
:103F000008684968234603C30023C4E9023392F9D1
:103F100000209A4228461A46ACBF8021194630BC80
:103F2000FFF76CBCD8440020F8B5194D0C46074685
:103F300008684968AA602E4603C60021E981E18825
:103F40008B4228BF0B46AB8179B143B13AB9114BD3
:103F50001B68DA0701D40020F8BD00BEFBE7384635
:103F6000FFF7A0FF68B10120F6E794F90030002BBD
:103F70000A460B463846ACBF80210021FFF73EFCC5
:103F8000F0E7044B1B68DB07E5D500BEE4E700BFA4
:103F9000D8440020F0ED00E014220021014801F097
:103FA000A2BE00BFD8440020014B1861704700BF7B
:103FB000D84400200146044A00684968134603C3F8
:103FC0000023C2E902337047D844002070B52F4C5B
:103FD0001E462378C909B1EBD31F054616D03EB162
:103FE0002B4B1B68DA0701D4002070BD00BEFBE735
:103FF000284B13B12146AFF3008023690BB9012090
:10400000F3E7224A032128469847F8E794F900305D
:10401000002B06DBA0680028E6D032461E4901F0DE
:104020003EFEA368E28933443244A360E38892B23F
:104030009342E28101D03F2E24D823699BB994F9A1
:104040000030002B4FF000031A46ACBF8021194608
:104050002846FFF7D3FB0028D1D10D4B1B68DB07A7
:10406000C2D500BEC1E70221084A2846984701464A
:104070000028E4D1284600F0D3FA8021284600F039
:10408000CFFABCE72846FFF70DFFE4E7D84400204D
:10409000F0ED00E000000000EC44002030B50346E5
:1040A0008518EC1A012C09D854086FF0010303FBA2
:1040B000042212B110F814300B7030BD33F8024BEB
:1040C0000C80EEE7F0B585B00F4601A9154606460F
:1040D000FFF772FABDF804400298AC4228BF2C46A4
:1040E0002D1B22463946ADB2FFF7D8FF55B1BDF8BA
:1040F000063003989D4228BF1D462A46FFF7CEFF93
:104100002C44A4B221463046FFF74CFA05B0F0BD6E
:104110002DE9F843174BDC8881461F4634B91C70E3
:104120005C709C70DC700120BDE8F883B0F85E80A4
:1041300008F07F084445254628BF45464DB11E6816
:104140005B7ADB0700F114012A4630460DD5FFF7F4
:10415000B9FF454538BF4FF40043A4EB050438BF11
:10416000A9F82230FC800020DEE72E44FFF796FFFE
:104170003E60EEE72C45002070B50446BDF81050B7
:10418000FAB14FF484602084208C8606FCD5174851
:10419000467A858061F300064672C580EDB1036002
:1041A000BAB1B4F86030DB0B03D0B4F854301B065E
:1041B0000CD40F4B186810F0010001D000BE002095
:1041C00070BD0284208C8006FCD4E0E72046FFF717
:1041D0009FFF0120A4F86000F2E7052305704570F9
:1041E0008570C570A4F860300120E9E72C450020F7
:1041F000F0ED00E02DE9F84F314E0C2303FB016395
:104200000546B3F806800C46B8F1000F17D131B15E
:1042100001F1370235F812305904FBD404E0294B80
:104220001B68D80700D500BE0C235C43321900235D
:104230003355012053709370D370BDE8F88F8BB263
:1042400043F480620285A0F86430B0F86CA01FFAD5
:104250008AFA2B8D03F00F039C42FAD16B8D9A04DE
:10426000FCD5D045474628BF574687B14FF00C0BC9
:104270000BFB04FB06EB0B0305F1180153F8089B3D
:104280005B78DB073A46484613D5FFF71BFF5745D7
:104290003CBF4FF400436B8500232B85288D10F025
:1042A0000F00FBD10C2303FB0464A8EB0707E78096
:1042B000C3E7B944FFF7F2FE46F80B90E7E700BF0B
:1042C0002C450020F0ED00E02DE9F843DFF8D4C0E4
:1042D000BDF82050D7098E4602F07F020CEB071183
:1042E0000A44044692F8781041B92D4B186810F032
:1042F000010001D000BE0846BDE8F8830C224A4305
:104300000CEB02064CF8023096F80990B5806EF37B
:10431000000986F80990F580BFB11DB1FFF76AFF6B
:104320000120E9E78BB20385238D03F00F03994247
:10433000FAD1638D9E04FCD54FF4004363850023BE
:104340002385238D1D07FCD1EAE74B1E042BE7D8FC
:1043500001F1230610EB8603E2D08AB200EB4101A3
:10436000A0F86420B0F86C20B1F86E00800718BF88
:10437000A1F86E7014F82600002004F8260092B20E
:104380005878154401205870013D95FBF2F55D8089
:104390005A7842F002025A70A1F86E00ACE700BFF2
:1043A000F0ED00E02C450020084B03EBC000426814
:1043B00053B2002B08DB012102F01F0201FA02F2C6
:1043C0005B09034941F82320704700BF60010020CA
:1043D00000E100E00A4B03EBC000426853B2002B3F
:1043E0000DDB01215B0902F01F0201FA02F220330A
:1043F000044941F82320BFF34F8FBFF36F8F7047FD
:104400006001002000E100E07047FFFF2DE9F84F58
:10441000CE78B1F804A006F00306012E8046CAF358
:104420000A0A04D1BAF5807F06D9002060E0022E86
:1044300004D067D8012E70D13F4B0CE03E4B93F86F
:104440002C20002A56D093F83820002A54D093F814
:104450004420002A52D01A7D002A51D093F82030EF
:10446000002B5AD102248978344B334A53F83870E0
:104470004FEAD1194FEA09150C2303FB042301F07D
:104480007F0B2A445A441972404682F87840FFF75D
:10449000A1FFA3B207EB4402A7F864304FF44073C6
:1044A000A7F86CA0022EA2F86E304FF00003A2F81D
:1044B0006E3045EA0B0337D143F485439BB2A7F82E
:1044C0006830012303FA04F4A4B284F4FF71594064
:1044D000A7F84610F98E0C43FC86B9F1000F01D104
:1044E000022E01D0A2F86E304046FFF75DFF01209A
:1044F000BDE8F88F0324B6E70424B4E70524B2E747
:104500000124B0E70C4B06240C2202FB0430007A95
:104510000028A8D001340A2CF7D1094B186810F0F4
:104520000100E5D000BE80E7032E0CBF43F400433A
:1045300043F44243C2E700BF2C4500206001002045
:10454000F0ED00E0154B70B553F83050144BE88E89
:1045500001F07F06C90909015A183244012492F872
:104560007820944020EA0400E8869AB102F13704EA
:1045700005EB44040020208094B2A5F864400C248C
:1045800004FB02320B443344A5F8680083F878003A
:10459000107270BD05F16004ECE700BF60010020FF
:1045A0002C450020F8B50546FFF714FF094E0A24F4
:1045B0000C27013C04D12846BDE8F840FFF7F4BEC3
:1045C00007FB0463197A0029F3D02846FFF7BAFFE6
:1045D000EFE700BF2C4500202DE9F34198460F4B33
:1045E0000C46174653F830600546FFF7F3FE14F00B
:1045F0007F01CDF800803B4622460AD13046FFF7C6
:10460000BBFD04462846FFF7CFFE204602B0BDE8BA
:10461000F08100213046FFF757FEF2E760010020ED
:1046200038B5134B11F07F02054653F830401BD0CC
:10463000CB09104901EB0311114491F878309BB17B
:10464000373304EB43048CB12846FFF7C3FE2388BD
:1046500003F0030343F00203238002232380284650
:10466000BDE83840FFF7A0BE6034ECE738BD00BFBE
:10467000600100202C4500201A4B2DE9F04111F07B
:104680007F0807460E4653F8305016D0164ACB091D
:1046900002EB0313434493F8784074B1373405EBCD
:1046A0004404ECB13846FFF795FE4FF48073238045
:1046B000F30905D0012323800DE005F16004F0E744
:1046C000094B434493F87830A5F86430B5F8683066
:1046D0009B0B012BEED13846BDE8F041FFF764BEDD
:1046E000BDE8F081600100202C450020037813F024
:1046F000010310D10278C2F3800262B9037813F08B
:10470000010308D10278530705D4037843F004036A
:10471000037001207047002070470378C3F38003C3
:104720004BB1027812F0010105D1027861F38202E7
:1047300002701846704700207047FFFF8388C078DA
:1047400000F003000228C3F30A0312D01BD801288B
:104750000DD1022940F2FF3208BF4FF480629A4225
:104760000DD20D4B186810F0010008D000BE0020DB
:104770007047022904D1B3F5007FF2D101207047C0
:10478000402BEED8FAE702290CBF4FF4806240229A
:104790009A42E6D3F2E700BFF0ED00E030B50A44FC
:1047A000914200D330BD4C78052C06D18C7804F0B2
:1047B0007F0500EB4505E4092B550C782144EFE714
:1047C0000368DB691847037C0BB901230374704746
:1047D000704713B502AB026803F8011D546819460F
:1047E0000122A04702B010BD007C10B10020FEF7EE
:1047F000FBB87047007C10B10020FEF789B9704704
:10480000037C13B10020FEF71FB9704707B5007C89
:1048100038B10DF107010020FEF70CF920B19DF829
:10482000070003B05DF804FB4FF0FF30F9E710B567
:1048300004460020FEF7C2F800B9607C10BD037C7E
:1048400007B513B94FF0FF3012E0FFF7F0FF002873
:10485000F8D00020FEF7C8F80028F3D001220DF1AF
:1048600007010020FEF7CCF80028EBD09DF80700E8
:1048700003B05DF804FB037C2DE9F0418846174640
:1048800023B3FFF7D4FF08B30020FEF727FF3D4610
:104890000024FDB10020FEF73BF930B90120FEF7FE
:1048A0001DFF0020FEF7D0F8F3E7A842024608EB10
:1048B000040128BF2A460020FEF70AF90646012017
:1048C000FEF70CFF1EB13444AD1BEAE7002420467E
:1048D000BDE8F0813C46FAE738B5037C04460BB9E5
:1048E000002038BD4FF0FF300021FEF7F5FF2046D5
:1048F000FFF79DFF0028F3D0054D2C78002CF0D059
:104900000A20FDF7A1FF00232B702046E9E700BF36
:1049100068010020064B1970064B1A70064B1B6885
:10492000B3F5966F02D109B9FDF7B4B9704700BF6E
:10493000DC450020DD450020D84500200A4A0B68F0
:1049400013600A4A48791060094A08791060094AD8
:1049500089791160B3F5966F04D1074B1B780BB9B9
:10496000FDF798B9704700BFD8450020E845002002
:10497000E4450020E0450020DC450020054B0022F6
:104980004FF47A71C3E90121034919601A745A740A
:10499000704700BFC445002050D4030010B501F19A
:1049A000080400F00F02D3B2092ACCBF37333033EA
:1049B00004F8013DA1424FEA1010F2D110BDFFFFF3
:1049C000024800230371437183717047690100201D
:1049D00007B505480023019310B101A8AFF300808B
:1049E00003B05DF804FB00BF00000000014B186835
:1049F000704700BFEC45002070B5204C94F90030A2
:104A00000546B3B91E4B1B6803F1140658692146CD
:104A1000FFF7C4FF04F108017068FFF7BFFF04F15E
:104A20001001B068FFF7BAFF04F11801F068FFF752
:104A3000B5FF5DB9134B40F209425A80012301339F
:104A400010485B0043F44073038070BD052D12D8FD
:104A50000D4B0C4C53F825100122013911F9010FAF
:104A6000531EDBB20028EAD024F812000132212ABA
:104A7000F4D12023E3E70020E7E700BF324600201F
:104A80009CB17F40F04500207CD40300002070479B
:104A90007047FFFFF8B500260F460446154606800E
:104AA00046808680F4F773FF874216D8304901EBC1
:104AB000C70133464868F2B230F812101DB901F050
:104AC0003E020A2A04E0012D09D101F03E02082A23
:104AD0000BD00A0406F10106EDD52046F8BD022DE3
:104AE00008D101F03E02042AF1D15A1C24F8131017
:104AF000D3B2EEE7032D04D101F03E02062AE0D145
:104B0000F3E7042D02D101F03A02E0E7052D02D1CE
:104B100001F03A02D5E7062D03D101F03E02102A3A
:104B2000D6E7072D05D101F03E02122ADDD0182A62
:104B3000CEE7082D03D101F03E02022AC8E70A2D74
:104B400003D101F03E02142AC2E70B2D03D101F07C
:104B50003E021C2ABCE70C2D03D101F03E021A2AAA
:104B6000B6E70D2DB5D101F03E021E2AB0E700BF19
:104B700018C9030038B5002814BF0546012528468A
:104B800001F00CF8044620B900F02AF808B180477B
:104B9000F5E7204638BD10B5002814BF04460124AF
:104BA000204600F0FBFF30B900F01AF808B900F019
:104BB00043FF8047F4E710BD0368DB0706D4437862
:104BC00003B1FFDE01234370184670470020704791
:104BD00001230360704700F0E9BFFFF7FCBFFFFF50
:104BE000024B1868BFF35B8F704700BF744600200C
:104BF000FFF7F1BFFFF7CFBF08B500F01DFF08B505
:104C000000F01AFF81F0004102E000BF83F0004392
:104C100030B54FEA41044FEA430594EA050F08BF57
:104C200090EA020F1FBF54EA000C55EA020C7FEA1B
:104C3000645C7FEA655C00F0E2804FEA5454D4EB98
:104C40005555B8BF6D420CDD2C4480EA020281EA62
:104C5000030382EA000083EA010180EA020281EA9A
:104C60000303362D88BF30BD11F0004F4FEA0131EC
:104C70004FF4801C4CEA113102D0404261EB4101FB
:104C800013F0004F4FEA03334CEA133302D0524281
:104C900063EB430394EA050F00F0A780A4F101043D
:104CA000D5F1200E0DDB02FA0EFC22FA05F2801877
:104CB00041F1000103FA0EF2801843FA05F359415D
:104CC0000EE0A5F120050EF1200E012A03FA0EFCDC
:104CD00028BF4CF0020C43FA05F3C01851EBE37106
:104CE00001F0004507D54FF0000EDCF1000C7EEB23
:104CF00000006EEB0101B1F5801F1BD3B1F5001F61
:104D00000CD349085FEA30004FEA3C0C04F101047F
:104D10004FEA445212F5800F80F09A80BCF1004FA8
:104D200008BF5FEA500C50F1000041EB045141EA2A
:104D3000050130BD5FEA4C0C404141EB010111F42B
:104D4000801FA4F10104E9D191F0000F04BF0146D6
:104D50000020B1FA81F308BF2033A3F10B03B3F1B4
:104D600020020CDA0C3208DD02F1140CC2F10C0244
:104D700001FA0CF021FA02F10CE002F11402D8BFA2
:104D8000C2F1200C01FA02F120FA0CFCDCBF41EA6E
:104D90000C019040E41AA2BF01EB0451294330BD3D
:104DA0006FEA04041F3C1CDA0C340EDC04F114041A
:104DB000C4F1200220FA04F001FA02F340EA0300F1
:104DC00021FA04F345EA030130BDC4F10C04C4F137
:104DD000200220FA02F001FA04F340EA0300294617
:104DE00030BD21FA04F0294630BD94F0000F83F461
:104DF000801306BF81F480110134013D4EE77FEA44
:104E0000645C18BF7FEA655C29D094EA050F08BF8F
:104E100090EA020F05D054EA000C04BF1946104670
:104E200030BD91EA030F1EBF0021002030BD5FEAB4
:104E3000545C05D14000494128BF41F0004130BDDC
:104E400014F580043CBF01F5801130BD01F0004530
:104E500045F0FE4141F470014FF0000030BD7FEAA3
:104E6000645C1ABF194610467FEA655C1CBF0B469E
:104E7000024650EA013406BF52EA033591EA030FB5
:104E800041F4002130BD00BF90F0000F04BF0021AD
:104E9000704730B54FF4806404F132044FF00005E0
:104EA0004FF0000150E700BF90F0000F04BF002159
:104EB000704730B54FF4806404F1320410F00045BF
:104EC00048BF40424FF000013EE700BF42004FEABA
:104ED000E2014FEA31014FEA02701FBF12F07F4337
:104EE00093F07F4F81F06051704732F07F4208BFEE
:104EF000704793F07F4F04BF41F40021704730B5F5
:104F00004FF4607401F0004521F000411CE700BF40
:104F100050EA010208BF704730B54FF000050AE0C3
:104F200050EA010208BF704730B511F0004502D5C4
:104F3000404261EB41014FF4806404F132045FEAC6
:104F4000915C3FF4D8AE4FF003025FEADC0C18BF6F
:104F500003325FEADC0C18BF033202EBDC02C2F161
:104F6000200300FA03FC20FA02F001FA03FE40EAF3
:104F70000E0021FA02F11444BDE600BF70B54FF0F7
:104F8000FF0C4CF4E06C1CEA11541DBF1CEA1355D5
:104F900094EA0C0F95EA0C0F00F0DEF82C4481EA3D
:104FA000030621EA4C5123EA4C5350EA013518BF5D
:104FB00052EA033541F4801143F4801338D0A0FB4A
:104FC00002CE4FF00005E1FB02E506F00042E0FBF7
:104FD00003E54FF00006E1FB03569CF0000F18BFFD
:104FE0004EF0010EA4F1FF04B6F5007F64F54074A5
:104FF00004D25FEA4E0E6D4146EB060642EAC62138
:1050000041EA55514FEAC52040EA5E504FEACE2EA4
:10501000B4F1FD0C88BFBCF5E06F1ED8BEF1004FA7
:1050200008BF5FEA500E50F1000041EB045170BD23
:1050300006F0004646EA010140EA020081EA030167
:10504000B4EB5C04C2BFD4EB0C0541EA045170BD63
:1050500041F480114FF0000E013C00F3AB8014F1DD
:10506000360FDEBF002001F0004170BDC4F1000426
:10507000203C35DA0C341BDC04F11404C4F12005A7
:1050800000FA05F320FA04F001FA05F240EA020002
:1050900001F0004221F0004110EBD37021FA04F638
:1050A00042EB06015EEA430E08BF20EAD37070BDF2
:1050B000C4F10C04C4F1200500FA04F320FA05F051
:1050C00001FA04F240EA020001F0004110EBD37053
:1050D00041F100015EEA430E08BF20EAD37070BDC3
:1050E000C4F1200500FA05F24EEA020E20FA04F39C
:1050F00001FA05F243EA020321FA04F001F000414B
:1051000021FA04F220EA020000EBD3705EEA430EBB
:1051100008BF20EAD37070BD94F0000F0FD101F0EA
:105120000046400041EB010111F4801F08BF013C23
:10513000F7D041EA060195F0000F18BF704703F061
:105140000046520043EB030313F4801F08BF013DE8
:10515000F7D043EA0603704794EA0C0F0CEA1355A4
:1051600018BF95EA0C0F0CD050EA410618BF52EA5E
:105170004306D1D181EA030101F000414FF0000064
:1051800070BD50EA410606BF1046194652EA430672
:1051900019D094EA0C0F02D150EA013613D195EAE6
:1051A0000C0F05D152EA03361CBF104619460AD12E
:1051B00081EA030101F0004141F0FE4141F4700138
:1051C0004FF0000070BD41F0FE4141F4780170BD28
:1051D00070B54FF0FF0C4CF4E06C1CEA11541DBF8D
:1051E0001CEA135594EA0C0F95EA0C0F00F0A7F88F
:1051F000A4EB050481EA030E52EA03354FEA0131BC
:1052000000F088804FEA03334FF0805545EA1313CE
:1052100043EA12634FEA022245EA111545EA106596
:105220004FEA00260EF000419D4208BF964244F12D
:10523000FD0404F5407402D25B084FEA3202B61A4C
:1052400065EB03055B084FEA32024FF480104FF420
:10525000002CB6EB020E75EB030E22BFB61A754694
:1052600040EA0C005B084FEA3202B6EB020E75EB27
:10527000030E22BFB61A754640EA5C005B084FEA8F
:105280003202B6EB020E75EB030E22BFB61A75465C
:1052900040EA9C005B084FEA3202B6EB020E75EB67
:1052A000030E22BFB61A754640EADC0055EA060E28
:1052B00018D04FEA051545EA16754FEA06164FEA6B
:1052C000C30343EA52734FEAC2025FEA1C1CC0D117
:1052D00011F4801F0BD141EA00014FF000004FF0A4
:1052E000004CB6E711F4801F04BF01430020B4F165
:1052F000FD0C88BFBCF5E06F3FF6AFAEB5EB030C1D
:1053000004BFB6EB020C5FEA500C50F1000041EB19
:10531000045170BD0EF0004E4EEA113114EB5C04E6
:10532000C2BFD4EB0C0541EA045170BD41F48011B9
:105330004FF0000E013C90E645EA060E8DE60CEAC1
:10534000135594EA0C0F08BF95EA0C0F3FF43BAFDE
:1053500094EA0C0F0AD150EA01347FF434AF95EA95
:105360000C0F7FF425AF104619462CE795EA0C0F79
:1053700006D152EA03353FF4FDAE1046194622E746
:1053800050EA410618BF52EA43067FF4C5AE50EA20
:1053900041047FF40DAF52EA43057FF4EBAE12E710
:1053A0004FF0FF3C06E000BF4FF0010C02E000BFF1
:1053B0004FF0010C4DF804CD4FEA410C7FEA6C5CD4
:1053C0004FEA430C18BF7FEA6C5C1BD001B050EA77
:1053D000410C0CBF52EA430C91EA030F02BF90EA62
:1053E000020F0020704710F1000F91EA030F58BF21
:1053F000994208BF90422CBFD8176FEAE37040F083
:10540000010070474FEA410C7FEA6C5C02D150EA20
:10541000013C07D14FEA430C7FEA6C5CD6D152EADB
:10542000033CD3D05DF8040B704700BF84461046A0
:1054300062468C461946634600E000BF01B5FFF79F
:10544000B7FF002848BF10F1000F01BD4DF808ED6F
:10545000FFF7F4FF0CBF012000205DF808FB00BF40
:105460004DF808EDFFF7EAFF34BF012000205DF89A
:1054700008FB00BF4DF808EDFFF7E0FF94BF0120E7
:1054800000205DF808FB00BF4DF808EDFFF7CEFFE8
:1054900094BF012000205DF808FB00BF4DF808ED27
:1054A000FFF7C4FF34BF012000205DF808FB00BFF8
:1054B0004FEA410C7FEA6C5C02D150EA013C0AD110
:1054C0004FEA430C7FEA6C5C02D152EA033C02D102
:1054D0004FF0000070474FF0010070474FEA410263
:1054E00012F5001215D211D56FF47873B3EB625236
:1054F00012D94FEAC12343F0004343EA505311F05D
:10550000004F23FA02F018BF404270474FF00000EE
:10551000704750EA013005D111F0004008BF6FF02C
:10552000004070474FF00000704700BF4A0011D2A2
:1055300012F5001211D20DD56FF47873B3EB6252ED
:105540000ED44FEAC12343F0004343EA505323FAF9
:1055500002F070474FF00000704750EA013002D16E
:105560004FF0FF3070474FF0000070474FEA4102A4
:10557000B2F1E04324BFB3F5001CDCF1FE5C0DD9B1
:1055800001F0004C4FEAC0024CEA5070B2F1004FFB
:1055900040EB830008BF20F00100704711F0804FFE
:1055A00021D113F13872BCBF01F00040704741F4C3
:1055B00080114FEA5252C2F11802C2F1200C10FAC7
:1055C0000CF320FA02F018BF40F001004FEAC123AB
:1055D0004FEAD32303FA0CFC40EA0C0023FA02F34F
:1055E0004FEA4303CCE77FEA625307D150EA013325
:1055F0001EBF4FF0FE4040F44000704701F00040F5
:1056000040F0FE4040F40000704700BF7BB972B923
:105610000029BEBF00204FF0004106E008BF00286F
:105620001CBF6FF000414FF0FF3000F0BDB9ADF18D
:10563000080C6DE904CE002909DB002B1ADB00F011
:105640004DF8DDF804E0DDE9022304B07047404284
:1056500061EB4101002B1BDB00F040F8DDF804E0BA
:10566000DDE9022304B0404261EB4101524263EBA9
:1056700043037047524263EB430300F02FF8DDF819
:1056800004E0DDE9022304B0404261EB41017047D0
:10569000524263EB430300F021F8DDF804E0DDE95A
:1056A000022304B0524263EB4303704753B94AB933
:1056B000002908BF00281CBF4FF0FF314FF0FF301A
:1056C00000F072B9ADF1080C6DE904CE00F006F8F7
:1056D000DDF804E0DDE9022304B070472DE9F0476E
:1056E000089E04468846002B4BD18A42154667D94E
:1056F000B2FA82F24AB1C2F1200701FA02F320FAAB
:1057000007F7954047EA030894404FEA154E230CEB
:10571000B8FBFEF71FFA85FC0EFB178843EA084327
:1057200007FB0CF1994209D9EB1807F1FF3080F023
:105730001B81994240F21881023F2B445B1AA4B2AC
:10574000B3FBFEF00EFB103344EA034400FB0CFCF9
:10575000A44509D92C1900F1FF3380F00781A44535
:1057600040F2048102382C4440EA0740A4EB0C04C8
:1057700000271EB1D4400023C6E900433946BDE8E6
:10578000F0878B4209D9002E00F0EB800027C6E994
:10579000000138463946BDE8F087B3FA83F7002F99
:1057A00047D18B4202D3824200F2FA80841A61EB25
:1057B000030301209846002EE0D0C6E90048DDE74B
:1057C00002B9FFDEB2FA82F2002A40F08F80491B54
:1057D0004FEA154E1FFA85F80127B1FBFEFC230C9A
:1057E0000EFB1C1143EA014308FB0CF1994207D957
:1057F000EB180CF1FF3002D2994200F2CD808446C2
:10580000591AA3B2B1FBFEF00EFB101443EA044494
:1058100008FB00F8A04507D92C1900F1FF3302D28C
:10582000A04500F2B6801846A4EB080440EA0C40FC
:105830009FE7C7F1200CBB4022FA0CFE4EEA030E94
:1058400001FA07F420FA0CF521FA0CF34FEA1E488E
:105850002543B3FBF8F92C0C08FB19331FFA8EFA19
:1058600044EA034309FB0AF49C4202FA07F200FAF5
:1058700007F10BD91EEB030309F1FF3080F087809D
:105880009C4240F28480A9F1020973441B1BADB213
:10589000B3FBF8F008FB103345EA034400FB0AFAB7
:1058A000A24508D91EEB040400F1FF336BD2A245D8
:1058B00069D90238744440EA0940A0FB0289A4EB8C
:1058C0000A044C45C2464B4654D351D0002E69D0F1
:1058D000B1EB0A0564EB030404FA0CFCFD40FC4048
:1058E0004CEA0505C6E90054002747E7C2F120034A
:1058F00020FA03F7954001FA02F021FA03F34FEA88
:10590000154E3843010CB3FBFEF71FFA85F80EFB6A
:10591000173341EA034107FB08F38B4204FA02F410
:1059200007D9691807F1FF3C2FD28B422DD9023FCE
:105930002944CB1A81B2B3FBFEF00EFB103341EACF
:10594000034100FB08F38B4207D9691800F1FF3CC3
:1059500017D28B4215D902382944C91A40EA0747A1
:105960003BE73746304609E70746E7E61846FBE6D9
:105970004145ABD2B8EB020A69EB0E02013813467F
:10598000A4E76046E9E7184695E76746D1E7814610
:105990007CE702382C4447E7ACF1020C2B442FE79C
:1059A000384608E73746E9E6704700BF70B555EC62
:1059B000104B2B1EC3F30A56A6F2FF32C3F3130398
:1059C000ACBF01204FF0FF30132A43F480130BDCEF
:1059D000002A25DB4FF4002414412344C2F11402B1
:1059E000D34003FB00F070BD1E2A13D8332AA6F261
:1059F000134119DC4FF00045CD402D19C2F134029E
:105A000028BF0133202A03FA01F3EAD025FA02F273
:105A10001343E6E710EE100A2946FFF75FFD70BD5D
:105A2000013218BF002070BDA6F2334604FA06F614
:105A30008B403343D5E700BF08B5062000F0B8FE21
:105A4000012003F0A1FB0A22002101F07DB80A2207
:105A5000002101F079B8FFFF014B1868704700BFC3
:105A60007C01002008B5074B044613B10021AFF3B9
:105A70000080054B1868836A03B19847204603F0FD
:105A800083FB00BF00000000D4D4030010B504461F
:105A900000F012F82044407800F0070010BD10B567
:105AA000044600F009F82044407800F0080010BDDA
:105AB000D0F8EC007047FFFF044B054A1B681B6AD7
:105AC000002B08BF1346D3F8EC0070477C01002080
:105AD000E001002070B50E46B1F90E10002996B015
:105AE00014461D4607DA00232B60B3891A0610D42A
:105AF0004FF480630EE06A4602F0EEF80028F2DB15
:105B0000019A02F47042A2F500535A425A412A60A7
:105B1000EEE740230020236016B070BD8B8973B57B
:105B20009D0706460C4607D504F147032360236111
:105B30000123636102B070BD01AB6A46FFF7CAFF83
:105B400000990546304600F025F948B9B4F90C3003
:105B50009A05EFD423F0030343F00203A381E3E7A4
:105B60000D4BB362A389206043F08003A381009BA7
:105B70006361019B20615BB1B4F90E10304602F005
:105B8000DBF828B1A38923F0030343F00103A381C9
:105B9000A3891D43A581CDE7C97B0200024B0146C5
:105BA000186800F0F7B800BF7C010020024B0146E6
:105BB000186800F0A1B800BF7C01002082B001B9D4
:105BC00001A942B14BB113780B601278101C18BFB9
:105BD000012002B070471046FBE76FF00100F8E7C4
:105BE00001F0FF01102A2BDB10F0070F08D010F88E
:105BF000013B013A8B422DD010F0070F42B3F6D192
:105C0000F0B441EA012141EA014122F007047FF0AA
:105C100000070023F0E80256083C85EA010586EA01
:105C2000010685FA47F5A3FA87F586FA47F6A5FA3D
:105C300087F68EB9EED1F0BC01F0FF0102F0070249
:105C400032B110F8013B013A83EA010313B1F8D1F4
:105C50000020704701387047002D06BF35460338D5
:105C6000073815F0010F07D1013015F4807F02BF0E
:105C7000013015F4C03F0130F0BC0138704700BF5F
:105C800030B50024A24201D1002007E0035D0134B9
:105C90000D1915F8015CAB42F4D0581B30BD10B59E
:105CA000431E0A44914200D110BD11F8014B03F884
:105CB000014FF7E7884210B501EB020307D8421EF7
:105CC00099420AD011F8014B02F8014FF8E78342DC
:105CD000F5D98118D21AD34200D110BD13F8014D65
:105CE00001F8014DF7E702440346934200D17047A3
:105CF00003F8011BF9E7FFFF38B50546002945D039
:105D000051F8043C0C1F002BB8BFE41802F044F813
:105D10001F4A1368104633B9636014602846BDE813
:105D2000384002F03AB8A3420CD921686218934275
:105D300004BF1A685B68636004BF52182260046085
:105D4000ECE713465A680AB1A242FAD91968581802
:105D5000A0420BD120680144581882421960DDD15D
:105D6000106852685A6001441960D7E702D90C23C1
:105D70002B60D3E7206821188A4204BF116852685B
:105D8000626004BF091821605C60C7E738BD00BFCE
:105D90007846002070B5CD1C25F0030508350C2D84
:105DA00038BF0C25002D064601DBA94203D90C2380
:105DB0003360002070BD01F0EFFF214A14682146D6
:105DC00091B9204C23681BB9304600F0B9FC206023
:105DD0002946304600F0B4FC431C24D10C23336028
:105DE000304601F0DAFFE4E70B685B1B18D40B2B9D
:105DF0000FD90B60CD50CC18304601F0CEFF04F126
:105E00000B00231D20F00700C31AD3D05A42E250E2
:105E1000D0E78C424B6816BF636013600C46EBE71B
:105E20000C464968CCE7C41C24F00304A04205D00A
:105E3000211A304600F084FC0130CFD02560DBE72A
:105E4000784600207C4600202DE9FF4755EC104B9A
:105E50000D9FDDF830A0002D0E4691461946B8BFC3
:105E600022462B4627F02007BBBF05F100431D4605
:105E700000232D23B8BF1446462F0B7004D0452FA6
:105E800000D10136022100E0032103AB019302ABF4
:105E900000933246534645EC104B01F009F8472F6A
:105EA000804602D119F0010F26D0462F08EB0609D3
:105EB00011D198F80030302B0AD10022002320465F
:105EC0002946FFF7C3FA18B9C6F10106CAF80060FF
:105ED000DAF8003099440022002320462946FFF7D3
:105EE000B5FA38B93022039B4B4505D2591C0391B2
:105EF0001A70F8E7CDF80C90039B0E9AA3EB0803F9
:105F00004046136004B0BDE8F087F7B500290446A9
:105F1000BABF49422D232B23092904F8022B4370D1
:105F200020DD0DF107031F460A2691FBF6F506FB5F
:105F300015113031092D03F8011C03F1FF322946F8
:105F400009DC3031023B02F8011CBB42224604D37B
:105F5000101A03B0F0BD1346E7E713F8012B04F85D
:105F6000012BF2E7302319448370021DC170EFE763
:105F70002DE9F04F8DB00C46DDF8588016461F46CF
:105F8000054601F0E9FE03680493184600F006FD9B
:105F900000230A93D8F800300590073323F0070355
:105FA00003F1080294F818A0D4F800B0C8F8002053
:105FB000D3E90023C4E91223D4E9128929F000436C
:105FC0000793CDF818804FF0FF32A74BDDE90601AB
:105FD000FFF76EFA70BB4FF0FF32A34BDDE906010D
:105FE000FFF748FA30BB0022002340464946FFF73E
:105FF00037FA10B12D2384F843309C4A9C4BBAF1F8
:10600000470F8CBF9046984603232BF00402236170
:1060100022604FF00009009733460BAA214628461C
:1060200000F0E6F9013040F08D804FF0FF300DB008
:10603000BDE8F08F42464B4640464946FFF738FAE6
:1060400010B18C4A8C4BDAE761684B1C4BF48062D0
:106050000AA83ED1062363600023CDE9020309AB01
:10606000009349EC108B0DF123032260CDF804A0BE
:1060700061682846FFF7E8FE0AF0DF03472B8046F9
:1060800009D1099BD81C02DB6268934247DDAAF163
:10609000020A5FFA8AFABAF1650F099924D8013920
:1060A000524604F150000991FFF72FFF0A9A131886
:1060B000012A8146236102DC2268D10701D5013320
:1060C00023619DF82330002BA5D02D2384F8433085
:1060D000A1E7BAF1670F00F07781BAF1470FBBD1A2
:1060E0000029B9D10123B6E7BAF1660F19D1002909
:1060F00063680CDD216113B92268D20702D5013330
:106100000B442361099BA3654FF00009D9E713B93C
:106110002268D00701D50233F3E70123F1E74FF0FE
:10612000670ADDE90932934205DB22682361D10762
:10613000E8D50133E5E7002BD4BFC3F10203012307
:106140001344DEE723685A0507D4236942463146E3
:106150002846B84701302BD167E7BAF1650F40F206
:10616000DC8000220023D4E91201FFF76FF9002838
:1061700033D00123414A31462846B84701303FF425
:1061800054AFDDE909239A4202DB2368D8070FD513
:10619000DDE9042331462846B84701303FF445AFD6
:1061A0004FF0000804F11A090A9B013B434509DC42
:1061B00023689B0700F10381E0680B9B9842B8BFFE
:1061C000184634E701234A4631462846B84701308D
:1061D0003FF42BAF08F10108E6E7099B002B2BDC0D
:1061E0000123264A31462846B84701303FF41DAF07
:1061F000099B23B90A9B13B92368D907D8D5DDE9D0
:10620000042331462846B84701303FF40EAF4FF023
:10621000000904F11A0A099B5B424B4501DC0A9B09
:1062200094E70123524631462846B84701303FF4EF
:10623000FCAE09F10109EEE70A9AA36D9A42A8BFE4
:106240001A46002A914607DD134631464246284643
:10625000B84701303FF4E9AE04F11A034FF0000BE8
:1062600029EAE979069315E0FFFFEF7FE2D4030006
:10627000DED40300EAD40300E6D40300FCA102004C
:106280000123069A31462846B84701303FF4CDAE87
:106290000BF1010BD4F858A0AAEB09035B45EFDC26
:1062A000DDE909239A42D04415DB2368DA0712D4CA
:1062B0000A9B0999A3EB0A02A3EB010A9245A8BF26
:1062C0009246BAF1000F0EDC4FF000082AEAEA7A93
:1062D00004F11A0919E0DDE9042331462846B847DC
:1062E0000130E5D1A1E65346424631462846B8473B
:1062F0000130E9D199E601234A4631462846B8479C
:1063000001303FF492AE08F10108DDE909239B1A40
:10631000A3EB0A034345EEDC4AE70A9A012A01DCB3
:10632000DB073AD50123424631462846B8470130BB
:106330003FF47BAEDDE9042331462846B8470130FF
:1063400008F101083FF471AE0A9B002203F1FF3A05
:10635000D4E912010023FFF779F8C8B95346424641
:1063600031462846B84701300ED15EE60123524639
:1063700031462846B84701303FF457AE08F10108CE
:106380000A9B013B4345F1DC4B4604F15002DEE63B
:106390004FF0000804F11A0AF2E70123DFE70123B6
:1063A0004A4631462846B84701303FF43EAE08F130
:1063B0000108E3680B9A9B1A4345F0DCFCE64FF0BA
:1063C000000804F11909F4E700293FF48BAE00231B
:1063D000CDE9020309AB009349EC108B2260CDF8A4
:1063E00004A00DF123032846FFF72EFD804648E662
:1063F0002DE9F04791461F468A680B69DDF8208039
:106400009342B8BF1346C9F8003091F843200646BE
:106410000C4612B10133C9F800302368990642BF17
:10642000D9F800300233C9F80030256815F00605A8
:1064300007D104F1190AE368D9F800209B1AAB428E
:1064400028DC94F843302268003318BF01239206F9
:106450002DD404F1430239463046C047013020D0E4
:106460002368E568D9F8002003F00603042B08BF71
:10647000AD1AA36822690CBF25EAE5750025934291
:10648000C4BF9B1AED184FF000091A344D451AD1BC
:10649000002008E00123524639463046C04701300B
:1064A00003D14FF0FF30BDE8F0870135C3E7E118B5
:1064B0005A1C302081F84300224494F8451082F899
:1064C00043100233C5E70123224639463046C04710
:1064D0000130E6D009F10109D8E7FFFF2DE9F043CB
:1064E00001F1430C0C46097E85B06E29174606461D
:1064F00098460C9A00F0B38022D8632936D00AD887
:10650000002900F0B980582900F0838004F1420589
:1065100084F8421032E0642901D06929F6D120685C
:106520001368050603F104012AD51B681160002BCE
:1065300003DA2D225B4284F843206F480A2239E0B7
:10654000732900F09D8008D86F2920D07029DDD1F3
:10655000236843F02003236003E0752917D07829CE
:10656000D4D1782384F84530644855E01368191D68
:106570001B68116004F1420584F8423001238CE06D
:106580001B68116010F0400F18BF1BB2CFE71368F3
:106590002568181D1060280601D51B6802E06806F2
:1065A000FBD51B8854486F2914BF0A2208220021FA
:1065B00084F843106568A560002DC0F295802168BD
:1065C00021F004012160002B3DD1002D40F08E8090
:1065D0006546082A0BD12368DB0708D52369626862
:1065E0009A42DEBF302305F8013C05F1FF35ACEBE4
:1065F00005032361CDF800803B4603AA21463046BF
:10660000FFF7F6FE01304DD14FF0FF3005B0BDE889
:10661000F083394884F84510136821681D1D1B68F4
:1066200015600A060BD5CA0744BF41F0200121605E
:106630001BB9226822F0200222601022B7E74D0623
:1066400048BF9BB2EFE76546B3FBF2F102FB1133A3
:10665000C35C05F8013D0B460029F5D1B9E7136885
:1066600025686169181D106028061B6801D519602E
:1066700002E06A06FBD51980002323616546B9E76D
:106680001368191D11601D68626800212846FFF714
:10669000A7FA08B1401B606063682361002384F897
:1066A0004330A7E723692A4639463046C0470130C0
:1066B000AAD023689B0713D4E068039B9842B8BF15
:1066C0001846A3E701234A4639463046C047013001
:1066D0009AD00135E368039A9B1AAB42F2DCEBE7F0
:1066E000002504F11909F5E7002BACD1037884F8F3
:1066F000423004F142056CE7EED40300FFD40300FE
:106700000FB40A4B13B51C6824B1A36913B9204612
:1067100001F076FA05AB049AA1680193204602F0D5
:1067200071F902B0BDE8104004B070477C01002050
:10673000024B0A460146186801F01ABE7C0100208F
:1067400038B5064C0023054608462360F8F75AFB87
:10675000431C02D1236803B12B6038BDC046002022
:106760001F2938B504460D4604D9162303604FF09F
:10677000FF3038BD426C12B152F821304BB920467F
:1067800000F030F82A4601462046BDE8384000F0C7
:1067900017B8012B0AD0591C03D11623036001201E
:1067A000E7E7002442F82540284698470020E0E724
:1067B000024B01461868FFF7D3BF00BF7C010020E1
:1067C00038B5074C0023054608461146236002F001
:1067D000D3FC431C02D1236803B12B6038BD00BF3A
:1067E000C046002002F0C0BC0CB430B5174B0C1EE4
:1067F0009DB01D6808DA8B232B604FF0FF301DB071
:10680000BDE8304002B070474FF40273ADF8143069
:1068100014BF04F1FF332346049307934FF6FF732D
:1068200002900690ADF81630209A21AB02A92846B6
:10683000019301F01DFE431CBCBF8B232B60002C79
:10684000DDD0029B00221A70D9E700BF7C01002036
:106850000EB400B59CB01DAB029006906FF00041E5
:10686000094807910491094953F8042B05910068E0
:10687000019302A901F0FCFD029B00221A701CB0DA
:106880005DF804EB03B070477C0100200802FFFFB5
:106890000EB430B59CB01FAC4FF4017254F8045BD9
:1068A000ADF814200290069000F078F80B4B03909E
:1068B00007900B930A48019400230F9314934FF60B
:1068C000FF73ADF816302A46234602A9006801F08E
:1068D0001FFF1CB0BDE8304003B0704707690200DD
:1068E0007C01002010B50C46B1F90E1002F0F6FA4A
:1068F0000028ABBF636DA3891B1823F48053ACBF82
:106900006365A38110BD002070472DE9F0411F464B
:106910008B89DB0505460C46164605D50223002269
:10692000B1F90E1001F026FAA389B4F90E1023F480
:106930008053A38132463B462846BDE8F04100F033
:1069400007BA10B50C46B1F90E1001F013FA431C4A
:10695000A38915BF606523F4805343F48053A3815A
:1069600018BFA38110BDB1F90E1000F003BAC9B26F
:10697000034610F8012B1AB18A42F9D11846704724
:10698000002918BF0023F9E710F8012B11F8013B8B
:10699000012A28BF9A42F7D0D01A7047034613F84D
:1069A000012B002AFBD1181A0138704710B56AB1C3
:1069B0000139841810F8013B11F8012F934203D1DB
:1069C000A04201D0002BF5D1981A10BD1046FCE76B
:1069D00070B50139044602B970BD234611F8015F54
:1069E00003F8015B561E2DB91444A342F4D003F8FA
:1069F000015BFAE71C463246EDE7F0B503787BB160
:106A0000044623782046661C7BB14A1E631E12F89A
:106A1000015F4DB113F8017FAF423446F7D0F0E784
:106A20000B78002B18BF0020F0BD1846FCE72DE9BD
:106A3000F0478046894692461E460F463D460898D6
:106A400015F8014BFFF734F82044437813F008039E
:106A500032D12D2C32D17C78BD1C0122002E5DD08C
:106A6000102E09D1302C07D12B7803F0DF03582BDF
:106A70004FD16C7810260235002A14BF4FF0004128
:106A80006FF000410027B1FBF6FC384606FB1C1EE8
:106A9000A4F13003092B17D81C46A64223DD7B1C2A
:106AA00007D084451CD301D1A64519DB00FB064065
:106AB000012715F8014BEBE72F46BFE72B2C04BF4E
:106AC000BD1C7C781A46C9E7A4F14103192B01D8F3
:106AD000373CE2E7A4F16103192B04D8573CDCE70B
:106AE0004FF0FF37E5E77B1C08D12223C8F80030C0
:106AF0000846BAF1000F07D1BDE8F08702B1404265
:106B0000BAF1000FF8D00FB105F1FF39CAF80090C3
:106B1000F2E73024002EAFD10826ADE7302CA3D009
:106B20000A26A9E737B5064C064D2468246A002CCE
:106B300008BF2C460094FFF77AFF03B030BD00BFBA
:106B40007C010020E0010020084B37B51C68084D8F
:106B5000236A002B08BF2B46009313460A460146C2
:106B60002046FFF764FF03B030BD00BF7C0100206A
:106B7000E00100202DE9F0478046894692461E46F6
:106B80000F463D46089815F8014BFEF791FF20444B
:106B9000437813F0080330D12D2C30D17C78BD1C04
:106BA0000121002E5CD0102E09D1302C07D12B787A
:106BB00003F0DF03582B4ED16C78102602354FF0CE
:106BC000FF320023B2FBF6F206FB02FC6FEA0C0C6C
:106BD0001846A4F13007092F17D83C46A64223DDFA
:106BE000002B1EDB82421CD301D1A44519DB00FB24
:106BF0000640012315F8014BEBE72F46C1E72B2C8C
:106C000004BFBD1C7C781946CBE7A4F14107192FBE
:106C100001D8373CE2E7A4F16107192F04D8573CAB
:106C2000DCE74FF0FF33E5E7002B09DA2223C8F851
:106C300000304FF0FF30BAF1000F07D1BDE8F08708
:106C400001B14042BAF1000FF8D00BB105F1FF39A4
:106C5000CAF80090F2E73024002EB0D10826AEE743
:106C6000302CA4D00A26AAE737B5064C064D246876
:106C7000246A002C08BF2C460094FFF77BFF03B06A
:106C800030BD00BF7C010020E001002010B50446AB
:106C9000FEF712FF2044437803F00303012B08BFE3
:106CA0002034204610BD10B50446FEF705FF2044F1
:106CB000437803F00303022B08BF203C204610BD9D
:106CC00030B5141E05469BB0184605DA8B232B60A1
:106CD0004FF0FF301BB030BD4FF40273ADF80C30F5
:106CE00014BF04F1FF332346029305934FF6FF735D
:106CF00000910491ADF80E3002461E9B694628466D
:106D000001F0B6FB431CBCBF8B232B60002CE1D0F1
:106D1000009B00221A70DDE707B5009313460A4670
:106D2000014603480068FFF7CBFF03B05DF804FBA2
:106D30007C01002049B1FF2A85BF8A2303600A70C5
:106D40004FF0FF3098BF0120704708467047FFFFA3
:106D500038B5074C054608461146002222601A46FF
:106D6000F2F782FD431C02D1236803B12B6038BDCA
:106D7000C046002038B5064C00230546084623606F
:106D8000F2F756FD431C02D1236803B12B6038BDD6
:106D9000C04600202DE9F74F03690C69A3428046E5
:106DA000C0F28280013C01F114074FEA840C00F12B
:106DB000140657F8245056F8240006EB0C0301354E
:106DC00007EB0C090193B0FBF5F595B34FF0000A02
:106DD0003846B646D34650F8042B93B205FB03A3BE
:106DE0004FEA134A9BB2ABEB0303120CDEF800B080
:106DF00005FB02A213FA8BF34FEA124A1FFA82FB39
:106E0000DEF80020CBEB124202EB23429BB243EAB6
:106E1000024381454FEA224B4EF8043BDBD256F841
:106E20000C3033B9019B043B9E421A4630D3C8F85C
:106E30001040404601F0C8F9002825DB01353046F6
:106E40004FF0000C57F8042BD0F800E093B2ACEBF5
:106E50000303120C13FA8EF3C2EB1E4202EB234221
:106E60009BB243EA0243B9454FEA224C40F8043B47
:106E7000E8D256F8242006EB84032AB9043B9E424C
:106E80001A460BD3C8F81040284603B0BDE8F08F6F
:106E90001268043B002ACAD1013CC5E71268043BD2
:106EA000002AEFD1013CEAE70020EEE7FFFFFFFFF9
:106EB0002DE9F04F57EC106B97B0456A06910446E8
:106EC0000B921293DDF88080CDE900673DB9102068
:106ED000FEF764FE6062C0E901550560C560636A43
:106EE000196851B15A684A60012393408B6020466B
:106EF00000F088FF636A00221A603B1EBBBF23F0CC
:106F00000043019300230122ACBFC8F80030C8F849
:106F10000020AF4BDDF8048033EA080314D1129A45
:106F200042F20F731360009B23B9C8F313000028CB
:106F300000F04285219BDFF8ACB2002B00F04485C5
:106F40000BF1030300F03EBDDDE9006700220023E2
:106F500030463946FEF77AFA814668B1129A012323
:106F60001360219B002B00F024859A4B219A03F19A
:106F7000FF3B136000F028BD14AA15A947EC106B65
:106F8000204601F098F9C8F30A550490002D7CD0F2
:106F9000C7F3130343F07F5BB2464BF4401BA5F2EB
:106FA000FF35CDF84C9000228B4B50465946FDF7EB
:106FB0002DFE81A3D3E90023FDF7E0FF80A3D3E9F1
:106FC0000023FDF725FE064628460F46FDF76CFF19
:106FD0007DA3D3E90023FDF7D1FF02460B463046DF
:106FE0003946FDF715FE06460F46FEF777FA0022F2
:106FF0008246002330463946FEF732FA48B1504601
:10700000FDF752FF32463B46FEF720FA08B90AF177
:10701000FF3ABAF1160F59D8704901EBCA01DDE900
:107020000023D1E90001FEF739FA002850D00AF117
:10703000FF3A00230F93149B5D1BB5F1010849BF74
:10704000C5F10103002305934FF0000858BF0593D5
:10705000BAF1000F3EDB0023D044CDF838A00793EF
:10706000069B092B00F29080052BC4BF043B0693BE
:10707000069BA3F10203CCBF00250125032B00F2E0
:107080008F80DFE803F07D7F3171DDE914531D440B
:1070900005F23240202813DDC0F14000009B08FAC1
:1070A00000F805F2124023FA00F048EA0000FDF76C
:1070B000EBFE01238246A1F1F87B013D139372E7B9
:1070C000009BC0F1200003FA00F0F0E70123B1E7D4
:1070D0000F90B0E7059BA3EB0A030593CAF10003E9
:1070E000079300230E93BBE701230A930B9B002B0E
:1070F00059DD02939946666A00227260042202F109
:1071000014009842716853D9204600F047FE636A24
:107110003060B9F10E0FD3F800B000F2E680002D18
:1071200000F0E3809DED007BBAF1000F8DED107B48
:1071300074DD2A4A0AF00F0302EBC30393ED007BD0
:107140004FEA2A16F0068DED087B65D5244BDDE964
:107150001001D3E90823FEF73BF8CDE9000106F062
:107160000F0603251E4F4CE001230A930B9B53444B
:1071700003F1010902934B46012BB8BF0123BAE783
:107180000023B2E70023F0E70125002306930A95C8
:107190004FF0FF3302939946002212230B92AAE785
:1071A00001230A93F4E70123029399461A46F5E76F
:1071B000013171605200A2E761436F63A787D23F3C
:1071C000B3C8608B288AC63FFB799F501344D33FD6
:1071D0000000F07FFDA102000000F83FA8D60300E8
:1071E00080D603001AD60300F10708D5DDE90801AF
:1071F000D7E90023FDF7C2FECDE90801013576107D
:107200000837002EF0D1DDE90823DDE90001FDF7A4
:10721000DFFFCDE900011AE00225A3E700F0A0801E
:10722000CAF100069F4BA04F06F00F0203EBC2030A
:10723000D3E90023DDE91001FDF7A0FECDE900014F
:10724000361100230225002E7FD1002BE1D10F9BA8
:10725000002B00F08780DDE900670022934B304669
:107260003946FEF7FDF800287CD0B9F1000F79D03F
:10727000029B002B35DD0AF1FF33089339460022CB
:107280008B4B3046FDF77AFECDE90001029F0135B8
:107290002846FDF709FEDDE90023FDF76FFE002219
:1072A000844BFDF7B5FC0546A1F15076002F5DD16A
:1072B0000022814BDDE90001FDF7A8FC2A46334698
:1072C000CDE90001FEF7EAF8002840F088822A465E
:1072D00006F10043DDE90001FEF7C2F8002840F0A6
:1072E0007C82DDE91023CDE90023159B002BC0F241
:1072F0005081BAF10E0F00F34C816A4B03EBCA03C5
:1073000093ED007B0B9B002B8DED027B80F2D880F0
:10731000B9F1000F00F3D48040F05E820022664B8A
:1073200051EC170BFDF72AFEDDE90023FEF7ACF860
:107330004F464E46002840F0348231230BF10105C0
:107340008BF800300AF1010A2FE2F20705D5D7E9E0
:107350000023FDF713FE013501237610083772E78D
:10736000022574E7CDF820A04F4691E74D4B03EB83
:10737000C70353E902010A9B002B47D002460B4684
:1073800000204E49FDF724FF2A463346FDF73EFC18
:10739000CDE90C015D46DDE90001FEF79FF80646E8
:1073A000FDF782FD02460B46DDE90001FDF72EFCEC
:1073B000303605F8016BDDE90C23CDE90001FEF75D
:1073C0004FF8002863D1DDE9002300203749FDF79D
:1073D0001DFCDDE90C23FEF743F8002840F0B780E0
:1073E000A5EB0B039F427FF77CAF0022304BDDE91A
:1073F0000C01FDF7C3FD0022CDE90C012C4BDDE9AA
:107400000001FDF7BBFDCDE90001C4E72A46334684
:10741000FDF7B4FDCDE90C010BEB07055E46DDE998
:107420000001FEF75BF80746FDF73EFD30370246E8
:107430000B46DDE90001FDF7E9FB06F8017BAE42F2
:10744000CDE900014FF0000226D11C4BDDE90C0113
:10745000FDF7DEFB02460B46DDE90001FEF71EF8F4
:10746000002874D1DDE90C2300201449FDF7CEFB80
:1074700002460B46DDE90001FDF7F2FF00283FF46C
:1074800030AF15F8013C302B05F1FF3202D0DDF8AA
:1074900020A04AE01546F4E7054BFDF76FFDCDE966
:1074A0000001BCE7A8D6030080D603000000F03F2F
:1074B0000000244000001C40000014400000E03F99
:1074C000DDE900675D46DDE9022330463946FDF718
:1074D0007FFEFEF703F88046FDF7E6FCDDE90223B8
:1074E000FDF74CFD02460B463046394608F13006A2
:1074F000FDF78CFB05F8016BA5EB0B06B1450246C9
:107500000B4639D1FDF784FBDDE9022306460F4621
:10751000FDF7C4FFC8B9DDE9022330463946FDF75F
:1075200095FF10B118F0010F0FD10499204600F01B
:1075300069FC0023129A2B700AF101031360219B4E
:10754000002B00F041821D603EE2CDF820A015F82E
:10755000012C392A05F1FF3308D19B450AD1089B3C
:107560000133089330238BF800305B461A780132E0
:107570001A708CE71D46EAE700229B4BFDF7FEFCE4
:107580000022002306460F46FDF760FF00289AD030
:10759000CBE70A9A002A00F08B80069A012A6EDC5B
:1075A000139A002A67D003F23343079F059D059A7B
:1075B00001211A4420460592984400F0C3FC064677
:1075C000002D0CDDB8F1000F09DD4545059A2B466D
:1075D000A8BF4346D21A0592ED1AA8EB0308079BF1
:1075E000EBB10A9B002B67D08FB131463A4620465B
:1075F00000F048FD049A01460646204600F0ABFC28
:1076000004990890204600F0FDFB089B0493079B1B
:10761000DA1B04D00499204600F034FD04900121C7
:10762000204600F08FFC0E9B0746002B00F0D08117
:107630001A460146204600F025FD069B012B074611
:1076400040DC009B002B39D1019BC3F31303002BBB
:1076500036D1019B23F000431B0D1B052BB1059B6D
:107660000133059308F10108012307930E9B002BBA
:107670002AD1012030E0149BC3F1360395E7079B24
:1076800009F1FF37BB42BFBF079B0797FA1A0E9B52
:10769000BBBF9B180E93DF1B0027B9F1000FB5BFCE
:1076A000059B059DA3EB09054B46B8BF00237EE76C
:1076B000079F059D0A9E83E7079AABE70023D4E75F
:1076C000009BD2E7002307933B6907EB830318690C
:1076D00000F0EAFBC0F12000404410F01F0047D04A
:1076E000C0F12003042B3BDD059BC0F11C000344CB
:1076F000059305448044059B002B05DD1A4604993B
:10770000204600F00DFD0490B8F1000F05DD39466C
:107710004246204600F004FD07460F9B53B339460E
:10772000049800F051FD002824DA00230A2204996D
:10773000204600F07EFB0A9B04900AF1FF3A002BE2
:1077400000F04D81002331460A22204600F071FBF3
:10775000029B002B06464FDC069B022B4CDD11E002
:10776000C9D0059A1C331A4405921D449844C2E7B7
:107770000346F6E7B9F1000F38DC069B022B35DD36
:10778000CDF80890029B63B939460522204600F0E7
:1077900050FB01460746049800F016FD00283FF70D
:1077A000CCAD0B9B5D466FEA030A4FF000093946EA
:1077B000204600F027FB002E3FF4B7AEB9F1000FD2
:1077C00005D0B14503D04946204600F01BFB3146A9
:1077D000204600F017FBA8E600273E46E1E7DDF86B
:1077E00020A03E46A9E500BF000024400A9BCDF83A
:1077F0000890002B00F0FA80002D05DD31462A4666
:10780000204600F08DFC0646079B002B4CD071688B
:10781000204600F0C3FA326902320546920006F1B2
:107820000C010C30FEF73BFA01222946204600F0FD
:1078300077FC009BCDF814B003F00103B146079329
:10784000064639460498FFF7A5FA4946054600F171
:107850003008049800F0B8FC3246009039462046C3
:1078600000F0CCFCC368024603BB014608900498B4
:1078700000F0AAFC089A034611462046089300F03F
:10788000C1FA089BA3B9069A92B9079A82B9B8F1CE
:10789000390F29D0009B002B01DD05F13108059B34
:1078A0005D1C83F8008082E73046C2E70123E3E7EE
:1078B000009A002A04DB25D1069A1ABB079A0ABB54
:1078C000002BECDD01220499204600F029FC39460A
:1078D000049000F079FC002803DCE0D118F0010FDF
:1078E000DDD0B8F1390FD8D1059B059A5D1C39233D
:1078F000137015F8013C392B05F1FF324FD00133DD
:10790000137054E7059A002B02F1010506DDB8F16A
:10791000390FE9D008F10108059BC2E7029A05F882
:10792000018CA5EB0B03934221D000230A2204997A
:10793000204600F07EFAB14504904FF000034FF06E
:107940000A024946204605D100F073FA81460646F0
:10795000059576E700F06DFA3146814600230A224C
:10796000204600F066FA0646F2E74FF000090122D1
:107970000499204600F0D4FB3946049000F024FC22
:107980000028B6DC02D118F0010FB2D115F8013C85
:10799000302B05F1FF327FF40AAF1546F6E7934529
:1079A00005D131230AF1010A8BF80030FFE61546B4
:1079B0009FE7DFF864B007E0219BDFF860B01BB100
:1079C0000BF10803219A1360584617B0BDE8F08FF9
:1079D000069B012B7FF735AE0E9B079349E6029B72
:1079E000002B03DC069B022B3FF7CCAE5D463946ED
:1079F0000498FFF7CFF900F1300805F8018B029ADF
:107A0000A5EB0B039A42B0DD00230A22049920461D
:107A100000F00FFA0490EAE7FCA1020011D603007F
:107A20008A892DE9F041054610070C4658D44B6869
:107A3000002B05DC0B6C002B02DC0020BDE8F08184
:107A4000E66A002EF9D0002312F480522F68216AD2
:107A50002B6032D0606DA3895A0705D56368C01AC0
:107A6000636B0BB1236CC01A00230246E66A216ADD
:107A70002846B047431CA38906D129681D2948D848
:107A8000294ACA40D60744D500226260D904226937
:107A9000226004D5421C01D12B6803B96065616B7B
:107AA0002F600029C9D004F14403994202D028462E
:107AB000FEF722F900206063C0E701232846B047A3
:107AC000411CC8D12B68002BC5D01D2B01D0162B13
:107AD00001D12F60B1E7A38943F04003A381ADE753
:107AE0000F69002FA9D093070E6808BF4B690F607C
:107AF00018BF0023A6EB07088B60B8F1000F9CDDD0
:107B000043463A46216AA66A2846B047002806DC62
:107B1000A38943F04003A3814FF0FF308EE7074471
:107B2000A8EB0008E9E700BF0100402038B50B6969
:107B300005460C46DBB118B183690BB900F060F85B
:107B40000C4B9C4209D16C68B4F90C307BB12146D6
:107B50002846BDE83840FFF763BF074B9C4201D180
:107B6000AC68F1E7054B9C4208BFEC68ECE70020ED
:107B700038BD00BF40D6030060D6030020D6030006
:107B8000002310B50446C0E9003383608181436659
:107B9000C281C0E904338361194608225C30FEF7D4
:107BA000A2F8054B6362054BA362054BE362054BEC
:107BB0002462236310BD00BFE56802000B69020068
:107BC0004369020067690200014900F097B800BFED
:107BD0002D7B020070B54A1E682555430E4605F1FF
:107BE0007401FEF7D7F8044640B10021C0E9001641
:107BF0000C30A06005F16802FEF775F8204670BDF4
:107C0000836910B5044633BBC0E912330365124BD8
:107C1000124A1B688262984204BF0123836100F00C
:107C20001FF86060204600F01BF8A060204600F0BE
:107C300017F80022E06004216068FFF7A1FF01222D
:107C40000921A068FFF79CFF02221221E068FFF7DC
:107C500097FF0123A36110BDD4D40300C97B0200A8
:107C6000F8B51B4B1E68B369074613B93046FFF7DA
:107C7000C7FF4836D6E90134013B03D5336833B139
:107C80003668F7E7B4F90C506DB16834F4E70421B5
:107C90003846FFF79FFF30600028F1D10C233B608E
:107CA00004462046F8BD0B4B6566C4E90055A56047
:107CB000C4E90335C4E905550822294604F15C00EE
:107CC000FEF711F8C4E90D55C4E91255E9E700BF04
:107CD000D4D403000100FFFF38B5074C002305464C
:107CE000084611462360F1F74BFE431C02D123687E
:107CF00003B12B6038BD00BFC04600202DE9F8431A
:107D00008046894600F14804002614B93046BDE893
:107D1000F883D4E90175013F01D52468F5E7AB8903
:107D2000012B07D9B5F90E30013303D0294640465F
:107D3000C84706436835EEE738B5064C00230546CC
:107D400008462360F1F7E0FD431C02D1236803B12C
:107D50002B6038BDC0460020044B1B68186A044BDA
:107D6000002808BF1846F030704700BF7C01002093
:107D7000E001002038B5074C0546084611460022B0
:107D800022601A46F1F7DCFD431C02D1236803B1DF
:107D90002B6038BDC04600207047704770B5456AFB
:107DA00004460E463DB91020FDF7F8FE6062C0E9BA
:107DB00001550560C560656AEB6883B1636ADB687D
:107DC00053F82600B8B9012101FA06F56A1D9200A0
:107DD000204600F0BFFA60B1C0E901650EE0212243
:107DE0000421204600F0B6FA636AE860DB68002BE5
:107DF000E4D1002070BD026843F826200023C0E9CA
:107E00000333F7E770B5446A06460D463CB91020C7
:107E1000FDF7C4FE7062C0E901440460C4603DB176
:107E2000736A6A68DB6853F82210296043F82250AD
:107E300070BD2DE9F0410D691F4606460C4601F163
:107E4000140C0023DCF8000081B202FB01710F0C5E
:107E5000000C02FB007089B2013301EB00419D422E
:107E60004FEA10474CF8041BECDCD7B1A368AB42D7
:107E700012DC616830460131FFF790FF226902325F
:107E800004F10C01804692000C30FDF708FF2146FA
:107E90003046FFF7B7FF444604EB850301355F61C9
:107EA00025612046BDE8F081020C12040346B2B9F8
:107EB0000304102013F07F4F04BF1B02083013F09F
:107EC000704F04BF1B01043013F0404F04BF9B00F0
:107ED0000230002B06DB5B0003D501307047002029
:107EE000E8E720207047036813F0070201460BD033
:107EF000DA0723D4980749BF5B089B0801200B6071
:107F00005CBF0B600220704798B2A8B91B0C102010
:107F100013F0FF0F04BF1B0A08301A0704BF1B0928
:107F200004309A0704BF9B080230DA0702D45B08CA
:107F300006D001300B6070471046E9E7002070471B
:107F40002020704710B50C460121FFF727FF0122C2
:107F50004461026110BD2DE9F74F14460A69236997
:107F60009A42B8BF0B468846BCBFA0461C46D8F80C
:107F70001070D4F81090D8F80830D8F8041007EB37
:107F80000906B342B8BF0131FFF708FF00F114053D
:107F900005EB860E2B460022734516D304F114021E
:107FA00008F1140102EB890301EB87070093009BA2
:107FB000019293420CD8002E03DD5EF8043D002BA5
:107FC0005DD0066103B0BDE8F08F43F8042BE3E712
:107FD000B2F800B0BBF1000F23D08946AC464FF099
:107FE000000859F8044BDCF800A0A3B21FFA8AFA83
:107FF0000BFB03A34FEA144ADCF8004043444FEA6A
:1080000014480BFB0A8404EB1344E2469BB243EA98
:1080100004434F454FEA14484AF8043B2BD8CCF8A8
:108020000480019BB3F802A00432BAF1000F20D003
:108030002B688946A8464FF0000BB9F800C0B8F885
:1080400002400AFB0C445C44C4469BB243EA04432E
:108050004CF8043B59F8043BB8F804B01B0C0AFB7D
:1080600003B303EB14434F454FEA134B05D8C8F84D
:10807000043004359BE7D446B3E7E046DDE7013E34
:1080800099E7FFFF2DE9F843154612F00302064673
:108090000F4607D0013A214C002354F82220FFF765
:1080A000C8FE0746AD1035D0746A3CB91020FDF704
:1080B00075FD7062C0E901440460C460D6F8248094
:1080C000D8F808404CB940F271213046FFF73AFF2A
:1080D0000023C8F80800044603604FF00008EB07CF
:1080E0000AD5394622463046FFF735FF39468146E4
:1080F0003046FFF787FE4F466D100BD0206838B929
:10810000224621463046FFF726FF2060C0F8008057
:108110000446E4E73846BDE8F88300BF70D70300A3
:108120002DE9F0470C464FEA621A236949680AEBC9
:108130000309A3680746164609F10105AB4232DB85
:108140003846FFF72BFE0023804600F114011A4643
:1081500053452BDB20692AEAEA7A04F1140316F06E
:108160001F0201EB8A0103EB800C25D0C2F1200E27
:1081700000201E688A46964030434AF8040B53F8A4
:10818000040B9C4520FA0EF014D8486008B109F1A0
:108190000205013D3846C8F810502146FFF732FE6F
:1081A0004046BDE8F08701315B00C7E741F8232076
:1081B0000133CDE75146DCE7043953F8042B41F88D
:1081C000042F9C45F9D8E4E703690A699B1A30B586
:1081D0000CD19200143014318418114454F8045D09
:1081E00051F8042D954203D005D30123184630BD24
:1081F000A042F3D3FAE74FF0FF33F7E72DE9F0475A
:108200000D460746114628461446FFF7DDFF061EB9
:1082100008D131463846FFF7C1FD0123C0E90436D5
:10822000BDE8F087A4BF23462C4638466168A6BF48
:108230001D4600260126FFF7B1FD2B69C6602669A1
:1082400005F1140904F1140202EB860709EB830817
:1082500000F114054FF0000E52F804AB59F8044B2E
:108260001EFA8AF1A3B2C91A230CC3EB1A4303EB1B
:10827000214389B24FEA234EC84541EA034394465D
:1082800045F8043BE8D8BC4504D355F8043D83B118
:108290000661C5E75CF8041B1EFA81F31A1402EBB1
:1082A00011429BB243EA02434FEA224E45F8043B97
:1082B000E9E7013EE9E72DE9F7430E46012159ECD4
:1082C000108B1546FFF76AFDC9F30A540746C9F338
:1082D000130334BB0193B8F1000327D002A840F880
:1082E000083DFFF700FE0099F0B1019AC0F12003AC
:1082F00002FA03F30B43C2407B610192019BBB6115
:10830000002B14BF022101213961C4B1A4F233440E
:1083100004443460C0F135002860384603B0BDE83D
:10832000F08343F48013D5E77961E7E701A8FFF70D
:10833000DAFD019B7B61012139612030E5E707EB24
:108340008103A0F2324030601869FFF7ADFDC0EB49
:108350004110E1E738B502FB01F42146FDF71AFDB3
:10836000054618B122460021FDF7BDFC284638BD60
:10837000F8B5074614460E4621B91146BDE8F84047
:10838000FDF708BD22B9FDF7B7FC25462846F8BD24
:1083900000F0E2FEA0420FD221463846FDF7FAFC7B
:1083A00005460028F2D031462246FDF778FC3146DA
:1083B0003846FDF7A1FCE9E73546E7E72DE9F04748
:1083C0008E689E4282460C469046994637D88A89E6
:1083D00012F4906F31D0256809696F1A656902231C
:1083E00005EB450595FBF3F509F101033B449D427F
:1083F00038BF1D46530530D52946FDF7CBFC064650
:1084000050B90C23CAF80030A38943F04003A3817C
:108410004FF0FF30BDE8F0873A462169FDF73FFC99
:10842000A38923F4906343F08003A38126616561EF
:108430003E44ED1B2660A5604E464E4500D94E4693
:10844000324641462068FDF735FCA3689B1BA360BC
:1084500023681E4426600020DCE72A46FFF788FFD9
:1084600006460028E2D121695046FDF745FCC8E7E1
:108470002DE9F04F9DB0804603938B891D060C4675
:1084800016460FD50B696BB94021FDF783FC2060C0
:10849000206128B90C23C8F800304FF0FF30C7E046
:1084A000402363610023099320238DF82930302372
:1084B0008DF82A304FF0010B37463D4615F8013B49
:1084C0000BB1252B3ED1B7EB060A0BD053463246F3
:1084D00021464046FFF772FF013000F0A480099B5F
:1084E000534409933B78002B00F09D8000234FF00C
:1084F000FF32CDE90523049307938DF853301A9387
:108500002F46052217F8011B4F48FDF769FB049B16
:10851000D0B9D90644BF20228DF853201A0744BF92
:108520002B228DF853202A782A2A15D0079A2F4615
:1085300000200A25394611F8013B303B092B4DD963
:10854000B8B10FE02F46B8E73F4A801A0BFA00F0A7
:10855000184304903D46D3E7039A111D1268039116
:10856000002A01DB079204E0524243F00203079223
:1085700004933B782E2B0CD17B782A2B33D1039B91
:108580001A1D1B680392002BB8BF4FF0FF33023750
:1085900005932E4D397803222846FDF721FB38B18B
:1085A0004023401B03FA00F0049B0343013704936C
:1085B000397827488DF8281006227E1CFDF710FB1D
:1085C000002838D0234B13BB039B073323F007034A
:1085D00008330393099B4B4409936DE705FB023273
:1085E00001200F46A6E700230137059319460A2507
:1085F000384610F8012B303A092A03D9002BC8D08D
:108600000591C6E705FB012101230746F0E703AB0F
:1086100000932246104B04A94046FDF7A9FCB0F197
:10862000FF3F8146D6D1A3895B063FF536AF099857
:108630001DB0BDE8F08F03AB00932246064B04A9A2
:108640004046FDF74BFFEAE77CD7030082D70300E3
:1086500086D70300715F0200BD83020038B54B1C52
:10866000144603D14FF0FF35284638BD938923F0D7
:1086700020039381636B5268CDB28BB1A36B93429D
:1086800008DD23685A1E226003F8015C6368013329
:108690006360E9E7214600F065FC0028F1D0E1E7DE
:1086A0002169236851B1994208D213F8011CA942EB
:1086B00004D1013B013223606260D5E7C4E90F3287
:1086C00004F1440363630323A363234603F8465F73
:1086D00023600123DCE710B50C46496B69B104F156
:1086E0004403994201D0FDF707FB236C636000202F
:1086F000606313B1E36B236010BD23692360002323
:108700006360A38943F02003A3814FF0FF30F3E7B8
:108710002DE9F04FADF5257D0DF10C0801930023F7
:10872000469347939E4BA293DFF87C929D4BCDF8E6
:10873000208106460C469246A3930A279AF80030F9
:10874000002B00F02A815546FDF7B6F915F801BB5C
:108750005844437813F008031CD06368002B12DDE3
:10876000FDF7AAF923681A7810444278120701D459
:10877000AA46E3E7479A0132479262680133013A19
:1087800062602360E9E7A39B2146304698470028B2
:10879000E6D0EDE7BBF1250F40F08280459343938F
:1087A0009AF801302A2B03D1102343930AF10205D2
:1087B000AA4615F8011BA1F13002092A22D9032289
:1087C0007948FDF70DFA38B1A0EB09030120984074
:1087D000439B18434390AA469AF80030672B0AF14E
:1087E00001052BD8652B80F09F80472B10D8452B97
:1087F00080F09A80002B6CD0252B51D00323499315
:10880000449727E0459B07FB0313303B4593CFE795
:108810005B2B6AD00CD8582BF0D1439A42F40072EB
:108820004392102244926E2B8CBF0423032310E04A
:10883000632B65D0642BE1D14497F4E7702B4BD0C8
:1088400026D86E2B62D04CD8692BD7D10023449305
:10885000032349936368002B68DD439B590607D4C3
:10886000FDF72AF923681A7810444278120764D475
:10887000499B022B73DC01AB224643A9304600F032
:10888000D5F9012800F0898002287FF471AF1DE03E
:10889000752BD1D0782BC0D0732BAFD10223D8E762
:1088A0006368002B0CDD23681A785A4575D10133B3
:1088B00062682360479B013A01336260479357E740
:1088C000A39B2146304698470028ECD046980028C4
:1088D00059D14FF0FF305CE0439A42F020024392BE
:1088E0009BE7082344930423B3E72946404600F05E
:1088F00007FB439B43F04003439305460123A8E74E
:10890000439B43F0400343930023A2E74398C306ED
:108910003FF52EAF019B479A191D01911B68C007B7
:108920004CBF1A801A6023E7052392E7A39B2146D8
:1089300030469847002890D0C8E7479A01324792BE
:108940006268013A002A626002DD0133236087E732
:10895000A39B214630469847002881D0B6E7042BD8
:1089600006DC01AB224643A9304600F0C3F988E794
:108970000E4B002B3FF4FCAE01AB224643A9304620
:10898000AFF300807DE7A38913F0400F18BF4FF0CD
:10899000FF300DF5257DBDE8F08F4698F9E700BF63
:1089A0005D860200D786020082D703000000000027
:1089B0009368013B002B10B4936008DA9469A342DA
:1089C00001DB0A2903D15DF8044B00F005BB1368F5
:1089D000581C1060197008465DF8044B7047F8B5D4
:1089E00006460F461446D518AC4201D1002007E0D8
:1089F0003A4614F8011B3046FFF7DAFF431CF3D167
:108A0000F8BDFFFF2DE9F04F9DB00C4617460393CC
:108A1000064618B183690BB9FFF7F2F87B4B9C420D
:108A200057D17468A38918075DD52369002B5AD0E4
:108A30000023099320238DF8293030238DF82A3024
:108A40004FF0010BB846454615F8013B0BB1252BFD
:108A500054D1B8EB070A0BD053463A46214630466C
:108A6000FFF7BDFF013000F0C280099B534409931A
:108A700098F80030002B00F0BA8000234FF0FF324E
:108A8000CDE90523049307938DF853301A93A84634
:108A9000052218F8011B5E48FDF7A2F8049B78BB7D
:108AA000D90644BF20228DF853201A0744BF2B2239
:108AB0008DF853202A782A2A2AD0079AA84600201F
:108AC0000A25414611F8013B303B092B69D960B3B7
:108AD00024E0504B9C4201D1B468A3E74E4B9C422A
:108AE00008BFF4689EE72146304600F0C7FA002828
:108AF0009ED04FF0FF301DB0BDE8F08FA846A2E732
:108B0000434A801A0BFA00F0184304904546BEE72A
:108B1000039A111D12680391002A01DB079204E0F9
:108B2000524243F002030792049398F800302E2B30
:108B30000ED198F801302A2B38D1039B1A1D1B68DF
:108B40000392002BB8BF4FF0FF3308F102080593E2
:108B5000324D98F8001003222846FDF741F840B145
:108B60004023401B03FA00F0049B034308F1010873
:108B7000049398F800102A488DF82810062208F16E
:108B80000107FDF72DF8002837D0264B1BBB039BB0
:108B9000073323F0070308330393099B4B440993DE
:108BA00050E705FB0232012088468AE7002308F1DE
:108BB0000108059319460A25404610F8012B303A62
:108BC000092A03D9002BC3D00591C1E705FB012178
:108BD00001238046F0E703AB00932246124B04A921
:108BE0003046FDF7C5F9B0F1FF3F8146D5D1A389E5
:108BF0005B063FF57EAF09987DE703AB0093224605
:108C0000094B04A93046FDF769FCECE740D60300A8
:108C10007CD7030060D6030020D6030082D7030070
:108C200086D70300715F0200DF8902002DE9F04161
:108C300015468A6880460C4632B98A69002A14BFF4
:108C40004FF0FF3201228A602268D1065FBF1A68A6
:108C5000111D196017680026A369DBB1012B07D12C
:108C60002B6862691B78D35CA3B9002E32D106E071
:108C7000022B07D0002E2DD1A369012B2AD1012070
:108C8000BDE8F081FCF718FF2B681B781844437887
:108C90001B07EFD42368DA065EBF2B681B783B7096
:108CA0002A686B6802F101022A60A26803F1FF33AF
:108CB00002F1FF326B6006F1010658BF0137A26076
:108CC00042B1002BC8DCD4F8803129464046984791
:108CD0000028C1D0236813F0100305D1E2680132E7
:108CE000E260A26902B13B7023691E442661002044
:108CF000C6E7FFFF2DE9F04F9A46744B0C468346BA
:108D0000164693E8070087B003ABA76883E807001F
:108D10006F4BA1696F4A032908BF1A467B1EB3F542
:108D2000AE7F84BF40F25D13A3602368009243F4DA
:108D3000506388BF6FF4AE7504F11C0923608CBFCB
:108D40007F1900274B464FF000080193316803ABB1
:108D5000022253F828000978FCF742FF019B30B348
:108D6000B8F1010F5AD162682AB92268082142F489
:108D7000007261602260226822F4A0622260A26810
:108D8000511EA1609AB13268511C316012781A707C
:108D90005D1C7368013B002B736007DCD4F88031E5
:108DA000314658469847002840F086802B4608F107
:108DB0000108B8F1030FC8D162680AB90A226260DB
:108DC0006268454960690193891A00F099F8019B2E
:108DD0004FF000081D46A3682268002B3AD0316886
:108DE000606991F800C010F80C00002832D0BCF186
:108DF000300F21D110051FD508F1010817B101333B
:108E0000013FA3607368013B002B73601BDD336877
:108E100001333360A368013BA360DCE7B8F1020FC4
:108E2000ADD1226802F4C061B1F5007FBFD110213D
:108E3000616042F48072A1E722F4106222600B7834
:108E40002B700135DEE7D4F880313146584698471B
:108E50000028DFD02368D9050CD54D4508D915F871
:108E6000011CD4F87C313246584698476F1E3D4667
:108E70004D4529D0226812F0100213D12A70636880
:108E8000009E49465846B047DAF8003021681A1D5E
:108E9000CAF8002011F0200F1B6810D01860E3689A
:108EA0000133E360A5EB0905A84425694544256124
:108EB000002007B0BDE8F08F4FF00008CAE7CA07EE
:108EC0004CBF18801860EAE70120F2E790D7030052
:108ED000256B0200696C0200ACD7030038B5074C63
:108EE000054608461146002222601A46F0F7E8FCC3
:108EF000431C02D1236803B12B6038BDC04600205B
:108F000070B50B785E2B13BF4A1C8A1C4B7800216E
:108F100008BF0121441E00F1FF0504F8011FAC4207
:108F2000FBD113B9013A104670BD81F00104C4545D
:108F3000511C11F8015C2D2D01F1FF360A4606D0B7
:108F40005D2DF0D00DB93246EDE72B46EFE70E78F8
:108F50005D2EFAD0B342F8DC01339E42C454FBDCF0
:108F60000231E6E72DE9F0410C46496B04F1440378
:108F700099421DD14FF48061FCF70CFF18B94FF0F6
:108F8000FF30BDE8F0814FF48063A36394F846306E
:108F9000606380F8FF3394F8453080F8FE3394F82E
:108FA000443080F8FD3300F2FD3020600020E8E717
:108FB000A66B77003A46FFF7DBF905460028DED0BE
:108FC00000EB0608014632464046FCF768FEC4F84E
:108FD0000080C4E90D57E9E7F8B50E46144605468A
:108FE00018B183690BB9FEF70BFE214B9C422AD1C5
:108FF0006C68A369A360A3891A072ED5236963B39C
:1090000023692068C01A6369F6B28342374604DCDC
:1090100021462846FEF78AFD28BBA368013BA360D2
:1090200023685A1C22601E7063690130834204D099
:10903000A389DB0719D50A2E17D121462846FEF74A
:1090400075FD90B10FE00B4B9C4201D1AC68D0E7AD
:10905000094B9C4208BFEC68CBE72146284600F04C
:109060000DF80028CCD04FF0FF373846F8BD00BFD0
:1090700040D6030060D6030020D60300324B70B503
:109080001D6806460C4625B1AB6913B92846FEF7A4
:10909000B7FD2E4B9C420FD16C68B4F90C309AB2DC
:1090A00015072CD4D00611D40922326043F04003B6
:1090B000A3814FF0FF303EE0254B9C4201D1AC68CC
:1090C000EBE7244B9C4208BFEC68E6E7510712D55A
:1090D000616B41B104F14403994202D03046FCF780
:1090E0000BFE00236363A38923F02403A3810023E1
:1090F000636023692360A38943F00803A381236984
:109100004BB9A38903F42073B3F5007F03D0214644
:109110003046FCF703FDA28912F001030CD00023B6
:10912000A36063695B42A361236953B9B4F90C304E
:1091300013F08000BAD170BD920758BF6369A36075
:10914000F2E70020F7E700BF7C01002040D60300D3
:1091500060D6030020D6030051F8043C181F002BF2
:10916000BCBF0B58C0187047024B58221A604FF012
:10917000FF307047C0460020024B58221A604FF063
:10918000FF307047C0460020FEE700BF4275696CA3
:109190007420776974682052656E6573617320412D
:1091A0006476616E63656420466C657869626C659F
:1091B00020536F667477617265205061636B6167DD
:1091C000652076657273696F6E20342E302E300004
:1091D000342E302E3000000000000004F8B500BF2F
:1091E000F8BC08BC9E467047F8B500BFF8BC08BC88
:1091F0009E4670476C696E6B206D6F6E69746F72FE
:10920000004D5154540070757368003D3D3D20423F
:109210006F696C657220417373697374616E742039
:1092200076332E332E3920426F6F74203D3D3D0042
:1092300050726F62652025750046616E3A20706835
:109240006173652074696D657220756E6176616900
:109250006C61626C653B207573696E672050574D79
:109260002066616C6C6261636B0046616E3A207AC5
:1092700065726F2D63726F73732049525120756E42
:10928000617661696C61626C653B207573696E67BC
:109290002050574D2066616C6C6261636B004661C3
:1092A0006E3A207A65726F2D63726F737320696EE8
:1092B00074657272757074206E6F6973653B2050AF
:1092C000574D2066616C6C6261636B2C2072657413
:1092D000727920696E2031730046616E3A207068A1
:1092E0006173652074696D65722073746172742096
:1092F0006661696C65643B207573696E67205057C1
:109300004D2066616C6C6261636B004932433A20A8
:10931000627573207265636F7665726564004932A9
:10932000433A20627573207374696C6C2068656CB5
:1093300064204C4F573B207265747279696E6720C8
:10934000696E203173004B65797061643A2049324F
:1093500043207363616E206661696C65643B2069BC
:109360006E7075742073757370656E646564004B00
:1093700065797061643A20493243207363616E20DD
:10938000726573746F7265643B2072656C6561739E
:1093900065206B65797320746F20726573756D65D8
:1093A000003132334134353642373839432A30239D
:1093B00044FFFFFF0000000000000000A36D00005C
:1093C0009D6D0000956D0000000000000000000091
:1093D0005F6D00006DB10000416D000039B100000B
:1093E000FDB00000756D0000C1B00000A96D000067
:1093F00071B000002DB00000499B0000F1AF0000EB
:10940000456D00002F5001004F6D000075570100A1
:109410001D580100CDCCCC3D0AD7233C17B7D1381D
:1094200077CC2B329595E6241FB14F0A00002041DE
:109430000000C84200401C4620BCBE4CCA1B0E5A4D
:10944000AEC59D74FFFFFFFF9A9999999999B93F0D
:109450007B14AE47E17A843F2D431CEBE2361A3F82
:109460003A8C30E28E79453EBC89D897B2D29C3C8A
:1094700033A7A8D523F649393DA7F444FD0FA532FB
:109480009D978CCF08BA5B25436FAC642806C80A49
:1094900000000000000024400000000000005940CF
:1094A000000000000088C3400000000084D79741FE
:1094B0000080E03779C34143176E05B5B5B89346D0
:1094C000F5F93FE9034F384D321D30F94877825A9C
:1094D0003CBF737FDD4F1575426F696C65724173D8
:1094E00073697374616E74004D5154543A20646909
:1094F0007361626C65642062656361757365206287
:10950000726F6B65722061757468656E74696361F2
:1095100074696F6E206973206E6F7420636F6E665E
:1095200069677572656400484947482054454D5045
:1095300045524154555245204C4F434B4F555400D2
:10954000484947482054454D50455241545552458D
:1095500020434C45415245440054414E4B2050520B
:109560004F4245204641554C54202D2053595354C9
:10957000454D2053544F505045440054414E4B20CC
:1095800050524F4245204641554C5420434C454192
:1095900052454400455848415553542050524F427B
:1095A00045204641554C5420434C454152454400CA
:1095B000454D42455220475541524449414E204174
:1095C000435449564500454D424552204755415266
:1095D0004449414E20434C454152454400626F6925
:1095E0006C65722F636D642F23004D5154543A20E3
:1095F000636F6E6E656374696F6E206661696C651A
:10960000642C20636F646520007B7B76616C7565DC
:109610005F6A736F6E2E657868617573747D7D0007
:10962000457868617573742054656D70006D646968
:109630003A6669726500C382C2B046007B7B766180
:109640006C75655F6A736F6E2E66616E7D7D004618
:10965000616E205370656564006D64693A66616E81
:10966000007B7B76616C75655F6A736F6E2E6661D9
:109670006E5F66696E616C7D7D0046616E20466935
:109680006E616C204F7574707574006D64693A6614
:10969000616E2D73706565642D33007B7B76616C24
:1096A00075655F6A736F6E2E727373697D7D005787
:1096B000694669205369676E616C00776966695F06
:1096C0007369676E616C006D64693A7769666900F9
:1096D0007369676E616C5F737472656E677468003E
:1096E00064426D007B7B76616C75655F6A736F6E3B
:1096F0002E73746174657D7D004275726E205374A3
:10970000617465006275726E5F7374617465006D7B
:1097100064693A666972652D616C657274007B7B61
:1097200076616C75655F6A736F6E2E7374617465B4
:109730005F746578747D7D004275726E205068613B
:1097400073652054657874007B7B76616C75655F0A
:109750006A736F6E2E656D6265725F6775617264A4
:1097600069616E5F6163746976657D7D00456D62D8
:10977000657220477561726469616E204163746926
:109780007665006D64693A736869656C6400706F32
:10979000776572007B7B76616C75655F6A736F6E4F
:1097A0002E656D6265725F677561726469616E5F77
:1097B0007365636F6E64737D7D00456D62657220B5
:1097C000477561726469616E205365636F6E64737F
:1097D0002052656D61696E696E67006D64693A74E7
:1097E000696D65722D73616E640064757261746970
:1097F0006F6E007B7B76616C75655F6A736F6E2E32
:10980000656D6265725F677561726469616E5F6DD7
:10981000696E757465737D7D00456D626572204764
:109820007561726469616E204D696E75746573202F
:1098300052656D61696E696E67006D64693A74693D
:109840006D6572007B7B76616C75655F6A736F6EA8
:109850002E656D6265725F677561726469616E5FC6
:1098600072656D61696E696E675F746578747D7D20
:1098700000456D62657220477561726469616E2092
:1098800052656D61696E696E672054657874006D0C
:1098900064693A74696D65722D73616E642D636FCE
:1098A0006D706C65746500626F696C65722F636DB5
:1098B000642F656D6265725F677561726469616E60
:1098C0005F6F7665727269646500456D62657220CE
:1098D000477561726469616E204F76657272696462
:1098E00065006D64693A736869656C642D6F6666BE
:1098F0000077617465725F2564005761746572203A
:1099000054656D70202564007B7B76616C75655FA6
:109910006A736F6E2E77617465725B25645D7D7D01
:10992000006D64693A636F6F6C616E742D74656D60
:109930007065726174757265007B7B76616C7565AC
:109940005F6A736F6E2E74656D707D7D004F7574E8
:10995000646F6F722054656D70006F7574646F6F03
:10996000725F74656D70006D64693A746865726DDC
:109970006F6D65746572007B7B76616C75655F6A7F
:10998000736F6E2E68756D7D7D004F7574646F6F9B
:10999000722048756D6964697479006F7574646FBD
:1099A0006F725F68756D006D64693A776174657296
:1099B0002D70657263656E740068756D6964697495
:1099C00079007B7B76616C75655F6A736F6E2E7054
:1099D0007265737D7D004F7574646F6F7220507275
:1099E000657373757265006F7574646F6F725F7005
:1099F000726573006D64693A6761756765007072BE
:109A00006573737572650068506100626F696C659B
:109A1000722F636D642F736574706F696E74004587
:109A200078686175737420536574706F696E740023
:109A3000626F696C65722F636D642F626F6F7374F0
:109A400000426F6F73742054696D65006D64693AEC
:109A5000726F636B65742D6C61756E636800626F05
:109A6000696C65722F636D642F6465616462616EF9
:109A700064004465616462616E64006D64693A61AA
:109A800072726F772D657870616E642D7665727471
:109A90006963616C00626F696C65722F636D642F1E
:109AA000636C616D705F6D696E0046616E20436C22
:109AB000616D70204D696E00626F696C65722F6315
:109AC0006D642F636C616D705F6D61780046616ECF
:109AD00020436C616D70204D617800626F696C6528
:109AE000722F636D642F646561647A6F6E650044E4
:109AF0006561647A6F6E652046616E204D6F6465A6
:109B0000006D64693A746F67676C652D737769746B
:109B1000636800626F696C65722F636D642F656D99
:109B200062657200456D6265722047756172646995
:109B3000616E204D696E7574657300626F696C6546
:109B4000722F636D642F666C75655F6C6F7700466E
:109B50006C7565204C6F77205468726573686F6C04
:109B600064006D64693A746865726D6F6D657465E3
:109B7000722D616C65727400626F696C65722F631F
:109B80006D642F666C75655F72656300466C756504
:109B9000205265636F7665727920546872657368C8
:109BA0006F6C64006D64693A746865726D6F6D65A1
:109BB0007465722D63686576726F6E2D75700062C4
:109BC0006F696C65722F636D642F6C6F636B6F755B
:109BD0007400536561736F6E204C6F636B6F7574A7
:109BE00020486F757273006D64693A74696D6572AF
:109BF0002D6C6F636B00626F696C65722F636D64AF
:109C00002F6175746F5F736561736F6E004175745A
:109C10006F20536561736F6E006D64693A63616CA8
:109C2000656E6461722D73796E6300626F696C6535
:109C3000722F636D642F736561736F6E5F6D6F64F8
:109C40006500536561736F6E204D6F6465006D64D0
:109C5000693A63616C656E64617200626F696C651C
:109C6000722F636D642F73756D6D65725F736574AC
:109C7000706F696E740053756D6D657220536574F5
:109C8000706F696E7400626F696C65722F636D64CA
:109C90002F7370665F736574706F696E74005370B4
:109CA00072696E672F46616C6C20536574706F69C2
:109CB0006E7400626F696C65722F636D642F7769D3
:109CC0006E7465725F736574706F696E7400576946
:109CD0006E74657220536574706F696E7400626F84
:109CE000696C65722F636D642F65787472656D653C
:109CF0005F736574706F696E740045787472656D1A
:109D00006520536574706F696E7400626F696C656D
:109D1000722F636D642F74616E6B5F6C6F7700548C
:109D2000616E6B204C6F7720536574706F696E7431
:109D3000006D64693A77617465722D626F696C6554
:109D40007200626F696C65722F636D642F74616E4F
:109D50006B5F686967680054616E6B20486967686B
:109D600020536574706F696E7400484947485F54AA
:109D7000454D500054414E4B5F50524F42455F4657
:109D800041554C5400455848415553545F50524F2B
:109D900042455F4641554C5400454D4245525F4750
:109DA0005541524449414E0076616C7565002F73F0
:109DB000756D6D65725F7374617274002F73706678
:109DC0005F7374617274002F77696E7465725F736C
:109DD00074617274002F65787472656D655F737459
:109DE000617274002F73756D6D65725F6275666662
:109DF0006572002F7370665F627566666572002F0C
:109E000077696E7465725F627566666572002F654C
:109E1000787472656D655F627566666572002F7035
:109E2000726F62655F726F6C650070687973002F86
:109E3000666163746F72795F726573657400636FD6
:109E40006E6669726D00636F6465006D6573736142
:109E500067650074696D657374616D705F6D730023
:109E6000626F696C65722F616C6572740045584849
:109E7000415553542050524F4245204E454544537E
:109E800020434C45414E494E47204F5220524550A9
:109E90004C4143454D454E54202D2046414E2041D6
:109EA00054204D415820434C414D500049444C45AD
:109EB0000052414D5000484F4C4400554E4B4E4FC0
:109EC000574E00454D4245525F475541524400654B
:109ED00078686175737400657868617573745F7311
:109EE0006D6F6F746800657868617573745F726117
:109EF0007700657868617573745F66616C6C626128
:109F0000636B00657868617573745F616C6572740A
:109F10000074616E6B5F74656D700074616E6B5F71
:109F200073656E736F725F6F6B0066616E5F646501
:109F30006D616E640066616E5F66696E616C00667D
:109F4000616E5F70776D5F70657263656E740061DE
:109F5000646170746976655F736C6F7065007273AD
:109F6000736900656D6265725F67756172646961CE
:109F70006E5F61637469766500656D6265725F67C7
:109F80007561726469616E5F7365636F6E6473009F
:109F9000656D6265725F677561726469616E5F6D40
:109FA000696E75746573002564206D696E757465DE
:109FB000732072656D61696E696E6700656D6265BB
:109FC000725F677561726469616E5F72656D616908
:109FD0006E696E675F7465787400626F6F73745F2B
:109FE00073746172740072616D705F737461727406
:109FF00000686F6C645F737461727400656D626594
:10A00000725F737461727400636F6E74726F6C5FF1
:10A010006D6F6465007361666574795F73746174F4
:10A02000650074616E6B5F6C6F775F736574706FE2
:10A03000696E740074616E6B5F686967685F7365F1
:10A0400074706F696E7400626F696C65722F7374DF
:10A0500061746500696E6465780074656D705F6633
:10A0600000636F6E74726F6C735F74616E6B00620D
:10A070006F696C65722F776174657200626F696CCD
:10A0800065722F6F7574646F6F720066616E5F6DBD
:10A09000696E0066616E5F6D617800626F6F7374E8
:10A0A0005F73656300656D6265725F6D696E006CFC
:10A0B0006F636B6F75745F687200626F696C657255
:10A0C0002F73657474696E67730025732F6E756DD9
:10A0D0006265722F25732F25732F636F6E66696714
:10A0E000007374657000686F6D6561737369737474
:10A0F000616E740025732F73656E736F722F2573F5
:10A100002F25732F636F6E66696700626F696C65D8
:10A11000725F617373697374616E74005F00756E52
:10A1200069715F696400737461745F740076616C57
:10A130005F74706C00756E69745F6F665F6D6561EA
:10A1400073006465765F636C6100646576006964C2
:10A1500073006D66004B61726C006D646C00554E4F
:10A160004F205234205769466900737700332E33ED
:10A170000025732F7377697463682F25732F2573F8
:10A180002F636F6E66696700636D645F74006E7540
:10A190006C6C002F2F272722225C5C6208660C6EF5
:10A1A0000A720D7409005C753030303000636C69E0
:10A1B000656E7420636C6F736500636C69656E74A3
:10A1C00020666C75736800636C69656E74207472C8
:10A1D000616E73706F727400747275650066616C85
:10A1E0007365004F54412077696669206272696423
:10A1F00067652066773A2000302E352E30004F54A8
:10A200004120617474656D70742000206F662000B9
:10A210004F544120626567696E3A200042454749C4
:10A220004E20455252202564004F544120736574DE
:10A230004341436572743A200043455254204552CD
:10A2400052202564004F5441207374617274446F2E
:10A25000776E6C6F61643A2000535441525420452C
:10A260005252202564004F544120646F776E6C6F0A
:10A270006164206572726F723A2000444C2045522E
:10A2800052202564004F5441207665726966793A00
:10A290002000564552494659204552522025640017
:10A2A0004F5441207570646174653A2000464C41FA
:10A2B0005348204552522025640053534C20434FAD
:10A2C0004E4E454354204641494C45440047455471
:10A2D000200020485454502F312E300D0A486F73FF
:10A2E000743A20000D0A557365722D4167656E74CE
:10A2F0003A20426F696C6572417373697374616E61
:10A30000740D0A436F6E6E656374696F6E3A2063F5
:10A310006C6F73650D0A0D0A004E4F205245535065
:10A320004F4E5345002032303000485454503A25A7
:10A330007300424144205645523A2573004F544120
:10A3400020636865636B207374617475733A2000D1
:10A350004F544120636865636B20626F64793A20D3
:10A3600000332E332E39002D2D2D2D2D42454749FA
:10A370004E2043455254494649434154452D2D2DC5
:10A380002D2D0A4D494946617A434341314F67417A
:10A3900077494241674952414949517A37445351BB
:10A3A0004F4E5A5247506775324F43697741774451
:10A3B00051594A4B6F5A496876634E4151454C4258
:10A3C0005141770A547A454C4D416B4741315545CF
:10A3D00042684D4356564D784B54416E42674E5637
:10A3E00042416F5449456C7564475679626D5630E9
:10A3F00049464E6C593356796158523549464A6C34
:10A40000633256680A636D4E6F494564796233560C
:10A41000774D525577457759445651514445777891
:10A420004A55314A4849464A76623351675744454E
:10A43000774868634E4D5455774E6A41304D5445C8
:10A44000774E444D340A5768634E4D7A55774E6ABD
:10A4500041304D5445774E444D34576A42504D512A
:10A460007377435159445651514745774A56557A67
:10A4700045704D4363474131554543684D675357D8
:10A4800035305A584A750A5A5851675532566A64D7
:10A49000584A7064486B67556D567A5A57467959D1
:10A4A00032676752334A7664584178465441544281
:10A4B000674E5642414D5444456C54556B63675545
:10A4C0006D3976644342590A4D5443434169497793
:10A4D0004451594A4B6F5A496876634E415145423F
:10A4E00042514144676749504144434341676F4388
:10A4F00067674942414B336F4A4850304644667A59
:10A500006D353472567967630A6837376374393842
:10A51000346B497875504F5A586F486A3364634BAF
:10A52000692F7656716276594154796A62336D6942
:10A5300047624553547472466A2F525153613738FB
:10A540006630756F786D79462B0A30544D38756BCF
:10A550006A3133586E6673376A2F457645686D6B7E
:10A560007642696F5A786155706D5A6D7950666A96
:10A570007877763630704967627A354D446D674B2F
:10A58000376953342B336D5836550A41352F5452A1
:10A590003564386D55676A552B6734726B384B627A
:10A5A000344D7530556C586A49423074746F76304A
:10A5B00044694E65774E7749527431386A41382B79
:10A5C0006F2B753364706A712B73570A54384B4F75
:10A5D0004555742B7A77766F2F3756334C765379EF
:10A5E000653072675442496C4448434E41796D6707
:10A5F00034564D6B3742505A37686D2F454C4E4B91
:10A600006A442B4A6F324652337179480A423554B4
:10A6100030593348734C754A765735694234596C12
:10A62000634E486C73647538376B474A35357475BB
:10A630006B6D69386D7864415134513765325243DE
:10A640004F4676753339366A33782B55430A42358F
:10A6500069504E676956352B49336C673032645AFE
:10A660003737446E4B78485A7538412F6C4A4264EC
:10A670006942335157304B745A42366177426470A5
:10A68000554B44396A6631623053487A55760A4BE5
:10A6900042647330706A4271416C6B643235484E6B
:10A6A00037724F72466C65614A312F6374614A7824
:10A6B000515A424B54355A5074306D3953544A45AF
:10A6C0006164616F307841483061686D62576E0A2D
:10A6D0004F6C4675686A756566584B6E45675634AB
:10A6E0005765302B5558675643774F506A6441760B
:10A6F0004262492B65306F6353334D4645767A4746
:10A7000036754251453378446B33537A796E546EC3
:10A710000A6A683842434E4177314674784E725126
:10A7200048757345774D467849743449376D4B5AAF
:10A7300039594971696F796D437A4C71396777512D
:10A74000626F6F4D4451614857426645627772624D
:10A75000770A714879474F30616F534371493348E5
:10A760006161647238666171553947592F724F5073
:10A770004E6B3373677244516F6F2F2F666234686C
:10A78000564331434C514A31336865663459353349
:10A7900043490A7255376D325973367874306E55A5
:10A7A00057372F764754314D304E5041674D424117
:10A7B00041476A516A42414D4134474131556444F1
:10A7C0007745422F77514541774942426A4150428D
:10A7D000674E560A48524D424166384542544144FC
:10A7E0004151482F4D4230474131556444675157DC
:10A7F0004242523574466E6D6537626C3541467A19
:10A80000674169497942705939756D62626A414E92
:10A8100042676B710A686B694739773042415173FF
:10A820004641414F4341674541565239597162791A
:10A830007971464451444C4859476D6B674A796B6E
:10A840004972474631584970752B494C6C61532FFA
:10A8500056396C5A4C0A7562687A45466E54495AA4
:10A86000642B353078782B374C53594B3035714148
:10A8700076714679465768664651446C6E727A75B1
:10A88000425A3662724A46652B476E592B456750CD
:10A89000626B365A47510A334265625968744638CA
:10A8A000476156306E787677756F3737782F5079E5
:10A8B0003961754A2F4770734D69752F58312B6D6B
:10A8C000766F69424F762F32582F716B53736973CD
:10A8D00052634F6A2F4B4B0A4E467459325077429F
:10A8E000795653357543624D696F677A6955777448
:10A8F00068447943332B3657567757364C4C76336A
:10A90000784C6648546A7543766A4849496E4E7A6F
:10A910006B744843674B51350A4F52417A49344A68
:10A920004D504A2B47736C575948623470686F77A3
:10A93000696D353769617A74584F6F4A7754647717
:10A940004A78346E4C4367644E624F68646A736E33
:10A95000767A717648753755720A546B5857537426
:10A96000416D7A4F567979676871705A586A4661B5
:10A970004833704F334A4C462B6C2B2F2B734B4173
:10A98000497576746437752B4E7865354157307745
:10A990006465526C4E384E7764430A6A4E50456C7B
:10A9A000707A566D625571344A55616745697554C0
:10A9B000446B487A73784870464B564B3771342B4A
:10A9C0003633534D314E393552314E6264576873C8
:10A9D000636443622B5A414A7A56630A6F7969333A
:10A9E0004234336E6A544F5135794F662B3143638D
:10A9F000655778473162515673355A756670734D95
:10AA00006C6A71345569302F316C76682B776A43E4
:10AA10006850346B714B4F4A327178710A34526707
:10AA2000717361684459567654483977376A586269
:10AA3000794C65694E646438584D327739552F74B6
:10AA400037793046662F39796930474534345A6151
:10AA5000347246324C4E396431315450410A6D5291
:10AA600047756E554842636E574576674A42516C4A
:10AA7000396E4A456955305A736E7667632F756231
:10AA800068506758525234587133375A306A3472AA
:10AA9000376731536745457A7778413537640A65BA
:10AAA0006D795078676359786E2F655234342F4B27
:10AAB0004A344542732B6C564452337665794A6D5D
:10AAC0002B6B585139396232312F2B6A6835586FE8
:10AAD0007331416E583569497472654743633D0A65
:10AAE0002D2D2D2D2D454E44204345525449464988
:10AAF000434154452D2D2D2D2D0A0068747470731B
:10AB00003A2F2F7261772E67697468756275736565
:10AB100072636F6E74656E742E636F6D2F707261E9
:10AB20006972696577696C6C6F772D7267622F4205
:10AB30006F696C65722D417373697374616E742FE4
:10AB40006D61696E2F66772E6F7461002F752E62AE
:10AB5000696E0025642E25642E2564002F707261B5
:10AB60006972696577696C6C6F772D7267622F42C5
:10AB70006F696C65722D417373697374616E742FA4
:10AB80006D61696E2F6669726D776172652D726590
:10AB90006C65617365732F76657273696F6E2E7461
:10ABA0007874007261772E67697468756275736571
:10ABB00072636F6E74656E742E636F6D00FFFFFFBE
:10ABC00000000000000000003BB8000005BB0000D2
:10ABD000416D0000F5BF000049BB000051B8000006
:10ABE000B9BF000071B80000B5BA000085BB000015
:10ABF000BDB900007DBF000021B800002F5001004A
:10AC00004F6D00008D61010035620100D3590100D4
:10AC10002BB80000426F696C65723A20486967681A
:10AC20002074656D7020636C6561726564004869AD
:10AC300067682074656D70657261747572652063F4
:10AC40006C656172656400426F696C65723A204898
:10AC50004947482054454D50204C4F434B4F555485
:10AC60000054616E6B206F7665722D74656D706532
:10AC7000726174757265202D2073797374656D200F
:10AC800073746F7070656400426F696C65723A200E
:10AC900054414E4B2050524F4245204641554C5452
:10ACA0000054616E6B2070726F6265206661756C16
:10ACB00074202D2073797374656D2073746F7070B8
:10ACC000656400426F696C65723A2054616E6B2056
:10ACD0006661756C7420636C6561726564005461B3
:10ACE0006E6B2070726F6265206661756C74206394
:10ACF0006C656172656400426F696C65723A2045EB
:10AD00005848415553542050524F424520464155D2
:10AD10004C5400457868617573742070726F626579
:10AD2000206E6565647320636C65616E696E672073
:10AD30002D2066616E206174206D617800426F691C
:10AD40006C65723A20457868617573742070726F13
:10AD5000626520636C656172656400457868617541
:10AD600073742070726F6265206661756C74206305
:10AD70006C656172656400426F696C65723A20456A
:10AD80004D42455220475541524449414E00456D80
:10AD900062657220477561726469616E20616374D7
:10ADA000697665202D2072657365742072657175F2
:10ADB0006972656400426F696C65723A20456D6224
:10ADC000657220477561726469616E20636C6561AC
:10ADD0007265640043616E63656C6C65643A2070F3
:10ADE0007573682064697361626C65640050757383
:10ADF000683A20717565756564206E6F746966695F
:10AE0000636174696F6E732063616E63656C6C65FA
:10AE1000642062656361757365207075736820696D
:10AE2000732064697361626C656400546573742097
:10AE30006E6F74696669636174696F6E2066726FA4
:10AE40006D20426F696C6572204173736973746120
:10AE50006E7400426F696C65723A20544553540019
:10AE6000496E7465727275707465643A20576946EC
:10AE700069206C6F737400507573683A2064656C58
:10AE8000697665727920696E746572727570746521
:10AE9000642062792057694669206C6F73733B2088
:10AEA0006F7574636F6D6520756E6B6E6F776E0076
:10AEB000507573683A20005072696F726974793AFC
:10AEC00020757267656E740D0A0044656C6976655D
:10AED000726564005365727665722072656A656397
:10AEE000746564206E6F74696669636174696F6EFE
:10AEF000006E7466792E736800436F6E6E656374BE
:10AF0000696F6E206661696C65640053656E646983
:10AF10006E6700504F5354202F25732048545450CF
:10AF20002F312E310D0A486F73743A206E74667992
:10AF30002E73680D0A557365722D4167656E743AFC
:10AF400020426F696C6572417373697374616E74CA
:10AF50000D0A5469746C653A2025730D0A257343F4
:10AF60006F6E74656E742D547970653A20746578CF
:10AF7000742F706C61696E0D0A436F6E6E65637439
:10AF8000696F6E3A20636C6F73650D0A436F6E7460
:10AF9000656E742D4C656E6774683A2025750D0AD0
:10AFA0000D0A257300526571756573742077726997
:10AFB0007465206661696C656400526573706F6EBC
:10AFC00073652074696D6564206F757400496E76D1
:10AFD000616C696420736572766572207265737046
:10AFE0006F6E736500507573683A206E6F74696692
:10AFF00069636174696F6E2071756575652066752A
:10B000006C6C0051756575652066756C6C005175CA
:10B01000657565640049646C6500424D45323830A1
:10B020003A2073686172656420627573207265737B
:10B0300065743B20696E697469616C697A617469D1
:10B040006F6E2063616E63656C6C656400424D4594
:10B050003238303A2073746172747570207665727C
:10B0600069666965643B206177616974696E672010
:10B0700076616C6964206D6561737572656D656E6E
:10B08000740057617465722070726F6265733A2044
:10B090007363616E206275646765742065786365AB
:10B0A000656465643B206B656570696E67207072CE
:10B0B0006576696F75732061646472657373657317
:10B0C0000057617465722070726F6265733A207206
:10B0D000656A656374656420616464726573732076
:10B0E0007769746820626164204352430057617439
:10B0F00065722070726F6265733A207363616E20AF
:10B1000074696D6564206F75743B206B656570694B
:10B110006E672070726576696F7573206164647202
:10B12000657373657300424D453238303A204932B9
:10B130004320756E617661696C61626C653B206F5E
:10B140007574646F6F722072656164696E677320D5
:10B15000696E76616C69646174656400424D453264
:10B1600038303A206964656E746974792F636F6E44
:10B1700066696775726174696F6E2F73616D706C4B
:10B180006520636865636B206661696C65643B205C
:10B1900072656164696E677320636C656172656472
:10B1A00000424D453238303A20696E76616C6964F0
:10B1B000206D6561737572656D656E743B20736398
:10B1C000686564756C696E67207265696E6974691B
:10B1D000616C697A6174696F6E00424D4532383036
:10B1E0003A2063616C6962726174696F6E20737476
:10B1F000617475732072656164206661696C656451
:10B2000000424D453238303A2063616C69627261A8
:10B2100074696F6E2074696D6564206F7574004287
:10B220004D453238303A2063616C696272617469ED
:10B230006F6E2F636F6E66696775726174696F6E8A
:10B24000207472616E73666572206661696C6564F4
:10B2500000424D453238303A207374617274757013
:10B26000206964656E746974792F636F6E666967AF
:10B2700075726174696F6E20766572696669636163
:10B2800074696F6E206661696C656400424D453279
:10B2900038303A2062757320696E74657266616336
:10B2A0006520616C6C6F636174696F6E20666169A3
:10B2B0006C656400424D453238303A206275732027
:10B2C000696E7465726661636520696E697469612F
:10B2D0006C697A6174696F6E206661696C6564007F
:10B2E000424D453238303A2072657365742074726D
:10B2F000616E73666572206661696C656400424DBB
:10B30000453238303A206D697373696E6720646521
:10B3100076696365206F7220696E76616C6964205E
:10B320006368697020494400620B0020640B0020B0
:10B33000660B0020680B00206A0B00206C0B0020BD
:10B340006E0B0020700B0020720B0020740B00208D
:10B35000760B0020780B00207A0B00207C0B00205D
:10B360007E0B0020800B0020820B0020830B00202E
:10B37000840B0020850B00205A0B00205C0B002062
:10B380005E0B0020600B00200000000000000000A9
:10B39000E196010051160200416D0000B1CE00009F
:10B3A000A1F300006DEF00007DEE00001DEE000037
:10B3B000B3CE000005C202001AC202002FC2020072
:10B3C00044C2020059C202006EC2020083C20200DF
:10B3D00098C20200ADC20200C2C20200D7C202007F
:10B3E000ECC2020001C3020016C302002BC302001C
:10B3F00040C3020055C302006AC302007FC30200BB
:10B4000094C30200A4C10200B9C10200CCC1020071
:10B41000DFC10200F2C10200434845434B494E4799
:10B42000204749544855422E2E2E20004F5441208B
:10B430005550444154452020202020202020200029
:10B44000414C524541445920555020544F204441CD
:10B450005445200057494649204E4F5420434F4EF3
:10B460004E454354454420005749464920465720FD
:10B47000544F4F204F4C4420202020005550444131
:10B480005445205649412055534220202020200079
:10B49000555044415445204641494C4544202020C4
:10B4A00020202000444F574E4C4F414420455252DB
:10B4B0004F5220202020200046494C45204348453B
:10B4C000434B204552524F5220202000494E5354A6
:10B4D000414C4C204552524F522020202020200029
:10B4E000554E4B4E4F574E20534541534F4E202003
:10B4F0002020002020203C2D004F4E20004F4646AB
:10B5000000343A20454D4245522047554152444966
:10B51000414E202000333A20444541445A4F4E4585
:10B520002046414E2020202000323A20434C414DFD
:10B53000502F4442414E442F424F4F535400313A12
:10B54000204558484155535420534554504F494E77
:10B55000540043555252454E543A20253364460018
:10B560004E45573A202573002A3D4241434B202047
:10B5700020233D5341564520202020004558484176
:10B5800055535420534554504F494E5420200031B8
:10B590003A204D494E20434C414D503A20253364CA
:10B5A000252500323A204D415820434C414D503A18
:10B5B00020253364252500333A2044454144424147
:10B5C0004E443A20202533644600343A20424F4FFF
:10B5D00053542054494D45202020202000435552EB
:10B5E00052454E543A2025336425250053455420B6
:10B5F0004D494E20434C414D5020202020200053E7
:10B600004554204D415820434C414D50202020208E
:10B610002000534554204445414442414E4420209B
:10B620002020202000313A46414E20414C574159BC
:10B6300053204F4E20257300323A46414E20414C54
:10B640004C4F574544204F4646202573002A3D4223
:10B6500041434B202020202020202020202020207B
:10B6600000444541445A4F4E452046414E205255D4
:10B670004C455300333A20464C5545205245432013
:10B680005448524553482000323A20464C554520F4
:10B690004C4F57205448524553482000313A2054CB
:10B6A000494D45522020202020202020202020000D
:10B6B000454D42455220475541524449414E202074
:10B6C00020200043555252454E543A2025326420E2
:10B6D0004D494E00454D4245522054494D4552205A
:10B6E00020202020202000464C5545204C4F57203C
:10B6F00054485245534820202000464C554520527E
:10B7000045434F5645525920544852200043555204
:10B7100052454E543A202533642053454300534547
:10B720005420424F4F53542054494D45202020204F
:10B7300000343A20534146455459205354415455FE
:10B740005320202000333A2048494748205741548D
:10B75000455220534554202000323A204C4F572068
:10B7600057415445522053455420202000313A205F
:10B7700052554E204D4F444520202020202020208F
:10B7800000313A20434F4E54494E554F555325737F
:10B7900000323A204155544F2054414E4B257300FE
:10B7A00053454C4543542052554E204D4F4445205F
:10B7B000202000204C4F57205741544552205345DC
:10B7C00054505420202000484947482057415445B0
:10B7D0005220534554505420200053544154453A6C
:10B7E000204C4F434B4F55540054414E4B3A20256B
:10B7F000336446002A3D52455345542020202020E2
:10B80000202020202020200020534146455459204C
:10B810005354415455532020202020005354415468
:10B82000453A204F4B0048494748204C494D495420
:10B830003A203139304600202020413A59455320E2
:10B84000202020423A4E4F202020200021214E4F20
:10B85000204155544F2053485554444F574E2121B1
:10B86000002149474E4F524553202054414E4B2012
:10B8700054454D5021002121434F4E54494E554FC0
:10B88000555320204D4F4445212100323A204C4F42
:10B89000434B4F55542F4D4F44452020202000311D
:10B8A0003A20534541534F4E532020202020202042
:10B8B000202000454E5649524F4E4D454E542020B3
:10B8C000202020202000343A2045585452454D4530
:10B8D00020202020202020202000333A2057494ECD
:10B8E0005445522020202020202020202000323AC1
:10B8F00020535052494E472F46414C4C2020202087
:10B900002000313A2053554D4D4552202020202013
:10B91000202020202000333A2045584841555354D8
:10B9200020534554505420202000323A2048595387
:10B930005445524553495320202020202000313ABD
:10B940002053544152542054454D50202020202053
:10B950002000363A204D415820434C414D50202084
:10B96000202020202000353A2054414E4B204C4FBF
:10B9700057202020202020202000343A2054414EFF
:10B980004B204849474820202020202020004355B4
:10B990005252454E543A20253364256300413D2BD5
:10B9A0002F2D202A3D4241434B20233D53415645F4
:10B9B00000454449542053544152542054454D505D
:10B9C00020202000454449542048595354455245AD
:10B9D00053495320202000454449542045584820CD
:10B9E000534554504F494E54200045444954205427
:10B9F000414E4B20484947482020202000454449DB
:10BA0000542054414E4B204C4F57202020202000E2
:10BA100045444954204D415820434C414D5020202D
:10BA2000202000333A204C4F434B4F555420484F71
:10BA300055525320202000323A204155544F2D5367
:10BA40004541534F4E202020202000313A204D4FB9
:10BA50004445202020202020202020202020004C91
:10BA60004F434B4F5554202F204D4F44452020200D
:10BA70002000313A204F4646257300323A20555374
:10BA80004552257300333A204155544F25730045E4
:10BA90004E5649524F4E4D454E54204D4F44450051
:10BAA00043555252454E543A20257300233D544F7E
:10BAB00047474C4520202020202020202020200007
:10BAC0004155544F2D534541534F4E2020202020A7
:10BAD00020200043555252454E543A2025326C7571
:10BAE000004C4F434B4F555420484F555253202044
:10BAF00020202000333A204E4554574F524B494E98
:10BB00004720202020202000323A20424D45323864
:10BB1000302053544154555320202000313A2050B6
:10BB2000524F424520524F4C4553202020202000A8
:10BB300053454E534F52532026204E4554574F5293
:10BB40004B2000524F4C45203A20252D31367300B2
:10BB500050524F42453A2025640054454D50203AFA
:10BB60002025342E3166460054454D503A202D2D67
:10BB70002D2E2D460057415445522050524F4245DC
:10BB800020524F4C455320202020202020004348A5
:10BB900045434B20574952494E4720202020202022
:10BBA00000424D45323830204552524F522020201D
:10BBB000202020004F55542054454D503A2020203D
:10BBC00020202025332E31664300505245535355D3
:10BBD00052453A20202025352E31666B5061004FAA
:10BBE00055542054454D503A202020202020253304
:10BBF0002E3166460050524553535552453A202047
:10BC000025352E3266696E48670048554D494449CE
:10BC100054593A20202020202025322E3166252517
:10BC200000424D4532383020535441545553202062
:10BC30002020202000333A204F54412055504441C9
:10BC4000544520202020202000323A2046414354F1
:10BC50004F525920524553455420202000313A205C
:10BC60004E4554574F524B20494E464F20202020DE
:10BC7000004E4554574F524B494E4720202020201C
:10BC80002020200052554E205345545550204150FD
:10BC9000202020202020004E4F2057494649204395
:10BCA0004F4E46494720202020004E4554574F52C2
:10BCB0004B20494E464F202020202020004348455D
:10BCC000434B20524F555445522020202020200025
:10BCD000574946493A204E4F5420434F4E4E20205C
:10BCE00020200049503A2533642E2533642E253315
:10BCF000642E25336400574946493A20434F4E4E3F
:10BD0000454354454400525353493A202D2D2D208C
:10BD1000202A3D4241434B00525353493A25346C4B
:10BD20006464426D202A3D4241434B00423A204E1A
:10BD30004F202020202020202020202020200041D3
:10BD40003A20594553202020202020202020202048
:10BD50002000574946492F4D51545420202020207F
:10BD600020202020005245534554204E4554574F23
:10BD7000524B3F2020202000423A2043414E434571
:10BD80004C20202020202020202000413A20434F1A
:10BD90004E4649524D20202020202020200054488B
:10BDA00049532045524153455320414C4C202020BB
:10BDB00000434F4E4649524D205245534554202092
:10BDC000202020004E4557204649524D57415245AC
:10BDD0002056257300544849533A20562573004194
:10BDE0003A5550444154452020423A43414E434540
:10BDF0004C2000424F494C45522057494C4C204959
:10BE0000444C45202020002020424F494C455220E0
:10BE1000415353495354414E5420200020202020A8
:10BE2000494E495449414C495A494E472020202007
:10BE300000202053595354454D20434845434B203F
:10BE40004F4B202020002020202020202056252D70
:10BE50003133730020204C4F4144494E4720535901
:10BE60005354454D532020200020202020202057CF
:10BE7000454C434F4D4520202020202020002045C8
:10BE80005848415553542053454E534F5220424138
:10BE90004420002054414E4B2053454E534F5220D6
:10BEA00042414420202020002053454E534F522031
:10BEB000554E4B4E4F574E20202020200020424F01
:10BEC00054482053454E534F525320424144202062
:10BED00020002020202020544F205245534554203C
:10BEE00020202020202000202020202020505245EB
:10BEF0005353202A202020202020200020202044CE
:10BF0000414D5045522F46414E204F46462020205D
:10BF100000202020454D424552204755415244497A
:10BF2000414E202020002054414E4B2054454D507E
:10BF30003A202533644600205052455353202A208E
:10BF4000544F2052455345542020002053595354F8
:10BF5000454D2053544F5050454420202020002070
:10BF600053454E534F52204641554C54204C4F435D
:10BF70004B200020484947482054454D50204C4F05
:10BF8000434B4F555420005052455353202A2054C0
:10BF90004F205245534554202020200046414E203A
:10BFA0004154204D415820434C414D5020202020E9
:10BFB00000434C45414E204F52205245504C414386
:10BFC00045202020200045584841555354205052C8
:10BFD0004F4245204641554C542000452F53505464
:10BFE0003A253364462020572F483A25303364469B
:10BFF00000452F4355523A2D2D2D202020572F4CF0
:10C000003A253033644600452F4355523A25336470
:10C01000462020572F4C3A25303364460046414E87
:10C020003A4F46462020202020572F433A253033D0
:10C0300064460046414E3A253364252520202020C1
:10C04000572F433A25303364460049444C4520205D
:10C0500020202020202020200052414D50494E47D2
:10C060002055502020202000494E20544845205A79
:10C070004F4E4521212000424F4F5354494E4720F7
:10C08000202020202000454D424552204755415256
:10C090004420202000554E4B4E4F574E202020204C
:10C0A00020202000454D4245522047554152442012
:10C0B0002532643A25303264004C43443A20696E9C
:10C0C000697469616C697A65643B20726570616945
:10C0D0006E74696E672063757272656E7420736327
:10C0E0007265656E00444F574E4C4F4144494E4770
:10C0F00020253364252500424F494C4552204953A1
:10C100002049444C45202020202000444F204E4F01
:10C110005420504F574552204F464620202000497A
:10C120004E5354414C4C494E472055504441544580
:10C1300020200047495448554220434845434B205E
:10C140004641494C4544004C43443A207472616E68
:10C15000736665722F737461747573206661696CA0
:10C1600065643B207363686564756C696E672072F3
:10C1700065696E697469616C697A6174696F6E0072
:10C18000A9C30200B3C30200BDC30200C7C30200BB
:10C19000D1C30200DBC30200E7C30200F0C3020008
:10C1A000145440002A2A2A2A2A2A2A2A2A2A2A2AEF
:10C1B0002A2A2A2A2A2A2A2A0053554D4D45522036
:10C1C00053455454494E4753202020005350524960
:10C1D0004E472F46414C4C205345542020200057B9
:10C1E000494E5445522053455454494E47532020FC
:10C1F000200045585452454D4520434F4C44205350
:10C2000045542020002020202020202020202020F5
:10C21000202020202020202020002320202020203B
:10C22000202020202020202020202020202000232B
:10C2300023202020202020202020202020202020FB
:10C240002020200023232320202020202020202005
:10C2500020202020202020200023232323202020F2
:10C2600020202020202020202020202020002323E8
:10C2700023232320202020202020202020202020B5
:10C2800020200023232323232320202020202020BC
:10C2900020202020202020002323232323232320A9
:10C2A00020202020202020202020202000232323A5
:10C2B000232323232320202020202020202020206F
:10C2C0002000232323232323232323202020202073
:10C2D0002020202020200023232323232323232363
:10C2E000232020202020202020202000232323235F
:10C2F0002323232323232320202020202020202029
:10C300000023232323232323232323232320202029
:10C31000202020202000232323232323232323231F
:10C320002323232020202020202000232323232315
:10C330002323232323232323232020202020200002
:10C3400023232323232323232323232323232320C0
:10C3500020202020002323232323232323232323DC
:10C3600023232323232020202000232323232323CC
:10C3700023232323232323232323232020200023B9
:10C38000232323232323232323232323232323237D
:10C390002320200023232323232323232323232396
:10C3A0002323232323232320004D41494E2054419E
:10C3B0004E4B004C3120535550504C59004C3120BD
:10C3C00052455455524E004C3220535550504C5902
:10C3D000004C322052455455524E0054414E4B2091
:10C3E000424F54544F4D0054414E4B20544F500037
:10C3F000455854524100576946694150493A2073A3
:10C400006B697070656420284150206D6F646520F1
:10C410006163746976652900576946694150493AF4
:10C4200020696E697400576946694150493A206E27
:10C430006F2063726564656E7469616C7320C3A25A
:10C44000E280A0E2809920736B697070696E67006A
:10C45000485454502073657276657220737461720B
:10C46000740053454E534F525F4641554C5400455E
:10C470005848415553542050524F4245204E45454F
:10C48000445320434C45414E494E47202D204641C0
:10C490004E204154204D415800454D4245522047C1
:10C4A0005541524449414E20414354495645202D5F
:10C4B0002052455345542052455155495245440058
:10C4C00053454E534F52204641554C54202D205336
:10C4D000595354454D2053544F50504544006D65B9
:10C4E0007472696300696D70657269616C007B22AA
:10C4F0006F6B223A747275652C227175657565646F
:10C50000223A747275657D007B226572726F7222A9
:10C510003A2270757368206E6F7420717565756549
:10C5200064202D20636865636B20746F7069632CD1
:10C53000205769466920616E6420717565756520B4
:10C54000737461747573227D004854545020616384
:10C550006365707400576946694150493A207265B5
:10C5600073706F6E73652074696D6564206F757488
:10C570003B20636C6F73696E6720636C69656E74D2
:10C5800000576946694150493A20726573706F6E71
:10C590007365207772697465206661696C65643BB8
:10C5A00020636C6F73696E6720636C69656E7400DD
:10C5B000576946694150493A20696E636F6D706CE6
:10C5C00065746520726571756573742074696D6535
:10C5D00064206F7574007B226572726F72223A223A
:10C5E000726571756573742074696D6564206F750B
:10C5F00074227D0034303820526571756573742063
:10C6000054696D656F757400576946694150493AC0
:10C61000206865616465727320746F6F206C61724D
:10C620006765206F7220616C6C6F636174696F6EF7
:10C63000206661696C6564007B226572726F72228C
:10C640003A226865616465727320746F6F206C6153
:10C65000726765227D0034333120526571756573D0
:10C660007420486561646572204669656C64732056
:10C67000546F6F204C61726765007472616E7366EF
:10C6800065722D656E636F64696E673A00636F6EE5
:10C6900074656E742D6C656E6774683A00576946F0
:10C6A000694150493A20756E737570706F72746588
:10C6B00064206F72206F76657273697A6564207288
:10C6C00065717565737420626F6479007B22657291
:10C6D000726F72223A22696E76616C696420636FB0
:10C6E0006E74656E74206C656E677468206F72205E
:10C6F000656E636F64696E67227D0034303020425E
:10C7000061642052657175657374005769466941AB
:10C7100050493A207265717565737420626F64794F
:10C7200020616C6C6F636174696F6E206661696C07
:10C730006564007B226572726F72223A22696E73A1
:10C74000756666696369656E74206D656D6F727973
:10C75000227D00474554202F20485454500047451F
:10C7600054202F64617368626F617264007465782D
:10C77000742F68746D6C3B20636861727365743DDF
:10C780007574662D3800474554202F6170692F73EA
:10C7900074617465006275726E5F73746174655F55
:10C7A00074657874007361666574795F7465787414
:10C7B00000657868617573745F73656E736F725F1F
:10C7C0006F6B00776966695F6F6B00646973706C8B
:10C7D00061795F6E616D650073656C665F636C6542
:10C7E000616E5F656E61626C65640073656C665F47
:10C7F000636C65616E5F6475650073656C665F632D
:10C800006C65616E5F6163746976650073656C6603
:10C810005F636C65616E5F6D616E75616C00736501
:10C820006C665F636C65616E5F6275726E5F636F8D
:10C83000756E740073656C665F636C65616E5F69CD
:10C840006E74657276616C00707573685F656E6199
:10C85000626C656400707573685F636F6E666967AC
:10C860007572656400707573685F73746174757355
:10C87000006C6F6F705F6C6173745F6D73006C6FD1
:10C880006F705F6D61785F6D73006E6574776F7246
:10C890006B5F6C6173745F6D73006E6574776F723C
:10C8A0006B5F6D61785F6D7300656E760047455410
:10C8B000202F6170692F686973746F7279005769EE
:10C8C00046694150493A20696E73756666696369C5
:10C8D000656E74206D656D6F727920666F72206869
:10C8E0006973746F727920726573706F6E7365000F
:10C8F0007B226572726F72223A22696E7375666668
:10C90000696369656E74206D656D6F727920666FFD
:10C910007220686973746F7279227D007B22686966
:10C9200073746F72795F6E6F775F6D696E223A0014
:10C930002C226275726E5F686973746F7279223A25
:10C940005B007B226475726174696F6E5F736563EF
:10C95000223A002C22696E74657276616C5F736591
:10C9600063223A002C2273746172745F656C61708B
:10C970007365645F6D696E223A002C22776174657D
:10C98000725F74656D705F66223A005D2C2277617C
:10C990007465725F686973746F7279223A5B005DC7
:10C9A0002C2277617465725F686973746F72795F46
:10C9B0006D696E75746573223A5B005D7D00474555
:10C9C00054202F6170692F73657474696E677300EA
:10C9D000657868617573745F736574706F696E7480
:10C9E00000626F6F73745F74696D65006465616484
:10C9F0007A6F6E655F66616E00656D6265725F6D10
:10CA0000696E7574657300666C75655F7265636FDA
:10CA10007665727900656E765F756E697473007302
:10CA2000656C665F636C65616E5F73746172745F81
:10CA3000686F75720073656C665F636C65616E5FCD
:10CA4000656E645F686F75720073656C665F636CBA
:10CA500065616E5F7574635F6F666673657400739E
:10CA6000656C665F636C65616E5F6473740070759E
:10CA700073685F746F70696300504F5354202F6167
:10CA800070692F736574007B226572726F72223A2F
:10CA900022696E76616C6964204A534F4E227D0094
:10CAA00073656C665F636C65616E5F72756E5F6EF9
:10CAB0006F77007B226572726F72223A22636F6E0B
:10CAC00066696775726174696F6E2076616C7565F1
:10CAD000206F7574206F662072616E6765227D001D
:10CAE0007B226F6B223A747275657D00504F5354F0
:10CAF000202F6170692F70726F6265007B226572F2
:10CB0000726F72223A22696E76616C69642070726B
:10CB10006F6265206E616D65227D00504F53542019
:10CB20002F6170692F7265736574007B2265727264
:10CB30006F72223A22686967682D74656D7065723C
:10CB40006174757265206C6F636B6F7574207265AC
:10CB5000717569726573206C6F63616C20726573A7
:10CB60006574227D00504F5354202F6170692F70DF
:10CB70007573685F74657374007B226572726F727F
:10CB8000223A226E6F7420666F756E64227D0034C7
:10CB90003034204E6F7420466F756E6400485454D4
:10CBA000502073657276657220636C6F73650058F0
:10CBB0002D426F696C65722D546F6B656E3A200063
:10CBC000485454502F312E312025730D0A436F6E77
:10CBD00074656E742D547970653A2025730D0A437F
:10CBE000616368652D436F6E74726F6C3A206E6F6F
:10CBF0002D73746F72650D0A436F6E6E6563746991
:10CC00006F6E3A20636C6F73650D0A436F6E7465C7
:10CC10006E742D4C656E6774683A2025750D0A0D8B
:10CC20000A00576946694150493A20726573706F2E
:10CC30006E736520686561646572732065786365ED
:10CC40006564656420627566666572000A3C2164ED
:10CC50006F63747970652068746D6C3E3C68746DA8
:10CC60006C206C616E673D22656E223E3C6865619A
:10CC7000643E0A3C6D65746120636861727365741B
:10CC80003D227574662D38223E3C6D657461206EC0
:10CC9000616D653D2276696577706F7274222063DD
:10CCA0006F6E74656E743D2277696474683D646567
:10CCB000766963652D77696474682C696E69746937
:10CCC000616C2D7363616C653D31223E0A3C746971
:10CCD000746C653E426F696C657220417373697351
:10CCE00074616E743C2F7469746C653E0A3C737495
:10CCF000796C653E0A3A726F6F747B636F6C6F720A
:10CD00002D736368656D653A6461726B3B2D2D62AE
:10CD1000673A233130313431383B2D2D70616E65E7
:10CD20006C3A233138323132373B2D2D63617264D6
:10CD30003A233164323933303B2D2D6C696E653ABC
:10CD4000233330343134613B2D2D746578743A23AC
:10CD50006564663366313B2D2D6D757465643A23C9
:10CD60003865613161383B2D2D686F743A23663622
:10CD7000613632333B2D2D6379616E3A233535634D
:10CD80003463373B2D2D636F6C643A233462613317
:10CD900066663B2D2D676F6F643A233635633938ED
:10CDA000613B2D2D64616E6765723A23656636328C
:10CDB00035643B2D2D736861646F773A30203134D0
:10CDC0007078203335707820233038306230643802
:10CDD000307D0A2A7B626F782D73697A696E673AB3
:10CDE000626F726465722D626F787D626F64797BA9
:10CDF0006D617267696E3A303B70616464696E6739
:10CE00003A323270783B6261636B67726F756E6441
:10CE10003A72616469616C2D6772616469656E74F0
:10CE200028636972636C6520617420383525203071
:10CE30002C2332303362336420302C2331303134B0
:10CE4000313820333825293B636F6C6F723A766135
:10CE500072282D2D74657874293B666F6E743A3193
:10CE60003570782022547265627563686574204D50
:10CE700053222C5365676F652055492C73616E737F
:10CE80002D73657269663B6D696E2D6865696768AB
:10CE9000743A31303076687D2E777261707B6D61C7
:10CEA000782D77696474683A3130383070783B6D2A
:10CEB000617267696E3A6175746F7D0A6865616455
:10CEC00065727B646973706C61793A666C65783BF6
:10CED0006A7573746966792D636F6E74656E743AE2
:10CEE00073706163652D6265747765656E3B616C17
:10CEF00069676E2D6974656D733A63656E746572EA
:10CF00003B6761703A313270783B6D617267696E70
:10CF10002D626F74746F6D3A313070783B7061645C
:10CF200064696E673A3136707820323270783B62CD
:10CF300061636B67726F756E643A766172282D2D2E
:10CF400070616E656C293B626F726465723A317014
:10CF50007820736F6C696420766172282D2D6C695E
:10CF60006E65293B626F726465722D7261646975CA
:10CF7000733A313270783B626F782D736861646FF9
:10CF8000773A766172282D2D736861646F77297DF9
:10CF90002E6272616E647B746578742D616C696752
:10CFA0006E3A63656E7465727D2E6272616E644D59
:10CFB00061726B7B706F736974696F6E3A72656CC6
:10CFC00061746976653B77696474683A353870785E
:10CFD0003B6865696768743A353270783B6D617299
:10CFE00067696E3A30206175746F203770783B62E4
:10CFF0006F726465723A33707820736F6C69642065
:10D00000766172282D2D686F74293B626F7264659A
:10D01000722D7261646975733A31317078203131E3
:10D020007078203135707820313570783B626163DB
:10D030006B67726F756E643A233235333433613BFC
:10D04000626F782D736861646F773A696E73657487
:10D050002030202D38707820302023313532313285
:10D06000367D2E6272616E644D61726B3A626566E6
:10D070006F72657B636F6E74656E743A22223B70CB
:10D080006F736974696F6E3A6162736F6C75746502
:10D090003B6C6566743A313270783B7269676874CC
:10D0A0003A313270783B746F703A2D3970783B6842
:10D0B00065696768743A3870783B626F726465724C
:10D0C0003A33707820736F6C696420766172282D12
:10D0D0002D686F74293B626F726465722D626F7484
:10D0E000746F6D3A303B626F726465722D72616469
:10D0F0006975733A36707820367078203020307D2C
:10D100002E6272616E64446F6F727B706F736974AC
:10D11000696F6E3A6162736F6C7574653B6C6566BE
:10D12000743A313770783B626F74746F6D3A347053
:10D13000783B77696474683A313970783B6865691F
:10D140006768743A323270783B626F726465723A23
:10D1500032707820736F6C69642023363837363725
:10D16000613B626F726465722D7261646975733AB6
:10D170003970782039707820337078203370783B9C
:10D180006261636B67726F756E643A23313031345C
:10D1900031387D2E6272616E64466972657B706F94
:10D1A000736974696F6E3A6162736F6C7574653B15
:10D1B0006C6566743A323370783B626F74746F6D6D
:10D1C0003A3970783B77696474683A3970783B68AB
:10D1D00065696768743A313470783B626F72646570
:10D1E000722D7261646975733A36352520333525A1
:10D1F00020363525203335253B6261636B67726FBE
:10D20000756E643A766172282D2D686F74293B74AF
:10D2100072616E73666F726D3A726F7461746528B5
:10D220003235646567293B626F782D736861646F7E
:10D23000773A3020302039707820236636613632D4
:10D240003339393B6F7061636974793A307D2E628E
:10D2500072616E644D61726B2E6275726E696E677B
:10D26000202E6272616E64466972657B6F706163C5
:10D270006974793A313B616E696D6174696F6E3AB8
:10D280006272616E6446697265202E387320656132
:10D2900073652D696E2D6F757420696E66696E6990
:10D2A000746520616C7465726E6174657D2E627246
:10D2B000616E644D61726B2E69646C65202E6272C2
:10D2C000616E64466972657B6F7061636974793AF7
:10D2D0002E34357D2E6272616E64536D6F6B657B8B
:10D2E000706F736974696F6E3A6162736F6C757495
:10D2F000653B6C6566743A323170783B746F703A96
:10D300002D323870783B77696474683A31367078BA
:10D310003B6865696768743A323570783B6F706155
:10D32000636974793A307D2E6272616E64536D6FF9
:10D330006B65207370616E7B706F736974696F6E5B
:10D340003A6162736F6C7574653B77696474683AAF
:10D350003870783B6865696768743A3870783B6202
:10D360006F726465723A32707820736F6C696420F2
:10D37000766172282D2D6D75746564293B626F721C
:10D380006465722D7261646975733A3530253B6F3F
:10D390007061636974793A307D2E6272616E644D9A
:10D3A00061726B2E6275726E696E67202E62726199
:10D3B0006E64536D6F6B657B6F7061636974793AEE
:10D3C000317D2E6272616E644D61726B2E62757278
:10D3D0006E696E67202E6272616E64536D6F6B654D
:10D3E000207370616E7B616E696D6174696F6E3AF6
:10D3F0006272616E64536D6F6B6520322E327320E2
:10D40000656173652D6F757420696E66696E6974E8
:10D41000657D2E6272616E64536D6F6B65207370F3
:10D42000616E3A6E74682D6368696C642831297B7B
:10D430006C6566743A3770783B626F74746F6D3ADE
:10D44000307D2E6272616E64536D6F6B65207370F8
:10D45000616E3A6E74682D6368696C642832297B4A
:10D460006C6566743A303B626F74746F6D3A3870F5
:10D47000783B616E696D6174696F6E2D64656C6176
:10D48000793A2E37737D2E6272616E64536D6F6BC5
:10D4900065207370616E3A6E74682D6368696C64A0
:10D4A0002833297B6C6566743A3870783B626F74F8
:10D4B000746F6D3A313670783B616E696D61746975
:10D4C0006F6E2D64656C61793A312E34737D2E62F6
:10D4D00072616E645A7A7A7B706F736974696F6E69
:10D4E0003A6162736F6C7574653B72696768743A10
:10D4F0002D323270783B746F703A3270783B636FC4
:10D500006C6F723A766172282D2D6379616E293BBA
:10D51000666F6E742D73697A653A2E3772656D3B4E
:10D52000666F6E742D7765696768743A3730303B83
:10D530006F7061636974793A307D2E6272616E64D6
:10D540004D61726B2E69646C65202E6272616E642F
:10D550005A7A7A7B6F7061636974793A313B616E94
:10D56000696D6174696F6E3A6272616E645A7A7A3B
:10D5700020327320656173652D696E2D6F7574207F
:10D58000696E66696E6974657D2E6272616E644E45
:10D59000616D657B636F6C6F723A766172282D2DB9
:10D5A000686F74293B666F6E742D73697A653A31C2
:10D5B0002E313872656D3B666F6E742D77656967C5
:10D5C00068743A3730303B6C65747465722D7370D3
:10D5D0006163696E673A2E3033656D3B77686974B5
:10D5E000652D73706163653A6E6F777261707D2E21
:10D5F0006272616E6454656D707B636F6C6F723ABA
:10D60000766172282D2D6D75746564293B666F6E89
:10D61000742D73697A653A2E363872656D3B6D618B
:10D620007267696E2D746F703A3270783B776869F3
:10D6300074652D73706163653A6E6F777261707D8A
:10D640002E7374617475737B636F6C6F723A76615D
:10D6500072282D2D6379616E293B666F6E742D7370
:10D66000697A653A2E3972656D3B77686974652D04
:10D6700073706163653A6E6F777261707D2E73743B
:10D68000617475733A6265666F72657B636F6E7401
:10D69000656E743A22223B646973706C61793A69F1
:10D6A0006E6C696E652D626C6F636B3B7769647439
:10D6B000683A3870783B6865696768743A3870789A
:10D6C0003B6D617267696E2D72696768743A377075
:10D6D000783B626F726465722D7261646975733A2A
:10D6E0003530253B6261636B67726F756E643A76A5
:10D6F0006172282D2D676F6F64293B626F782D73DF
:10D700006861646F773A302030203130707820764D
:10D710006172282D2D676F6F64297D0A6E61767B9B
:10D72000646973706C61793A666C65783B676170A7
:10D730003A3870783B6D617267696E2D746F703A1C
:10D74000313870783B626F726465722D746F703A15
:10D7500031707820736F6C696420766172282D2D8A
:10D760006C696E65293B70616464696E672D746FC6
:10D77000703A313270787D627574746F6E7B626F4F
:10D78000726465723A31707820736F6C69642076C8
:10D790006172282D2D6C696E65293B626F7264651C
:10D7A000722D7261646975733A3770783B70616489
:10D7B00064696E673A3130707820313470783B623A
:10D7C00061636B67726F756E643A23323433313341
:10D7D000393B636F6C6F723A766172282D2D7465D8
:10D7E0007874293B637572736F723A706F696E74E7
:10D7F00065723B666F6E743A696E68657269743BF8
:10D800007472616E736974696F6E3A2E3138732069
:10D81000656173657D627574746F6E3A686F766565
:10D82000727B626F726465722D636F6C6F723A7691
:10D830006172282D2D6379616E293B7472616E735C
:10D84000666F726D3A7472616E736C61746559289B
:10D850002D317078297D627574746F6E2E616374DA
:10D860006976652C627574746F6E2E7072696D6165
:10D8700072797B6261636B67726F756E643A766111
:10D8800072282D2D686F74293B636F6C6F723A2379
:10D890003130313431383B626F726465722D636FA1
:10D8A0006C6F723A766172282D2D686F74293B6611
:10D8B0006F6E742D7765696768743A3730307D62B2
:10D8C0007574746F6E2E64616E6765727B626163DE
:10D8D0006B67726F756E643A766172282D2D646184
:10D8E0006E676572293B626F726465722D636F6C3F
:10D8F0006F723A766172282D2D64616E67657229A8
:10D900003B636F6C6F723A233131317D0A7365630B
:10D9100074696F6E7B646973706C61793A6E6F6E57
:10D92000657D73656374696F6E2E61637469766576
:10D930007B646973706C61793A626C6F636B7D2E86
:10D94000677269647B646973706C61793A67726944
:10D95000643B677269642D74656D706C6174652DCC
:10D96000636F6C756D6E733A726570656174286172
:10D9700075746F2D6669742C6D696E6D61782831D0
:10D98000383570782C31667229293B6761703A31DD
:10D990003370787D2E636172647B70616464696E3C
:10D9A000673A313770783B6261636B67726F756E8F
:10D9B000643A6C696E6561722D6772616469656E47
:10D9C00074283134356465672C2332313330333970
:10D9D0002C23313832323238293B626F72646572DF
:10D9E0003A31707820736F6C696420766172282DEB
:10D9F0002D6C696E65293B626F726465722D726170
:10DA0000646975733A313070783B626F782D736852
:10DA100061646F773A302038707820313870782020
:10DA20002330383062306434357D2E6C6162656C31
:10DA30007B636F6C6F723A766172282D2D6D7574F1
:10DA40006564293B666F6E742D73697A653A2E376B
:10DA50003872656D3B746578742D7472616E73668F
:10DA60006F726D3A7570706572636173653B6C655A
:10DA7000747465722D73706163696E673A2E303805
:10DA8000656D3B6D617267696E2D626F74746F6D49
:10DA90003A3870787D2E76616C75657B666F6E7432
:10DAA0002D73697A653A312E353572656D3B666F37
:10DAB0006E742D7765696768743A3730307D2E65EE
:10DAC0006E7653747269707B646973706C61793AB5
:10DAD000677269643B677269642D74656D706C610F
:10DAE00074652D636F6C756D6E733A7265706561E8
:10DAF0007428332C316672293B6761703A3770782D
:10DB00003B6D617267696E2D626F74746F6D3A312F
:10DB10003470787D2E656E764974656D7B6D696EA7
:10DB20002D77696474683A303B70616464696E672C
:10DB30003A387078203970783B6261636B67726F36
:10DB4000756E643A233137323232383B626F726419
:10DB500065723A31707820736F6C696420766172F7
:10DB6000282D2D6C696E65293B626F726465722D7C
:10DB70007261646975733A3770787D2E656E764987
:10DB800074656D202E6C6162656C7B666F6E742DA2
:10DB900073697A653A2E363272656D3B6D617267D4
:10DBA000696E2D626F74746F6D3A3370783B77686D
:10DBB0006974652D73706163653A6E6F7772617019
:10DBC0007D2E656E764974656D202E76616C756567
:10DBD0007B666F6E742D73697A653A3172656D3B41
:10DBE00077686974652D73706163653A6E6F7772DB
:10DBF00061703B636F6C6F723A766172282D2D6392
:10DC000079616E297D2E6865726F7B646973706CB3
:10DC100061793A677269643B677269642D74656DF6
:10DC2000706C6174652D636F6C756D6E733A312E17
:10DC3000326672203166723B6761703A31347078B7
:10DC40003B6D617267696E2D626F74746F6D3A31EE
:10DC50003470787D2E6865726F2C2E6865726F2027
:10DC60002E636172647B6D696E2D68656967687487
:10DC70003A31393070787D2E6865726F202E63617D
:10DC800072647B646973706C61793A666C65783B29
:10DC9000666C65782D646972656374696F6E3A634A
:10DCA0006F6C756D6E3B6A7573746966792D636F01
:10DCB0006E74656E743A73706163652D6265747716
:10DCC00065656E7D2E6865726F3E202E636172649D
:10DCD0003A66697273742D6368696C647B746578E5
:10DCE000742D616C69676E3A63656E7465727D2E22
:10DCF000737461746556616C75657B666F6E742DA7
:10DD000073697A653A312E383572656D3B636F6C95
:10DD10006F723A766172282D2D686F74293B6C6999
:10DD20006E652D6865696768743A313B746578740F
:10DD30002D616C69676E3A63656E7465727D2E73D2
:10DD4000746174654D6574617B636F6C6F723A7654
:10DD50006172282D2D6D75746564293B666F6E7434
:10DD60002D73697A653A2E3972656D7D2E676175FE
:10DD70006765526F777B646973706C61793A67721B
:10DD800069643B677269642D74656D706C6174655C
:10DD90002D636F6C756D6E733A31667220316672E9
:10DDA0003B6761703A313870787D2E6761756765C1
:10DDB0007B706F736974696F6E3A72656C617469B8
:10DDC00076653B646973706C61793A677269643B2C
:10DDD000706C6163652D6974656D733A63656E740B
:10DDE00065723B77696474683A31323670783B68A3
:10DDF00065696768743A31323670783B6D61726775
:10DE0000696E3A6175746F3B626F726465722D72F0
:10DE100061646975733A3530253B6261636B677283
:10DE20006F756E643A636F6E69632D6772616469C2
:10DE3000656E7428766172282D2D67617567652D72
:10DE4000636F6C6F722C766172282D2D6379616E11
:10DE5000292920766172282D2D67617567652C3020
:10DE600025292C233330343134612030297D2E672D
:10DE7000617567653A61667465727B636F6E746520
:10DE80006E743A22223B706F736974696F6E3A61E7
:10DE900062736F6C7574653B696E7365743A31308B
:10DEA00070783B626F726465722D7261646975731C
:10DEB0003A3530253B6261636B67726F756E643A09
:10DEC000233138323132377D2E676175676556618F
:10DED0006C75657B706F736974696F6E3A72656C8F
:10DEE00061746976653B7A2D696E6465783A313B79
:10DEF000666F6E742D73697A653A312E34357265AA
:10DF00006D3B666F6E742D7765696768743A37305C
:10DF1000303B746578742D616C69676E3A63656E29
:10DF20007465727D2E67617567654C6162656C7B97
:10DF3000746578742D616C69676E3A63656E74659B
:10DF4000723B636F6C6F723A766172282D2D6D751E
:10DF5000746564293B666F6E742D73697A653A2E19
:10DF6000373872656D3B746578742D7472616E73A9
:10DF7000666F726D3A7570706572636173653B6C44
:10DF800065747465722D73706163696E673A2E30C3
:10DF900038656D3B6D617267696E2D746F703A38CC
:10DFA00070787D2E66616E446973706C61797B74E4
:10DFB0006578742D616C69676E3A63656E7465721D
:10DFC0007D2E66616E47617567657B6261636B6715
:10DFD000726F756E643A72616469616C2D6772610B
:10DFE0006469656E7428636972636C652C233138CB
:10DFF000323132372030203536252C23333034313E
:10E00000346120353725203539252C2331383231FC
:10E01000323720363025293B626F726465723A349C
:10E02000707820736F6C6964202336383736376117
:10E030003B626F782D736861646F773A696E7365C0
:10E04000742030203020302032707820233130315D
:10E050003431382C302035707820313070782023DE
:10E0600030383062306438307D2E66616E476175BD
:10E0700067653A61667465727B696E7365743A3878
:10E0800070783B6261636B67726F756E643A72653C
:10E0900070656174696E672D72616469616C2D676A
:10E0A00072616469656E7428636972636C652C23A0
:10E0B00030303030203020313570782C23363837EE
:10E0C00036376120313670782031377078297D2ECF
:10E0D00066616E50657263656E747B6D61726769AF
:10E0E0006E2D746F703A3770783B666F6E742D7357
:10E0F000697A653A312E323572656D3B666F6E74A2
:10E100002D7765696768743A3730303B636F6C6FA1
:10E11000723A766172282D2D6379616E297D2E66A3
:10E12000616E49636F6E7B706F736974696F6E3A6D
:10E130006162736F6C7574653B7A2D696E64657886
:10E140003A313B77696474683A353570783B686575
:10E15000696768743A353570783B626F72646572CE
:10E160002D7261646975733A3530253B616E696D56
:10E170006174696F6E3A66616E5370696E202E37F6
:10E1800073206C696E65617220696E66696E697470
:10E1900065207061757365647D2E66616E49636F7D
:10E1A0006E2E72756E6E696E677B616E696D6174DD
:10E1B000696F6E2D706C61792D73746174653A723C
:10E1C000756E6E696E677D2E66616E426C61646508
:10E1D0007B706F736974696F6E3A6162736F6C758F
:10E1E00074653B6C6566743A323170783B746F705D
:10E1F0003A3270783B77696474683A313470783BAE
:10E200006865696768743A323970783B626F726426
:10E2100065722D7261646975733A35302520353029
:10E220002520343525203435253B6261636B6772C8
:10E230006F756E643A766172282D2D6379616E294F
:10E240003B7472616E73666F726D2D6F7269676970
:10E250006E3A37707820323570787D2E66616E4266
:10E260006C6164653A6E74682D6368696C64283209
:10E27000297B7472616E73666F726D3A726F74612E
:10E280007465283930646567297D2E66616E426C3D
:10E290006164653A6E74682D6368696C642833291B
:10E2A0007B7472616E73666F726D3A726F746174B3
:10E2B0006528313830646567297D2E66616E426C51
:10E2C0006164653A6E74682D6368696C64283429EA
:10E2D0007B7472616E73666F726D3A726F74617483
:10E2E0006528323730646567297D2E66616E487512
:10E2F000627B706F736974696F6E3A6162736F6C81
:10E300007574653B6C6566743A313970783B746F2F
:10E31000703A313970783B77696474683A31387093
:10E32000783B6865696768743A313870783B626F2A
:10E33000726465722D7261646975733A3530253B7C
:10E340006261636B67726F756E643A766172282DD5
:10E350002D686F74293B626F726465723A3370780E
:10E3600020736F6C696420233138323132377D403D
:10E370006B65796672616D65732066616E53706955
:10E380006E7B746F7B7472616E73666F726D3A72BE
:10E390006F7461746528333630646567297D7D2E1E
:10E3A00067617567652E636F6C647B2D2D67617582
:10E3B00067652D636F6C6F723A766172282D2D63DD
:10E3C0006F6C64297D2E67617567652E676F6F645A
:10E3D0007B2D2D67617567652D636F6C6F723A7663
:10E3E0006172282D2D676F6F64297D2E67617567B7
:10E3F000652E686F747B2D2D67617567652D636F62
:10E400006C6F723A766172282D2D64616E67657249
:10E41000297D2E616C6572747B6D617267696E2DEA
:10E42000626F74746F6D3A313470783B70616464FC
:10E43000696E673A3133707820313570783B626F9E
:10E44000726465722D7261646975733A3870783BD5
:10E450006261636B67726F756E643A766172282DC4
:10E460002D64616E676572293B636F6C6F723A232E
:10E470003131313B646973706C61793A6E6F6E65EE
:10E480007D2E616C6572742E73686F777B6469731F
:10E49000706C61793A666C65783B6A75737469660D
:10E4A000792D636F6E74656E743A73706163652D58
:10E4B0006265747765656E3B616C69676E2D697422
:10E4C000656D733A63656E7465723B6761703A316E
:10E4D0003270787D2E616C65727420627574746F11
:10E4E0006E7B6261636B67726F756E643A23313164
:10E4F000313B636F6C6F723A766172282D2D7465B3
:10E500007874293B626F726465722D636F6C6F72F1
:10E510003A233131317D2E666F726D7B6469737081
:10E520006C61793A677269643B677269642D7465DE
:10E530006D706C6174652D636F6C756D6E733A727E
:10E540006570656174286175746F2D6669742C6DD2
:10E55000696E6D61782832313070782C316672299D
:10E56000293B6761703A313470787D2E6669656C3D
:10E5700064206C6162656C7B646973706C61793A6C
:10E58000626C6F636B3B636F6C6F723A766172287B
:10E590002D2D6D75746564293B666F6E742D7369DE
:10E5A0007A653A2E383272656D3B6D617267696EBD
:10E5B0002D626F74746F6D3A3670787D2E66696562
:10E5C0006C6420696E7075742C2E6669656C6420AD
:10E5D00073656C6563747B77696474683A31303055
:10E5E000253B70616464696E673A313070783B62D4
:10E5F00061636B67726F756E643A23313031373106
:10E60000623B636F6C6F723A766172282D2D746570
:10E610007874293B626F726465723A317078207346
:10E620006F6C696420766172282D2D6C696E652986
:10E630003B626F726465722D7261646975733A36FC
:10E6400070783B666F6E743A696E68657269747D46
:10E650002E616374696F6E737B646973706C61792A
:10E660003A666C65783B666C65782D777261703AB6
:10E67000777261703B6761703A3870783B616C69A2
:10E68000676E2D6974656D733A63656E7465723B70
:10E690006D617267696E2D746F703A313770787D75
:10E6A0002E68696E747B636F6C6F723A7661722844
:10E6B0002D2D6D75746564293B666F6E742D7369BD
:10E6C0007A653A2E383572656D7D68327B666F6E7D
:10E6D000742D73697A653A312E303572656D3B63FE
:10E6E0006F6C6F723A766172282D2D6379616E2995
:10E6F0003B6D617267696E3A32327078203020313A
:10E700003170787D2E70726F62657B646973706C96
:10E7100061793A666C65783B666C65782D646972E0
:10E72000656374696F6E3A636F6C756D6E3B67619C
:10E73000703A313070787D2E70726F6265202E765F
:10E74000616C75657B636F6C6F723A766172282DB0
:10E750002D6379616E297D0A406D65646961286D5C
:10E7600061782D77696474683A3638307078297B1F
:10E77000626F64797B70616464696E673A3130708E
:10E78000787D2E6865726F7B677269642D74656D24
:10E79000706C6174652D636F6C756D6E733A316664
:10E7A000727D2E6865726F2C2E6865726F202E63E5
:10E7B0006172647B6D696E2D6865696768743A3053
:10E7C0007D2E67617567657B77696474683A31305F
:10E7D0003870783B6865696768743A3130387078AA
:10E7E0007D6865616465727B70616464696E673AB7
:10E7F0003135707820313470787D2E6272616E64AC
:10E800004E616D657B666F6E742D73697A653A3102
:10E8100072656D7D2E7374617475737B666F6E7433
:10E820002D73697A653A2E383272656D7D6E617628
:10E830007B6F766572666C6F772D783A6175746F51
:10E840003B7363726F6C6C6261722D77696474687C
:10E850003A6E6F6E657D6E61763A3A2D7765626BC2
:10E8600069742D7363726F6C6C6261727B6469731F
:10E87000706C61793A6E6F6E657D6E61762062753F
:10E8800074746F6E7B666C65783A302030206175E9
:10E89000746F3B6D696E2D6865696768743A3434CE
:10E8A00070787D2E737461746556616C75657B66D6
:10E8B0006F6E742D73697A653A312E3872656D7D8D
:10E8C0002E636172647B70616464696E673A31348F
:10E8D00070787D2E6669656C6420696E7075742C25
:10E8E0002E6669656C642073656C6563742C627553
:10E8F00074746F6E7B6D696E2D6865696768743AB4
:10E90000343470787D2E616374696F6E7320627524
:10E9100074746F6E7B666C65783A312031203134C7
:10E920003070787D7D0A406D65646961286D61781D
:10E930002D77696474683A3339307078297B2E6793
:10E9400061756765526F777B6761703A3870787D63
:10E950002E67617567657B77696474683A393670CC
:10E96000783B6865696768743A393670787D2E67D8
:10E970006175676556616C75657B666F6E742D7326
:10E98000697A653A312E3272656D7D2E67617567E1
:10E99000654C6162656C7B666F6E742D73697A6518
:10E9A0003A2E3772656D7D2E76616C75657B666F6C
:10E9B0006E742D73697A653A312E333572656D7DCB
:10E9C0007D0A3C2F7374796C653E3C2F68656164E9
:10E9D0003E3C626F64793E3C6D61696E20636C61A0
:10E9E00073733D2277726170223E0A3C68656164F0
:10E9F00065723E3C64697620636C6173733D22628C
:10EA000072616E64223E3C64697620636C6173734C
:10EA10003D226272616E644E616D65223E426F6995
:10EA20006C657220417373697374616E743C2F64FA
:10EA300069763E3C6469762069643D226272616E4B
:10EA4000644D61726B222068696464656E3E3C2F80
:10EA50006469763E3C6469762069643D2262726135
:10EA60006E6454656D70222068696464656E3E3C16
:10EA70002F6469763E3C64697620636C6173733DF4
:10EA800022656E765374726970223E3C646976200A
:10EA9000636C6173733D22686561646572456E766F
:10EAA000223E3C64697620636C6173733D226C6125
:10EAB00062656C223E4F7574646F6F723C2F64699F
:10EAC000763E3C64697620636C6173733D227661A7
:10EAD0006C7565222069643D226D61696E4F7574A5
:10EAE000646F6F72223E2D2D2D3C2F6469763E3C63
:10EAF0002F6469763E3C64697620636C6173733D74
:10EB000022686561646572456E76223E3C64697672
:10EB100020636C6173733D226C6162656C223E48B8
:10EB2000756D69646974793C2F6469763E3C6469EB
:10EB30007620636C6173733D2276616C756522206B
:10EB400069643D226D61696E48756D6964697479A7
:10EB5000223E2D2D2D3C2F6469763E3C2F64697634
:10EB60003E3C64697620636C6173733D2268656125
:10EB7000646572456E76223E3C64697620636C6102
:10EB800073733D226C6162656C223E5072657373D3
:10EB90007572653C2F6469763E3C64697620636CCF
:10EBA0006173733D2276616C7565222069643D2234
:10EBB0006D61696E5072657373757265223E2D2D9D
:10EBC0002D3C2F6469763E3C2F6469763E3C2F6471
:10EBD00069763E3C2F6469763E3C64697620636CBE
:10EBE0006173733D22737461747573222069643D8F
:10EBF00022636F6E6E656374696F6E223E436F6E43
:10EC00006E656374696E672E2E2E3C2F6469763EA6
:10EC10003C2F6865616465723E0A3C7374796C656B
:10EC20003E406B65796672616D6573206272616EDC
:10EC300064466972657B66726F6D7B7472616E7318
:10EC4000666F726D3A726F746174652831386465ED
:10EC50006729207363616C65282E39297D746F7B69
:10EC60007472616E73666F726D3A726F74617465FF
:10EC700028333264656729207363616C6528312EFF
:10EC800031297D7D406B65796672616D65732062A7
:10EC900072616E64536D6F6B657B30257B6F706145
:10ECA000636974793A303B7472616E73666F726D2A
:10ECB0003A7472616E736C61746528302C357078AB
:10ECC00029207363616C65282E37297D3235257BB9
:10ECD0006F7061636974793A2E387D313030257BED
:10ECE0006F7061636974793A303B7472616E7366F8
:10ECF0006F726D3A7472616E736C617465282D3831
:10ED000070782C2D3139707829207363616C6528F7
:10ED1000312E33297D7D406B65796672616D657337
:10ED2000206272616E645A7A7A7B30252C313030E1
:10ED3000257B7472616E73666F726D3A7472616E68
:10ED4000736C6174655928327078297D3530257B64
:10ED50007472616E73666F726D3A7472616E736C09
:10ED600061746559282D347078297D7D3C2F73742A
:10ED7000796C653E0A3C7374796C653E2E737461E0
:10ED800074654261727B646973706C61793A666C18
:10ED900065783B6A7573746966792D636F6E746507
:10EDA0006E743A73706163652D6265747765656E24
:10EDB0003B616C69676E2D6974656D733A63656E4E
:10EDC0007465723B70616464696E673A3131707862
:10EDD00020313570783B6D617267696E2D626F749A
:10EDE000746F6D3A313370783B626F726465723A5A
:10EDF00031707820736F6C696420766172282D2DD4
:10EE00006C696E65293B626F726465722D72616414
:10EE10006975733A3870783B6261636B67726F75BE
:10EE20006E643A233162326133303B746578742DFD
:10EE30007472616E73666F726D3A7570706572632D
:10EE40006173657D2E737461746542617220236203
:10EE500075726E53746174657B666F6E742D736921
:10EE60007A653A312E323572656D3B666F6E742D60
:10EE70007765696768743A3730303B636F6C6F72DF
:10EE80003A766172282D2D686F74297D2E73746116
:10EE9000746548696E747B666F6E742D73697A65EC
:10EEA0003A2E363872656D3B636F6C6F723A7661DD
:10EEB00072282D2D6D75746564293B6C65747465BD
:10EEC000722D73706163696E673A2E3038656D7D9F
:10EED0002E626F696C65724C61796F75747B6469C1
:10EEE00073706C61793A677269643B677269642D0B
:10EEF00074656D706C6174652D636F6C756D6E7388
:10EF00003A31667220312E34356672203166723B9A
:10EF10006761703A313370783B616C69676E2D6957
:10EF200074656D733A737472657463687D2E73696A
:10EF300064654D65747269637B746578742D616C6A
:10EF400069676E3A63656E7465723B646973706C71
:10EF500061793A666C65783B666C65782D64697298
:10EF6000656374696F6E3A636F6C756D6E3B6A753D
:10EF700073746966792D636F6E74656E743A636538
:10EF80006E7465723B6D696E2D6865696768743A69
:10EF900032343570787D2E6D65747269634E6F748E
:10EFA000657B6D617267696E2D746F703A31307078
:10EFB000783B636F6C6F723A766172282D2D6D7598
:10EFC000746564293B666F6E742D73697A653A2E99
:10EFD0003872656D7D2E626F696C657253746167FE
:10EFE000657B6D696E2D6865696768743A32343582
:10EFF00070783B646973706C61793A666C65783BD4
:10F00000666C65782D646972656374696F6E3A63C6
:10F010006F6C756D6E3B616C69676E2D6974656DA3
:10F02000733A63656E7465723B6A75737469667969
:10F030002D636F6E74656E743A63656E7465727D70
:10F040002E626F696C65724172747B706F73697444
:10F05000696F6E3A72656C61746976653B77696455
:10F0600074683A31373070783B6865696768743A1C
:10F0700031393070783B6D617267696E2D746F70D5
:10F080003A313870787D2E626F696C6572526F6F9D
:10F09000667B706F736974696F6E3A6162736F6CCF
:10F0A0007574653B6C6566743A3870783B746F7044
:10F0B0003A313770783B77696474683A3135347027
:10F0C000783B6865696768743A333570783B626F7E
:10F0D000726465722D7261646975733A3530253BCF
:10F0E0006261636B67726F756E643A2335323633D3
:10F0F00036613B626F726465723A35707820736F67
:10F100006C696420233835393239383B626F782D89
:10F11000736861646F773A3020357078203020232F
:10F120003236333433617D2E626F696C6572426FA3
:10F1300064797B706F736974696F6E3A6162736F23
:10F140006C7574653B6C6566743A313470783B74E9
:10F150006F703A333470783B77696474683A31344D
:10F160003270783B6865696768743A31333070781B
:10F170003B626F726465723A35707820736F6C69A8
:10F180006420233835393239383B626F72646572D6
:10F190002D7261646975733A31357078203135703C
:10F1A00078203232707820323270783B6261636B43
:10F1B00067726F756E643A6C696E6561722D677205
:10F1C000616469656E742839306465672C23333453
:10F1D000343734652C2336383739376420343525B5
:10F1E0002C23326233623432293B626F782D73688C
:10F1F00061646F773A696E7365742030202D313207
:10F200007078203020233236333433612C3020386C
:10F210007078203020233130313431387D2E626FC8
:10F22000696C6572446F6F727B706F736974696F1C
:10F230006E3A6162736F6C7574653B6C6566743AA7
:10F24000343270783B626F74746F6D3A313270781B
:10F250003B77696474683A353770783B68656967ED
:10F2600068743A373270783B626F726465723A350F
:10F27000707820736F6C6964202331623237326397
:10F280003B626F726465722D7261646975733A32A4
:10F29000377078203237707820387078203870785E
:10F2A0003B6261636B67726F756E643A2331303114
:10F2B0003431383B626F782D736861646F773A69D7
:10F2C0006E73657420302030203020337078202316
:10F2D0003639373837637D2E626F696C65724669DF
:10F2E00072657B706F736974696F6E3A6162736F78
:10F2F0006C7574653B6C6566743A323070783B624D
:10F300006F74746F6D3A313370783B7769647468E9
:10F310003A313870783B6865696768743A333070A1
:10F32000783B626F726465722D7261646975733ABD
:10F330003730252033352520363525203335253BFC
:10F340006261636B67726F756E643A766172282DC5
:10F350002D686F74293B6F7061636974793A303B33
:10F360007472616E73666F726D3A726F74617465F8
:10F37000283234646567293B626F782D7368616455
:10F380006F773A30203020313670782076617228DD
:10F390002D2D686F74297D2E626F696C65724172C4
:10F3A000742E6275726E696E67202E626F696C656D
:10F3B00072466972657B6F7061636974793A313B3B
:10F3C000616E696D6174696F6E3A6272616E6446F6
:10F3D000697265202E377320656173652D696E2D06
:10F3E0006F757420696E66696E69746520616C74EE
:10F3F00065726E6174657D2E656D6265727B706F7E
:10F40000736974696F6E3A6162736F6C7574653B92
:10F41000626F74746F6D3A3870783B7769647468A2
:10F420003A3670783B6865696768743A3470783B3F
:10F43000626F726465722D7261646975733A3530FA
:10F44000253B6261636B67726F756E643A766172B9
:10F45000282D2D686F74293B6F7061636974793A48
:10F46000307D2E656D6265724F6E657B6C6566746E
:10F470003A313770787D2E656D62657254776F7B97
:10F4800072696768743A313570787D2E626F696C85
:10F4900065724172742E69646C65202E656D6265BB
:10F4A000727B6F7061636974793A2E37353B626F96
:10F4B000782D736861646F773A3020302037707828
:10F4C00020766172282D2D686F74293B616E696DFD
:10F4D0006174696F6E3A656D62657250756C7365C3
:10F4E00020312E337320656173652D696E2D6F7524
:10F4F0007420696E66696E69746520616C746572EA
:10F500006E6174657D2E6368696D6E65797B706F61
:10F51000736974696F6E3A6162736F6C7574653B81
:10F520006C6566743A363670783B746F703A2D327B
:10F5300070783B77696474683A333870783B6865F3
:10F54000696768743A343570783B6261636B6772DF
:10F550006F756E643A233462356236303B626F7287
:10F560006465723A34707820736F6C696420233854
:10F5700035393239383B626F726465722D626F744F
:10F58000746F6D3A303B626F726465722D726164A4
:10F590006975733A36707820367078203020307D67
:10F5A0002E6368696D6E657920697B706F7369740D
:10F5B000696F6E3A6162736F6C7574653B776964ED
:10F5C00074683A3970783B6865696768743A39706D
:10F5D000783B626F726465723A32707820736F6C38
:10F5E000696420766172282D2D6D75746564293BE0
:10F5F000626F726465722D7261646975733A353039
:10F60000253B6F7061636974793A307D2E626F6952
:10F610006C65724172742E6275726E696E67202E0F
:10F620006368696D6E657920697B616E696D61746F
:10F63000696F6E3A6272616E64536D6F6B652032F2
:10F640002E327320656173652D6F757420696E6647
:10F65000696E6974657D2E6368696D6E6579206970
:10F660003A6E74682D6368696C642831297B6C6517
:10F6700066743A313270783B746F703A2D31327063
:10F68000787D2E6368696D6E657920693A6E74685D
:10F690002D6368696C642832297B6C6566743A3224
:10F6A00070783B746F703A2D323270783B616E69BE
:10F6B0006D6174696F6E2D64656C61793A2E377374
:10F6C0007D2E6368696D6E657920693A6E74682D68
:10F6D0006368696C642833297B6C6566743A3137DA
:10F6E00070783B746F703A2D333170783B616E697E
:10F6F0006D6174696F6E2D64656C61793A312E3479
:10F70000737D2E626F696C657243617074696F6E90
:10F710007B636F6C6F723A766172282D2D686F74FF
:10F72000293B666F6E742D7765696768743A373068
:10F73000303B666F6E742D73697A653A2E38357278
:10F74000656D3B6D617267696E2D746F703A3570CF
:10F75000787D2E6D696E6947617567657B77696431
:10F7600074683A393270783B6865696768743A3909
:10F770003270783B6D617267696E3A31367078200D
:10F780006175746F20307D2E6D696E694761756794
:10F7900065202E676175676556616C75657B666F60
:10F7A0006E742D73697A653A2E3972656D7D2E6699
:10F7B000616E436172647B646973706C61793A66EF
:10F7C0006C65783B6A7573746966792D636F6E74C6
:10F7D000656E743A63656E7465723B616C69676EE1
:10F7E0002D6974656D733A63656E7465723B67610C
:10F7F000703A333070783B6D617267696E2D746F4B
:10F80000703A313370783B6D696E2D686569676851
:10F81000743A31323570787D2E66616E4361726460
:10F820003E2E6C6162656C7B6D617267696E3A3009
:10F830007D2E66616E43617264202E76616C756503
:10F840007B666F6E742D73697A653A312E317265FD
:10F850006D3B636F6C6F723A766172282D2D6D75FA
:10F86000746564297D406B65796672616D6573208E
:10F87000656D62657250756C73657B66726F6D7BCA
:10F880006F7061636974793A2E33357D746F7B6F65
:10F890007061636974793A317D7D406D6564696139
:10F8A000286D61782D77696474683A3638307078DD
:10F8B000297B2E626F696C65724C61796F75747B00
:10F8C000677269642D74656D706C6174652D636F0A
:10F8D0006C756D6E733A31667220312E336672200C
:10F8E0003166723B6761703A3770787D2E73696458
:10F8F000654D65747269637B6D696E2D68656967B6
:10F9000068743A32303570783B70616464696E6750
:10F910003A313070787D2E626F696C657253746114
:10F9200067657B6D696E2D6865696768743A32300A
:10F930003570783B70616464696E673A3570787DC4
:10F940002E626F696C65724172747B7472616E7342
:10F95000666F726D3A7363616C65282E38293B6D52
:10F96000617267696E3A2D3870782030202D3132FF
:10F9700070787D2E737461746542617220236275A4
:10F98000726E53746174657B666F6E742D73697AE1
:10F99000653A312E303572656D7D2E66616E43613C
:10F9A00072647B6D696E2D6865696768743A313081
:10F9B0003570783B6761703A313570787D7D0A3CEF
:10F9C0002F7374796C653E0A3C7374796C653E2EB6
:10F9D00073746174654261727B6A75737469667968
:10F9E0002D636F6E74656E743A63656E7465727DB7
:10F9F0002E626F696C65724C61796F75747B67728A
:10FA000069642D74656D706C6174652D636F6C75C0
:10FA10006D6E733A3133307078206D696E6D617838
:10FA20002831373070782C316672292031333070AC
:10FA3000787D2E626F696C65724172747B7472613D
:10FA40006E73666F726D3A7363616C65282E373220
:10FA5000293B6D617267696E3A2D313870782030BC
:10FA6000202D333070787D2E626F696C657253740F
:10FA70006167657B6D696E2D6865696768743A3288
:10FA8000303570787D2E66616E536964657B616C7C
:10FA900069676E2D6974656D733A63656E7465721E
:10FAA0007D2E66616E53696465202E66616E4761C6
:10FAB0007567657B77696474683A31303470783B78
:10FAC0006865696768743A31303470787D2E776183
:10FAD000746572556E646572426F696C65727B7491
:10FAE0006578742D616C69676E3A63656E746572D2
:10FAF0003B6D617267696E2D746F703A2D3470784A
:10FB00007D2E7761746572556E646572426F696CA3
:10FB10006572202E6C6162656C7B6D617267696EC7
:10FB20002D626F74746F6D3A3370787D2E776174C7
:10FB30006572556E646572426F696C6572202E76CF
:10FB4000616C75657B666F6E742D73697A653A3189
:10FB50002E323572656D3B636F6C6F723A766172EF
:10FB6000282D2D6379616E297D2E65786861757306
:10FB700074536964657B616C69676E2D6974656D2A
:10FB8000733A63656E7465727D2E6578686175730E
:10FB900074526561646F75747B746578742D616CE3
:10FBA00069676E3A63656E7465723B6D6172676911
:10FBB0006E2D746F703A313070787D2E6578686183
:10FBC000757374526561646F7574202E76616C75FF
:10FBD000657B636F6C6F723A766172282D2D637945
:10FBE000616E293B666F6E742D73697A653A312EAA
:10FBF000323572656D7D2E626F696C65724172740B
:10FC00002E6275726E696E67202E6368696D6E650F
:10FC10007920693A6E74682D6368696C64283429A8
:10FC20002C2E626F696C65724172742E6275726EF1
:10FC3000696E67202E6368696D6E657920693A6E1A
:10FC400074682D6368696C642835297B616E696D01
:10FC50006174696F6E3A6272616E64536D6F6B6549
:10FC600020322E327320656173652D6F75742069A3
:10FC70006E66696E6974657D2E626F696C6572412E
:10FC800072742E6275726E696E67202E6368696D7C
:10FC90006E657920693A6E74682D6368696C6428B2
:10FCA00034297B6C6566743A323070783B746F70BF
:10FCB0003A2D313670783B616E696D6174696F6E93
:10FCC0002D64656C61793A2E3335737D2E626F69D0
:10FCD0006C65724172742E6275726E696E67202E49
:10FCE0006368696D6E657920693A6E74682D636822
:10FCF000696C642835297B6C6566743A2D3570789B
:10FD00003B746F703A2D323870783B616E696D616B
:10FD100074696F6E2D64656C61793A312E3035737C
:10FD20007D2E626F696C65725A7A7A7B706F736927
:10FD300074696F6E3A6162736F6C7574653B6C6564
:10FD400066743A343270783B746F703A2D33307089
:10FD5000783B77696474683A353070783B636F6CD0
:10FD60006F723A766172282D2D6379616E293B6638
:10FD70006F6E742D73697A653A3172656D3B666F8B
:10FD80006E742D7765696768743A3730303B6F70F1
:10FD900061636974793A307D2E626F696C65724176
:10FDA00072742E69646C65202E626F696C65725A7C
:10FDB0007A7A7B6F7061636974793A317D2E626FF4
:10FDC000696C65725A7A7A207370616E7B706F739A
:10FDD0006974696F6E3A6162736F6C7574653B6FBD
:10FDE0007061636974793A303B616E696D61746901
:10FDF0006F6E3A626F696C65725A7A7A20322E3869
:10FE00007320656173652D6F757420696E66696E08
:10FE10006974657D2E626F696C65725A7A7A207397
:10FE200070616E3A6E74682D6368696C642831295C
:10FE30007B6C6566743A323470783B746F703A311B
:10FE40003870783B616E696D6174696F6E2D6465A1
:10FE50006C61793A30737D2E626F696C65725A7A83
:10FE60007A207370616E3A6E74682D6368696C6491
:10FE70002832297B6C6566743A313070783B746F38
:10FE8000703A3870783B616E696D6174696F6E2D80
:10FE900064656C61793A2E39737D2E626F696C6589
:10FEA000725A7A7A207370616E3A6E74682D636844
:10FEB000696C642833297B6C6566743A33317078D9
:10FEC0003B746F703A303B616E696D6174696F6E3F
:10FED0002D64656C61793A312E38737D406B65799C
:10FEE0006672616D657320626F696C65725A7A7AA9
:10FEF0007B30257B6F7061636974793A303B747233
:10FF0000616E73666F726D3A7472616E736C617458
:10FF10006528302C38707829207363616C65282E31
:10FF200037297D3230257B6F7061636974793A318E
:10FF30007D313030257B6F7061636974793A303B75
:10FF40007472616E73666F726D3A7472616E736C07
:10FF5000617465282D313070782C2D3234707829F9
:10FF6000207363616C6528312E32297D7D406D657B
:10FF7000646961286D61782D77696474683A3638F0
:10FF8000307078297B2E626F696C65724C61796F75
:10FF900075747B677269642D74656D706C617465CE
:10FFA0002D636F6C756D6E733A3130307078206DE3
:10FFB000696E6D61782831343070782C3166722921
:10FFC0002031303070783B6761703A3770787D2E21
:10FFD000626F696C65724172747B7472616E736674
:10FFE0006F726D3A7363616C65282E3538293B6DED
:10FFF000617267696E3A2D333070782030202D346D
:020000023000CC
:100000003270787D2E626F696C65725374616765BA
:100010007B6D696E2D6865696768743A3137357034
:10002000787D2E66616E53696465202E66616E4729
:10003000617567657B77696474683A383470783BBA
:100040006865696768743A383470787D2E776174B2
:100050006572556E646572426F696C6572202E76AA
:10006000616C75652C2E6578686175737452656175
:10007000646F7574202E76616C75657B666F6E7427
:100080002D73697A653A312E303572656D7D7D3C10
:100090002F7374796C653E0A3C7374796C653E2EDF
:1000A000626F696C65724172742E6275726E696EF0
:1000B00067202E6368696D6E657920697B77696456
:1000C00074683A313370783B6865696768743A31AF
:1000D0003370783B626F726465722D7769647468FF
:1000E0003A3370787D2E626F696C65724172742E3E
:1000F0006275726E696E67202E6368696D6E6579D0
:1001000020693A6E74682D6368696C642836297BAF
:100110006C6566743A3870783B746F703A2D333979
:1001200070783B616E696D6174696F6E3A6272617D
:100130006E64536D6F6B6520322E32732065617370
:10014000652D6F757420696E66696E6974653B61B3
:100150006E696D6174696F6E2D64656C61793A2E9C
:1001600037737D2E626F696C65724172742E627591
:10017000726E696E67202E6368696D6E657920699D
:100180003A6E74682D6368696C642837297B6C65E6
:1001900066743A323670783B746F703A2D3438702A
:1001A000783B616E696D6174696F6E3A6272616EFF
:1001B00064536D6F6B6520322E32732065617365F9
:1001C0002D6F757420696E66696E6974653B616E2A
:1001D000696D6174696F6E2D64656C61793A312E59
:1001E00034737D2E626F696C65725A7A7A7B6C65A6
:1001F00066743A2D3270783B746F703A2D323270DB
:10020000783B77696474683A363270783B666F6E13
:10021000742D73697A653A312E363572656D7D2E8F
:10022000626F696C65725A7A7A207370616E3A6E89
:1002300074682D6368696C642831297B6C65667409
:100240003A313270783B746F703A313070787D2E6D
:10025000626F696C65725A7A7A207370616E3A6E59
:1002600074682D6368696C642832297B6C656674D8
:100270003A303B746F703A2D3370787D2E626F691F
:100280006C65725A7A7A207370616E3A6E74682D5A
:100290006368696C642833297B6C6566743A323014
:1002A00070783B746F703A2D313670787D2E626FA6
:1002B000696C65725A7A7A207370616E3A6E7468EE
:1002C0002D6368696C642834297B6C6566743A33E5
:1002D0003970783B746F703A2D323670783B616EAE
:1002E000696D6174696F6E2D64656C61793A322E47
:1002F00032737D2E626F696C65725A7A7A207370E0
:10030000616E3A6E74682D6368696C642835297B68
:100310006C6566743A323570783B746F703A2D3381
:100320003870783B616E696D6174696F6E2D6465BC
:100330006C61793A322E37737D3C2F7374796C651A
:100340003E0A3C7374796C653E2E6272616E644E37
:10035000616D657B666F6E742D73697A653A312EB7
:10036000333872656D7D2E737461746542617220DD
:10037000236275726E53746174657B666F6E742D43
:1003800073697A653A312E343872656D7D406D65DA
:10039000646961286D61782D77696474683A3638CC
:1003A000307078297B2E6272616E644E616D657B60
:1003B000666F6E742D73697A653A312E31387265C5
:1003C0006D7D2E7374617465426172202362757253
:1003D0006E53746174657B666F6E742D73697A6594
:1003E0003A312E323272656D7D7D3C2F7374796C9B
:1003F000653E0A3C7374796C653E2E6272616E6470
:100400004E616D657B666F6E742D73697A653A31E6
:100410002E353572656D7D2E657868617573745300
:100420006964657B6F766572666C6F773A6869643C
:1004300064656E3B70616464696E672D6C6566749B
:100440003A3870783B70616464696E672D726967D1
:1004500068743A3870787D2E657868617573745366
:10046000696465202E6D696E6947617567657B7784
:10047000696474683A373470783B68656967687492
:100480003A373470783B6D617267696E2D746F70A6
:100490003A3470787D2E7761746572556E6465723A
:1004A000426F696C65722C2E657868617573745241
:1004B0006561646F75747B746578742D616C6967B0
:1004C0006E3A63656E7465723B6D617267696E2D1D
:1004D000746F703A3670787D2E7761746572556EE0
:1004E000646572426F696C6572202E66616E50653C
:1004F0007263656E742C2E657868617573745265CD
:1005000061646F7574202E66616E50657263656EEE
:10051000747B6D617267696E2D746F703A307D2ED9
:100520007761746572556E646572426F696C65724D
:10053000202E6C6162656C2C2E6578686175737411
:10054000526561646F7574202E6C6162656C7B6DA1
:10055000617267696E2D746F703A3370787D2E7793
:1005600061746572556E646572426F696C65722064
:100570002E76616C75652C2E657868617573745282
:100580006561646F7574202E76616C75657B666F2E
:100590006E742D73697A653A312E323572656D3B12
:1005A000666F6E742D7765696768743A3730303BD3
:1005B000636F6C6F723A766172282D2D6379616E6C
:1005C000297D406D65646961286D61782D77696466
:1005D00074683A3638307078297B2E6272616E64A6
:1005E0004E616D657B666F6E742D73697A653A3105
:1005F0002E323872656D7D2E65786861757374531F
:10060000696465202E6D696E6947617567657B77E2
:10061000696474683A363670783B686569676874EF
:100620003A363670787D2E7761746572556E6465E2
:1006300072426F696C6572202E76616C75652C2E26
:1006400065786861757374526561646F7574202E86
:1006500076616C75657B666F6E742D73697A653A29
:10066000312E303572656D7D7D3C2F7374796C65EC
:100670003E0A3C7374796C653E2E626F696C6572DC
:10068000446F6F72202E626F696C65724669726585
:100690007B77696474683A323370783B6865696760
:1006A00068743A333870783B6C6566743A313670EA
:1006B000783B626F74746F6D3A313070787D2E6262
:1006C0006F696C6572446F6F72202E666C616D6528
:1006D00054776F7B77696474683A313570783B681A
:1006E00065696768743A323770783B6C6566743A4E
:1006F000333170783B626F74746F6D3A3970783B48
:10070000616E696D6174696F6E2D64656C61793AB3
:100710002E31387321696D706F7274616E743B7421
:1007200072616E73666F726D3A726F746174652870
:100730002D31346465672921696D706F7274616E43
:10074000747D2E626F696C6572446F6F72202E66C5
:100750006C616D6554687265657B77696474683A2D
:10076000313270783B6865696768743A3232707804
:100770003B6C6566743A3870783B626F74746F6D69
:100780003A3870783B616E696D6174696F6E2D6483
:10079000656C61793A2E33347321696D706F7274B0
:1007A000616E743B7472616E73666F726D3A726FD4
:1007B000746174652834326465672921696D706FCE
:1007C0007274616E747D2E626F696C6572417274B1
:1007D0002E6275726E696E67202E626F696C65722B
:1007E000466972657B6F7061636974793A313B6108
:1007F0006E696D6174696F6E3A626F696C6572469D
:100800006C616D65202E36357320656173652D69C9
:100810006E2D6F757420696E66696E6974652061EE
:100820006C7465726E6174657D2E626F696C657241
:100830004172742E69646C65202E626F696C6572FA
:10084000466972657B6F7061636974793A2E3138DD
:100850007D2E626F696C65724172742E69646C657D
:10086000202E666C616D6554776F2C2E626F696CFB
:1008700065724172742E69646C65202E666C616DC0
:100880006554687265657B6F7061636974793A2E2F
:1008900030387D2E626F696C65724172742E6964A6
:1008A0006C65202E656D6265727B77696474683A49
:1008B0003870783B6865696768743A3570783B6F63
:1008C0007061636974793A313B626F782D73686146
:1008D000646F773A30203020313070782076617242
:1008E000282D2D686F74297D406B65796672616D66
:1008F000657320626F696C6572466C616D657B66BD
:10090000726F6D7B66696C7465723A627269676852
:10091000746E657373282E39293B7472616E736629
:100920006F726D3A7363616C65282E392920726F7E
:1009300074617465283230646567297D746F7B66E5
:10094000696C7465723A6272696768746E65737314
:1009500028312E33293B7472616E73666F726D3A63
:100960007363616C6528312E31322920726F746196
:100970007465283330646567297D7D3C2F737479F5
:100980006C653E0A3C7374796C653E2E6272616ED2
:10099000644E616D657B666F6E742D73697A653A1E
:1009A000312E383272656D7D406D65646961286DE8
:1009B00061782D77696474683A3638307078297BAD
:1009C0002E6272616E644E616D657B666F6E742D12
:1009D00073697A653A312E343872656D7D7D3C2FAE
:1009E0007374796C653E0A3C7374796C653E2E6253
:1009F0006F696C6572536869656C647B6469737058
:100A00006C61793A6E6F6E653B706F736974696F74
:100A10006E3A6162736F6C7574653B7A2D696E64B2
:100A200065783A343B6C6566743A323570783B745D
:100A30006F703A3870783B77696474683A3932700D
:100A4000783B6865696768743A31313270783B6227
:100A50006F726465723A34707820736F6C696420C9
:100A6000233535633463373B626F726465722D7270
:100A700061646975733A343825203438252035325D
:100A800025203532253B6261636B67726F756E643A
:100A90003A2331343338336463633B626F782D73A8
:100AA0006861646F773A30203020313670782023C7
:100AB00035356334633739392C696E73657420308A
:100AC0002030203132707820233535633463373657
:100AD000363B616C69676E2D6974656D733A636549
:100AE0006E7465723B6A7573746966792D636F6E97
:100AF00074656E743A63656E7465723B636F6C6F98
:100B0000723A233535633463373B666F6E742D73E9
:100B1000697A653A322E3272656D3B666F6E742D5E
:100B20007765696768743A3730307D2E626F696C1B
:100B300065724172742E677561726469616E202EF0
:100B4000626F696C6572536869656C647B64697314
:100B5000706C61793A666C65787D2E626F696C6540
:100B6000724172742E677561726469616E202E62C3
:100B70006F696C6572466972652C2E626F696C656F
:100B8000724172742E677561726469616E202E63A2
:100B900068696D6E657920692C2E626F696C65726B
:100BA0004172742E677561726469616E202E626F86
:100BB000696C65725A7A7A7B646973706C61793A90
:100BC0006E6F6E657D2E626F696C65724172742EF8
:100BD000677561726469616E202E656D6265727BF6
:100BE0006F7061636974793A313B77696474683A0C
:100BF0003870783B6865696768743A3570783B622D
:100C00006F782D736861646F773A3020302031320D
:100C1000707820766172282D2D686F74293B616E83
:100C2000696D6174696F6E3A656D62657250756C5D
:100C3000736520312E337320656173652D696E2DC8
:100C40006F757420696E66696E69746520616C7475
:100C500065726E6174657D2E626F696C657241723A
:100C6000742E677561726469616E202E626F696CA3
:100C70006572446F6F727B626F726465722D636F11
:100C80006C6F723A233535633463377D3C2F737450
:100C9000796C653E0A3C7374796C653E2E6D6574A3
:100CA000726963526561646F75747B746578742DC5
:100CB000616C69676E3A63656E7465723B6D6172F3
:100CC00067696E2D746F703A3670787D2E6D65741D
:100CD000726963526561646F7574202E6C61626520
:100CE0006C7B6D617267696E2D746F703A337078CA
:100CF0007D2E66616E536964652C2E65786861751A
:100D00007374536964657B6A7573746966792D635E
:100D10006F6E74656E743A63656E7465727D3C2F98
:100D20007374796C653E0A3C7374796C653E2E6809
:100D30006973746F72795469746C657B666F6E74D5
:100D40002D73697A653A312E323572656D3B666F67
:100D50006E742D7765696768743A3730303B636F1E
:100D60006C6F723A766172282D2D686F74297D2E12
:100D7000686973746F727948696E747B6D617267AC
:100D8000696E3A347078203020313470783B636F6C
:100D90006C6F723A766172282D2D6D7574656429B9
:100DA0003B666F6E742D73697A653A2E38327265C0
:100DB0006D7D2E686973746F72794C6973747B648E
:100DC0006973706C61793A677269643B6761703A04
:100DD0003870787D2E686973746F7279526F777B83
:100DE000646973706C61793A677269643B677269B0
:100DF000642D74656D706C6174652D636F6C756DB9
:100E00006E733A3338707820316672203166723BE7
:100E10006761703A3870783B616C69676E2D6974F0
:100E2000656D733A63656E7465723B706164646985
:100E30006E673A313070783B626F726465723A3136
:100E4000707820736F6C696420766172282D2D6C28
:100E5000696E65293B626F726465722D72616469A7
:100E600075733A3770783B6261636B67726F756E4A
:100E7000643A233137323232387D2E686973746FA9
:100E80007279526F77202E696E6465787B636F6C20
:100E90006F723A766172282D2D6D75746564293BE9
:100EA000666F6E742D7765696768743A3730307D88
:100EB0002E686973746F7279526F77202E68697328
:100EC000746F727956616C75657B666F6E742D7781
:100ED00065696768743A3730303B636F6C6F723A9C
:100EE000766172282D2D6379616E297D2E68697374
:100EF000746F72794C6162656C7B646973706C614C
:100F0000793A626C6F636B3B636F6C6F723A7661B8
:100F100072282D2D6D75746564293B666F6E742D76
:100F200073697A653A2E363572656D3B74657874EF
:100F30002D7472616E73666F726D3A757070657242
:100F4000636173653B6C65747465722D7370616366
:100F5000696E673A2E3036656D7D2E686973746FE1
:100F60007279456D7074797B636F6C6F723A7661DC
:100F700072282D2D6D75746564293B7061646469F8
:100F80006E673A3136707820307D406D65646961F6
:100F9000286D61782D77696474683A3339307078D8
:100FA000297B2E686973746F7279526F777B6772D1
:100FB00069642D74656D706C6174652D636F6C75FB
:100FC0006D6E733A323870782031667220316672F5
:100FD0003B6761703A3570783B666F6E742D73694C
:100FE0007A653A2E3972656D7D7D3C2F7374796C0C
:100FF000653E0A3C7374796C653E2E686973746F44
:10100000727956696577706F72747B7769647468FA
:101010003A313030253B6865696768743A3233305D
:1010200070783B6D617267696E3A38707820302055
:10103000323070783B6F766572666C6F772D783AD8
:101040006175746F3B6F766572666C6F772D793A58
:1010500068696464656E3B626F726465723A317090
:101060007820736F6C696420766172282D2D6C690D
:101070006E65293B626F726465722D726164697579
:10108000733A3670783B6261636B67726F756E643A
:101090003A233062313131353B746F7563682D61AD
:1010A0006374696F6E3A70616E2D787D2E68697316
:1010B000746F727947726170687B646973706C6178
:1010C000793A626C6F636B3B6865696768743A3242
:1010D000323870783B6D696E2D77696474683A3187
:1010E0003030253B6261636B67726F756E643A23C3
:1010F0003062313131357D2E686973746F72794792
:1011000072617068456D7074797B636F6C6F723A51
:10111000766172282D2D6D75746564293B7061644C
:1011200064696E673A3830707820303B7465787443
:101130002D616C69676E3A63656E7465727D406D92
:1011400065646961286D61782D77696474683A33E4
:1011500039307078297B2E686973746F727956699B
:101160006577706F72747B6865696768743A32314D
:101170003070787D2E686973746F72794772617010
:10118000687B6865696768743A32303870787D7D4D
:101190003C2F7374796C653E0A3C7374796C653EC0
:1011A0002E6D61696E57617465725469746C657BEC
:1011B0006D617267696E2D746F703A313370787D2E
:1011C0002E6D61696E576174657248696E747B6DCE
:1011D000617267696E2D626F74746F6D3A377078E3
:1011E0007D2E74696D655363616C657B6469737092
:1011F0006C61793A666C65783B6A75737469667977
:101200002D636F6E74656E743A73706163652D62E1
:1012100065747765656E3B6D617267696E3A2D31F5
:101220003470782034707820313370783B636F6C81
:101230006F723A766172282D2D6D75746564293B45
:10124000666F6E742D73697A653A2E363272656DEB
:101250007D2E74696D655363616C65207370616E7A
:101260007B77686974652D73706163653A6E6F771B
:101270007261707D3C2F7374796C653E0A3C7374A7
:10128000796C653E23616C6572747B646973706C04
:1012900061793A6E6F6E657D3C2F7374796C653E33
:1012A0000A3C7374796C653E686561646572202ED2
:1012B000656E7653747269707B646973706C617962
:1012C0003A666C65783B666C65783A31203120610E
:1012D00075746F3B6A7573746966792D636F6E748C
:1012E000656E743A666C65782D656E643B676170F7
:1012F0003A313270783B6D617267696E3A303B709B
:10130000616464696E673A303B6261636B67726FF8
:10131000756E643A7472616E73706172656E747D1D
:101320002E686561646572456E767B646973706C66
:1013300061793A666C65783B666C65782D64697294
:10134000656374696F6E3A636F6C756D6E3B616C4B
:1013500069676E2D6974656D733A666C65782D6585
:101360006E643B6D696E2D77696474683A343870C9
:10137000787D2E686561646572456E76202E6C619D
:1013800062656C7B666F6E742D73697A653A2E3573
:101390003572656D3B6D617267696E3A303B6C65A5
:1013A000747465722D73706163696E673A2E30359F
:1013B000656D7D2E686561646572456E76202E765A
:1013C000616C75657B666F6E742D73697A653A2EF4
:1013D000383272656D3B6C696E652D68656967684A
:1013E000743A312E313B636F6C6F723A76617228BA
:1013F0002D2D6379616E293B77686974652D737053
:101400006163653A6E6F777261707D406D65646986
:1014100061286D61782D77696474683A3638307068
:1014200078297B6865616465727B6761703A3870A2
:10143000783B70616464696E673A313270787D2EF2
:10144000686561646572456E767B6D696E2D77693E
:101450006474683A343070787D2E686561646572B2
:10146000456E76202E76616C75657B666F6E742D89
:1014700073697A653A2E3772656D7D2E6865616491
:101480006572456E76202E6C6162656C7B666F6E50
:10149000742D73697A653A2E343872656D7D2E73BA
:1014A00074617475737B666F6E742D73697A653AB7
:1014B0002E373272656D7D7D3C2F7374796C653E7D
:1014C0000A3C7374796C653E2E6272616E64202EE4
:1014D000656E7653747269707B6A75737469667928
:1014E0002D636F6E74656E743A63656E7465723BDE
:1014F0006761703A3970783B6D617267696E2D74FF
:101500006F703A3370787D2E6272616E64202E683F
:101510006561646572456E767B616C69676E2D6985
:1015200074656D733A63656E7465723B6D696E2D9B
:1015300077696474683A343270787D2E6272616EB5
:1015400064202E686561646572456E76202E766132
:101550006C75657B666F6E742D73697A653A2E378C
:101560003272656D7D2E6272616E64202E686561D7
:10157000646572456E76202E6C6162656C7B666F69
:101580006E742D73697A653A2E343872656D7D3CC0
:101590002F7374796C653E0A3C7374796C653E2ECA
:1015A0006D61696E43686172747B6D617267696EAB
:1015B0003A31337078203020303B70616464696E5A
:1015C000673A3130707820313270783B6261636BFA
:1015D00067726F756E643A233138323132373B624D
:1015E0006F726465723A31707820736F6C69642031
:1015F000766172282D2D6C696E65293B626F72646D
:1016000065722D7261646975733A3870787D2E6DDC
:1016100061696E43686172745469746C657B666F4E
:101620006E742D73697A653A2E363872656D3B6338
:101630006F6C6F723A766172282D2D6D75746564CA
:10164000293B746578742D7472616E73666F726D68
:101650003A7570706572636173653B6C657474652F
:10166000722D73706163696E673A2E3038656D3B19
:101670006D617267696E2D626F74746F6D3A35704B
:10168000787D2E6D61696E436861727443616E7618
:1016900061737B646973706C61793A626C6F636BC0
:1016A0003B77696474683A313030253B6865696717
:1016B00068743A373470783B6261636B67726F7538
:1016C0006E643A233062313131353B626F7264654A
:1016D000722D7261646975733A3570787D3C2F7331
:1016E00074796C653E0A3C7374796C653E2E65783E
:1016F000686175737453696465202E6D696E6947FE
:10170000617567657B77696474683A3130347078E5
:101710003B6865696768743A31303470783B6D6155
:101720007267696E2D746F703A307D406D656469C3
:1017300061286D61782D77696474683A3638307045
:1017400078297B2E657868617573745369646520A8
:101750002E6D696E6947617567657B77696474682A
:101760003A383470783B6865696768743A38347021
:10177000787D7D3C2F7374796C653E0A3C73747977
:101780006C653E6E61767B706F736974696F6E3ADB
:10179000737469636B793B626F74746F6D3A303B3D
:1017A0007A2D696E6465783A31303B6D6172676994
:1017B0006E2D6C6566743A2D313070783B6D6172B8
:1017C00067696E2D72696768743A2D313070783BA5
:1017D00070616464696E673A3132707820313070BC
:1017E000782063616C632831327078202B20656E1D
:1017F0007628736166652D617265612D696E73650A
:10180000742D626F74746F6D29293B6261636B671D
:10181000726F756E643A2331383231323765653B09
:101820006261636B64726F702D66696C7465723A85
:10183000626C757228387078293B626F72646572C9
:101840002D746F703A31707820736F6C69642076F4
:101850006172282D2D6C696E65297D406D65646906
:1018600061286D696E2D77696474683A3638317015
:1018700078297B6E61767B6D617267696E2D6C6510
:1018800066743A2D323270783B6D617267696E2DE5
:1018900072696768743A2D323270783B70616464A3
:1018A000696E672D6C6566743A323270783B706190
:1018B0006464696E672D72696768743A3232707851
:1018C0007D7D3C2F7374796C653E0A3C7374796C32
:1018D000653E2E66616E53696465202E66616E47B3
:1018E000617567652C2E65786861757374536964DA
:1018F00065202E6D696E6947617567657B626F78DB
:101900002D73697A696E673A626F726465722D62CF
:101910006F783B666C65783A302030203130347017
:10192000783B77696474683A31303470783B686525
:10193000696768743A31303470787D2E65786861F3
:1019400075737453696465202E6D696E694761759E
:1019500067657B626F726465723A34707820736F6A
:101960006C696420233532363336613B626F782DE3
:10197000736861646F773A696E73657420302030E4
:1019800020302032707820233130313431382C30FF
:101990002030203134707820636F6C6F722D6D6948
:1019A0007828696E20737267622C766172282D2DFB
:1019B00067617567652D636F6C6F722C7661722835
:1019C0002D2D6379616E2929203435252C7472619F
:1019D0006E73706172656E74293B6261636B6772CE
:1019E0006F756E643A636F6E69632D6772616469C7
:1019F000656E7428766172282D2D67617567652D77
:101A0000636F6C6F722C766172282D2D6379616E15
:101A1000292920766172282D2D67617567652C3024
:101A200025292C233236333633642030297D2E6528
:101A300078686175737453696465202E6D696E6989
:101A400047617567653A61667465727B696E736537
:101A5000743A3870783B6261636B67726F756E645D
:101A60003A72616469616C2D6772616469656E7454
:101A700028636972636C652C233137323232382027
:101A800030203632252C2332363336336420363339
:101A900025203636252C233137323232382036375E
:101AA00025297D2E65786861757374536964652096
:101AB0002E6D696E6947617567652E636F6C647B17
:101AC0002D2D67617567652D636F6C6F723A766156
:101AD00072282D2D636F6C64297D2E657868617581
:101AE000737453696465202E6D696E69476175670B
:101AF000652E676F6F647B2D2D67617567652D633C
:101B00006F6C6F723A766172282D2D676F6F642942
:101B10007D2E6578686175737453696465202E6DD8
:101B2000696E6947617567652E686F747B2D2D67D7
:101B3000617567652D636F6C6F723A766172282DDF
:101B40002D64616E676572297D406D6564696128E9
:101B50006D61782D77696474683A36383070782909
:101B60007B2E66616E53696465202E66616E4761E7
:101B70007567652C2E657868617573745369646543
:101B8000202E6D696E6947617567657B666C657847
:101B90002D62617369733A383470783B7769647485
:101BA000683A383470783B6865696768743A3834E5
:101BB00070787D7D3C2F7374796C653E0A3C73743C
:101BC000796C653E2E73746174654261722E616C2E
:101BD00061726D7B6261636B67726F756E643A767A
:101BE0006172282D2D64616E676572293B626F7288
:101BF0006465722D636F6C6F723A766172282D2D59
:101C000064616E676572293B636F6C6F723A233152
:101C100031313B6D696E2D6865696768743A37309C
:101C200070783B6761703A313270783B666C6578EA
:101C30002D777261703A777261703B77696474686E
:101C40003A313030257D2E73746174654261722E95
:101C5000616C61726D20236275726E53746174657C
:101C60007B666C65783A31203120313030253B6617
:101C70006F6E742D73697A653A2E393572656D3BD6
:101C8000636F6C6F723A233131313B6C696E652D35
:101C90006865696768743A312E323B6D61782D77DB
:101CA000696474683A313030253B77686974652D12
:101CB00073706163653A6E6F726D616C3B6F7665D0
:101CC00072666C6F772D777261703A616E797768A2
:101CD0006572653B746578742D616C69676E3A63F3
:101CE000656E7465727D2E7374617465526573657B
:101CF000747B646973706C61793A6E6F6E653B6278
:101D00006F726465723A32707820736F6C69642008
:101D1000233131313B626F726465722D7261646987
:101D200075733A3670783B70616464696E673A37F0
:101D3000707820313270783B6261636B67726F75C7
:101D40006E643A233131313B636F6C6F723A2366B4
:101D500066663B666F6E743A696E68657269743B5D
:101D6000666F6E742D7765696768743A3730303BFB
:101D7000637572736F723A706F696E7465727D2EDF
:101D800073746174654261722E616C61726D202E94
:101D9000737461746552657365747B646973706C88
:101DA00061793A626C6F636B3B6D617267696E3A21
:101DB00030206175746F7D3C2F7374796C653E0AB9
:101DC0003C7374796C653E2E626F696C65724C6110
:101DD000796F75747B677269642D74656D706C6161
:101DE00074652D636F6C756D6E733A6D696E6D61A0
:101DF0007828302C313330707829206D696E6D6110
:101E00007828302C31667229206D696E6D617828D2
:101E1000302C3133307078297D2E626F696C657299
:101E20004C61796F75743E2E636172647B6D696E6F
:101E30002D77696474683A307D406D656469612806
:101E40006D61782D77696474683A36383070782916
:101E50007B2E626F696C65724C61796F75747B67FC
:101E60007269642D74656D706C6174652D636F6C3F
:101E7000756D6E733A6D696E6D617828302C3130F6
:101E800030707829206D696E6D617828302C31664C
:101E90007229206D696E6D617828302C3130307078
:101EA00078297D7D3C2F7374796C653E0A3C737490
:101EB000796C653E2E626F696C65724C61796F75E5
:101EC000747B646973706C61793A677269642169C3
:101ED0006D706F7274616E743B677269642D7465A6
:101EE0006D706C6174652D636F6C756D6E733A6D9A
:101EF000696E6D617828302C31667229206D696EAB
:101F00006D61782831373070782C312E3335667218
:101F100029206D696E6D617828302C316672292117
:101F2000696D706F7274616E743B677269642D7451
:101F3000656D706C6174652D726F77733A6175743D
:101F40006F206175746F3B616C69676E2D69746594
:101F50006D733A737472657463683B6761703A318C
:101F60003370783B77696474683A313030253B6F61
:101F7000766572666C6F773A76697369626C657DB7
:101F80002E626F696C65724C61796F75743E2E6359
:101F90006172647B6D696E2D77696474683A303B59
:101FA00077696474683A6175746F7D2E6C656674C8
:101FB000537461636B7B646973706C61793A6772A7
:101FC00069643B677269642D74656D706C617465DA
:101FD0002D726F77733A316672203166723B67619A
:101FE000703A313370783B6D696E2D77696474682F
:101FF0003A307D2E6C656674537461636B3E2E635C
:102000006172647B6D696E2D77696474683A307DA6
:102010002E626F696C657253746167652C2E6578EA
:102020006861757374536964657B677269642D7246
:102030006F773A7370616E20327D2E7761746572AE
:10204000536964652C2E66616E536964657B6D69A6
:102050006E2D6865696768743A307D2E737461749B
:10206000654261722E616C61726D7B706F73697411
:10207000696F6E3A72656C61746976653B7A2D6939
:102080006E6465783A327D406D65646961286D6182
:10209000782D77696474683A3638307078297B2EE9
:1020A000626F696C65724C61796F75747B67726978
:1020B000642D74656D706C6174652D636F6C756DE6
:1020C0006E733A6D696E6D617828302C31667229B5
:1020D000206D696E6D61782831343070782C312E26
:1020E0003335667229206D696E6D617828302C3128
:1020F00066722921696D706F7274616E743B6761DD
:10210000703A3770787D2E6C656674537461636BBA
:102110007B6761703A3770787D2E626F696C65728B
:102120004172747B7472616E73666F726D3A736321
:10213000616C65282E3438293B6D617267696E3A8F
:102140002D333870782030202D353070787D7D3CEF
:102150002F7374796C653E0A3C7374796C653E2EFE
:102160006C656674537461636B7B677269642D720E
:102170006F773A7370616E20323B677269642D74B9
:10218000656D706C6174652D726F77733A3166722C
:102190007D2E6C656674537461636B3E2E66616E52
:1021A000536964657B6865696768743A31303025C6
:1021B0007D3C2F7374796C653E0A3C7374796C6551
:1021C0003E2E6D61696E74656E616E636550616E01
:1021D000656C7B646973706C61793A677269643BA2
:1021E0006761703A313370783B6D617267696E2D4B
:1021F000746F703A313370787D2E73656C66436C02
:1022000065616E50616E656C7B646973706C617939
:102210003A666C65783B616C69676E2D6974656DB3
:10222000733A63656E7465723B6A75737469667937
:102230002D636F6E74656E743A73706163652D62A1
:1022400065747765656E3B6761703A313470783BD1
:10225000666C65782D777261703A777261703B7049
:10226000616464696E673A31347078203137707810
:102270003B6261636B67726F756E643A6C696E6521
:1022800061722D6772616469656E742831343564DA
:1022900065672C233231333033392C2331383232D5
:1022A0003238293B626F726465723A3170782073FC
:1022B0006F6C696420766172282D2D6C696E6529BA
:1022C0003B626F726465722D7261646975733A3135
:1022D0003070783B626F782D736861646F773A3045
:1022E00020387078203138707820233038306230D0
:1022F0006434353B636F6C6F723A766172282D2DB2
:1023000074657874297D2E73656C66436C65616EA7
:1023100050616E656C2E6475657B626F7264657268
:102320002D636F6C6F723A766172282D2D686F7411
:10233000297D2E73656C66436C65616E50616E65B8
:102340006C2E6163746976657B626F726465722D51
:10235000636F6C6F723A766172282D2D6379616EAE
:10236000297D2E73656C66436C65616E496E666F80
:102370007B6D696E2D77696474683A307D2E736564
:102380006C66436C65616E5469746C657B666F6ED8
:10239000742D73697A653A2E373872656D3B7465B2
:1023A00078742D7472616E73666F726D3A757070A9
:1023B0006572636173653B6C65747465722D7370CF
:1023C0006163696E673A2E3038656D3B636F6C6F81
:1023D000723A766172282D2D6D75746564293B6D96
:1023E000617267696E2D626F74746F6D3A347078C4
:1023F0007D2E73656C66436C65616E56616C7565A8
:102400007B666F6E742D73697A653A312E31726511
:102410006D3B666F6E742D7765696768743A373007
:10242000303B636F6C6F723A766172282D2D637941
:10243000616E297D2E73656C66436C65616E5061BB
:102440006E656C2E647565202E73656C66436C65D5
:10245000616E56616C75657B636F6C6F723A766105
:1024600072282D2D686F74297D2E73656C66436C00
:1024700065616E50616E656C2E616374697665206E
:102480002E73656C66436C65616E56616C75657B19
:10249000636F6C6F723A766172282D2D6379616E6D
:1024A000297D2E73656C66436C65616E436F756E36
:1024B000747B6D617267696E2D746F703A327078DB
:1024C0003B636F6C6F723A766172282D2D6D757457
:1024D0006564293B666F6E742D73697A653A2E3890
:1024E00072656D7D2E73656C66436C65616E5061BF
:1024F0006E656C20627574746F6E7B6D6172676956
:102500006E3A303B666C65783A30203020617574E5
:102510006F7D3C2F7374796C653E0A3C7365637400
:10252000696F6E2069643D22737461746522206353
:102530006C6173733D22616374697665223E3C640D
:10254000697620636C6173733D22737461746542B4
:102550006172223E3C7370616E2069643D22627537
:10256000726E5374617465223E2D2D2D3C2F737055
:10257000616E3E3C627574746F6E20636C61737340
:102580003D227374617465526573657422206964B9
:102590003D2273746174655265736574223E5265A1
:1025A00073657420616C61726D3C2F627574746F19
:1025B0006E3E3C2F6469763E3C64697620636C61B4
:1025C00073733D22626F696C65724C61796F7574CB
:1025D000223E0A3C64697620636C6173733D226C11
:1025E000656674537461636B223E3C646976206354
:1025F0006C6173733D226361726420736964654D1D
:1026000065747269632066616E53696465223E3C3D
:1026100064697620636C6173733D2266616E446900
:1026200073706C6179223E3C64697620636C6173DF
:10263000733D2267617567652066616E47617567E6
:1026400065222069643D2266616E47617567652277
:102650003E3C64697620636C6173733D2266616EF3
:1026600049636F6E222069643D2266616E49636F23
:102670006E223E3C7370616E20636C6173733D2209
:1026800066616E426C616465223E3C2F7370616EC0
:102690003E3C7370616E20636C6173733D226661B2
:1026A0006E426C616465223E3C2F7370616E3E3CED
:1026B0007370616E20636C6173733D2266616E425C
:1026C0006C616465223E3C2F7370616E3E3C73709A
:1026D000616E20636C6173733D2266616E426C6152
:1026E0006465223E3C2F7370616E3E3C7370616E78
:1026F00020636C6173733D2266616E487562223E91
:102700003C2F7370616E3E3C2F6469763E3C2F64B3
:1027100069763E3C64697620636C6173733D226D1B
:102720006574726963526561646F7574223E3C64BE
:10273000697620636C6173733D2266616E506572C9
:1027400063656E74222069643D2266616E223E2DAF
:102750002D2D3C2F6469763E3C64697620636C6164
:1027600073733D226C6162656C223E46616E3C2F44
:102770006469763E3C2F6469763E3C2F6469763E00
:102780003C2F6469763E3C2F6469763E0A3C64695E
:102790007620636C6173733D226361726420626FA3
:1027A000696C65725374616765223E3C646976208A
:1027B000636C6173733D22626F696C657241727400
:1027C000222069643D22626F696C657241727422D5
:1027D0003E3C64697620636C6173733D2263686973
:1027E0006D6E6579223E3C693E3C2F693E3C693EF8
:1027F0003C2F693E3C693E3C2F693E3C693E3C2F84
:10280000693E3C693E3C2F693E3C693E3C2F693E37
:102810003C693E3C2F693E3C64697620636C617381
:10282000733D22626F696C65725A7A7A223E3C73FC
:1028300070616E3E5A3C2F7370616E3E3C737061E6
:102840006E3E7A3C2F7370616E3E3C7370616E3EDB
:102850007A3C2F7370616E3E3C7370616E3E5A3CE1
:102860002F7370616E3E3C7370616E3E7A3C2F73C5
:1028700070616E3E3C2F6469763E3C2F6469763E03
:102880003C64697620636C6173733D22626F696C8E
:102890006572526F6F66223E3C2F6469763E3C64DF
:1028A000697620636C6173733D22626F696C657237
:1028B000426F6479223E3C64697620636C61737375
:1028C0003D22626F696C6572446F6F72223E3C6498
:1028D000697620636C6173733D22626F696C657207
:1028E00046697265223E3C2F6469763E3C64697697
:1028F00020636C6173733D22626F696C6572466917
:10290000726520666C616D6554776F223E3C2F6462
:1029100069763E3C64697620636C6173733D226224
:102920006F696C65724669726520666C616D65548D
:1029300068726565223E3C2F6469763E3C64697628
:1029400020636C6173733D22656D62657220656DF5
:102950006265724F6E65223E3C2F6469763E3C6430
:10296000697620636C6173733D22656D62657220C8
:10297000656D62657254776F223E3C2F6469763EC6
:102980003C2F6469763E3C64697620636C617373A6
:102990003D22626F696C6572536869656C64223EA2
:1029A000213C2F6469763E3C2F6469763E3C2F645F
:1029B00069763E3C64697620636C6173733D22776F
:1029C00061746572556E646572426F696C657222DE
:1029D0003E3C64697620636C6173733D2266616E70
:1029E00050657263656E74222069643D2274616E65
:1029F0006B223E2D2D2D3C2F6469763E3C6469761A
:102A000020636C6173733D226C6162656C223E577A
:102A1000617465722074656D703C2F6469763E3C0C
:102A20002F6469763E3C2F6469763E0A3C64697681
:102A300020636C6173733D22636172642073696407
:102A4000654D657472696320657868617573745348
:102A5000696465223E3C64697620636C6173733DF2
:102A6000226761756765206D696E69476175676585
:102A7000222069643D2265786861757374476175C9
:102A80006765223E3C2F6469763E3C64697620632C
:102A90006C6173733D226D65747269635265616424
:102AA0006F7574223E3C64697620636C6173733D7C
:102AB0002266616E50657263656E74222069643DA2
:102AC0002265786861757374223E2D2D2D3C2F642C
:102AD00069763E3C64697620636C6173733D226C59
:102AE0006162656C223E4578686175737420746517
:102AF0006D703C2F6469763E3C2F6469763E3C2FB6
:102B00006469763E0A3C2F6469763E3C64697620AF
:102B1000636C6173733D22686973746F7279546971
:102B2000746C65206D61696E576174657254697467
:102B30006C65223E57617465722074656D706572B4
:102B400061747572653C2F6469763E3C64697620D9
:102B5000636C6173733D22686973746F727948693D
:102B60006E74206D61696E576174657248696E7428
:102B7000223E4F6E652D6D696E75746520726561BC
:102B800064696E67732E205377697065206C656683
:102B900074206F7220726967687420746F20726588
:102BA00076696577207468652031322D686F75729B
:102BB00020686973746F72792E3C2F6469763E3C8D
:102BC00064697620636C6173733D22686973746F06
:102BD000727956696577706F7274222069643D223C
:102BE000686973746F727956696577706F72742251
:102BF0003E3C63616E76617320636C6173733D224A
:102C0000686973746F7279477261706822206964B1
:102C10003D226275726E477261706822206172692E
:102C2000612D6C6162656C3D225761746572207420
:102C3000656D706572617475726520686973746F13
:102C40007279223E3C2F63616E7661733E3C2F6445
:102C500069763E3C64697620636C6173733D2274CF
:102C6000696D655363616C65223E3C7370616E20D3
:102C700069643D2274696D655363616C6530223E01
:102C80004E6F773C2F7370616E3E3C7370616E20A7
:102C900069643D2274696D655363616C6531223EE0
:102CA0003C2F7370616E3E3C7370616E2069643DB1
:102CB0002274696D655363616C6532223E3C2F73EB
:102CC00070616E3E3C7370616E2069643D22746970
:102CD0006D655363616C6533223E3C2F7370616E8A
:102CE0003E3C7370616E2069643D2274696D65536A
:102CF00063616C6534223E3C2F7370616E3E3C2FE5
:102D00006469763E3C64697620636C6173733D222E
:102D10006D61696E74656E616E636550616E656C40
:102D2000223E3C6469762069643D22616C65727460
:102D30002220636C6173733D22616C657274223E64
:102D40003C7370616E2069643D22616C65727454DD
:102D5000657874223E3C2F7370616E3E3C627574E0
:102D6000746F6E2069643D22616C65727452657384
:102D70006574223E526573657420616C61726D3CAE
:102D80002F627574746F6E3E3C2F6469763E3C64AE
:102D900069762069643D2273656C66436C65616E7B
:102DA00050616E656C2220636C6173733D227365A4
:102DB0006C66436C65616E50616E656C223E3C646E
:102DC000697620636C6173733D2273656C66436C36
:102DD00065616E496E666F223E3C64697620636C65
:102DE0006173733D2273656C66436C65616E5469F3
:102DF000746C65223E53656C662D636C65616E3C38
:102E00002F6469763E3C64697620636C6173733D20
:102E10002273656C66436C65616E56616C756522E4
:102E20002069643D2273656C66436C65616E537402
:102E300061747573223E44697361626C65643C2FF2
:102E40006469763E3C64697620636C6173733D22ED
:102E500073656C66436C65616E436F756E7422209A
:102E600069643D2273656C66436C65616E436F7582
:102E70006E74223E3C2F6469763E3C2F6469763E38
:102E80003C627574746F6E2069643D2273656C6674
:102E9000436C65616E4E6F7722206F6E636C696361
:102EA0006B3D2273656C66436C65616E4E6F77286F
:102EB00029223E52756E206F6E206E6578742062F6
:102EC00075726E3C2F627574746F6E3E3C2F646930
:102ED000763E3C2F6469763E3C2F73656374696F60
:102EE0006E3E0A3C73656374696F6E2069643D22AF
:102EF00073657474696E6773223E3C6469762063FF
:102F00006C6173733D2263617264223E3C64697636
:102F100020636C6173733D22666F726D223E0A3CC2
:102F200064697620636C6173733D226669656C64C5
:102F3000223E3C6C6162656C3E45786861757374D5
:102F400020736574706F696E74202846293C2F6C5D
:102F50006162656C3E3C696E7075742069643D22E7
:102F6000657868617573745F736574706F696E748A
:102F70002220747970653D226E756D626572222023
:102F80006D696E3D2232303022206D61783D2239EC
:102F90003030223E3C2F6469763E0A3C64697620DC
:102FA000636C6173733D226669656C64223E3C6CA0
:102FB0006162656C3E4465616462616E64202846AE
:102FC000293C2F6C6162656C3E3C696E70757420A3
:102FD00069643D226465616462616E642220747973
:102FE00070653D226E756D62657222206D696E3D61
:102FF000223122206D61783D22313030223E3C2F3B
:103000006469763E0A3C64697620636C6173733D43
:10301000226669656C64223E3C6C6162656C3E426E
:103020006F6F73742074696D6520287365636F6EAC
:103030006473293C2F6C6162656C3E3C696E7075EF
:10304000742069643D22626F6F73745F74696D658B
:103050002220747970653D226E756D626572222042
:103060006D696E3D223522206D61783D223630300B
:10307000223E3C2F6469763E0A3C64697620636C8C
:103080006173733D226669656C64223E3C6C6162CB
:10309000656C3E46616E206D696E696D756D2028A8
:1030A00025293C2F6C6162656C3E3C696E707574BD
:1030B0002069643D22636C616D705F6D696E2220D2
:1030C000747970653D226E756D62657222206D693E
:1030D0006E3D223022206D61783D22313030223E1B
:1030E0003C2F6469763E0A3C64697620636C6173A8
:1030F000733D226669656C64223E3C6C6162656C5E
:103100003E46616E206D6178696D756D20282529B8
:103110003C2F6C6162656C3E3C696E707574206911
:10312000643D22636C616D705F6D617822207479FB
:1031300070653D226E756D62657222206D696E3D0F
:10314000223022206D61783D22313030223E3C2FEA
:103150006469763E0A3C64697620636C6173733DF2
:10316000226669656C64223E3C6C6162656C3E4619
:10317000616E206D6F64653C2F6C6162656C3E3CD6
:1031800073656C6563742069643D22646561647A6B
:103190006F6E655F66616E223E3C6F7074696F6E24
:1031A0002076616C75653D2230223E46616E20615D
:1031B0006C6C6F776564206F66663C2F6F70746906
:1031C0006F6E3E3C6F7074696F6E2076616C7565D2
:1031D0003D2231223E46616E20616C776179732019
:1031E0006F6E3C2F6F7074696F6E3E3C2F73656C11
:1031F0006563743E3C2F6469763E0A3C64697620C0
:10320000636C6173733D226669656C64223E3C6C3D
:103210006162656C3E54616E6B206C6F772028464E
:10322000293C2F6C6162656C3E3C696E7075742040
:1032300069643D2274616E6B5F6C6F7722207479D4
:1032400070653D226E756D62657222206D696E3DFE
:1032500022343022206D61783D22313839223E3CC3
:103260002F6469763E0A3C64697620636C617373EF
:103270003D226669656C64223E3C6C6162656C3E11
:1032800054616E6B2068696768202846293C2F6C62
:103290006162656C3E3C696E7075742069643D22A4
:1032A00074616E6B5F686967682220747970653D30
:1032B000226E756D62657222206D696E3D2234301A
:1032C00022206D61783D22313839223E3C2F6469DD
:1032D000763E0A3C64697620636C6173733D2266B6
:1032E00069656C64223E3C6C6162656C3E47756149
:1032F000726469616E206D696E757465733C2F6CC4
:103300006162656C3E3C696E7075742069643D2233
:10331000656D6265725F6D696E7574657322207488
:103320007970653D226E756D62657222206D696EE1
:103330003D223122206D61783D22313230223E3CE7
:103340002F6469763E0A3C64697620636C6173730E
:103350003D226669656C64223E3C6C6162656C3E30
:10336000466C7565206C6F77202846293C2F6C6170
:1033700062656C3E3C696E7075742069643D2266BE
:103380006C75655F6C6F772220747970653D226E75
:10339000756D62657222206D696E3D223530222086
:1033A0006D61783D22353030223E3C2F6469763E97
:1033B0000A3C64697620636C6173733D22666965BB
:1033C0006C64223E3C6C6162656C3E466C756520A7
:1033D0007265636F76657279202846293C2F6C618F
:1033E00062656C3E3C696E7075742069643D22664E
:1033F0006C75655F7265636F76657279222074798A
:1034000070653D226E756D62657222206D696E3D3C
:1034100022353022206D61783D22353030223E3C0D
:103420002F6469763E0A3C64697620636C6173732D
:103430003D226669656C64223E3C6C6162656C3E4F
:103440004F7574646F6F7220756E6974733C2F6C66
:103450006162656C3E3C73656C6563742069643DB4
:1034600022656E765F756E697473223E3C6F707470
:10347000696F6E2076616C75653D2230223E496D24
:1034800070657269616C2028462C20696E48672936
:103490003C2F6F7074696F6E3E3C6F7074696F6E15
:1034A0002076616C75653D2231223E4D65747269EE
:1034B000632028432C206B5061293C2F6F70746966
:1034C0006F6E3E3C2F73656C6563743E3C2F646980
:1034D000763E0A3C64697620636C6173733D2266B4
:1034E00069656C64223E3C6C6162656C3E53656C40
:1034F000662D636C65616E696E673C2F6C616265F9
:103500006C3E3C73656C6563742069643D22736531
:103510006C665F636C65616E5F656E61626C65644D
:10352000223E3C6F7074696F6E2076616C75653DEC
:103530002230223E4F66663C2F6F7074696F6E3E7C
:103540003C6F7074696F6E2076616C75653D2231D9
:10355000223E4175746F6D617469633C2F6F7074A6
:10356000696F6E3E3C2F73656C6563743E3C2F64DF
:1035700069763E0A3C64697620636C6173733D2210
:103580006669656C64223E3C6C6162656C3E5365A5
:103590006C662D636C65616E206576657279202896
:1035A0006275726E73293C2F6C6162656C3E3C697A
:1035B0006E7075742069643D2273656C665F636C20
:1035C00065616E5F696E74657276616C22207479D4
:1035D00070653D226E756D62657222206D696E3D6B
:1035E000223122206D61783D22323535223E3C2F3A
:1035F0006469763E0A3C64697620636C6173733D4E
:10360000226669656C64223E3C6C6162656C3E5367
:10361000656C662D636C65616E20737461727420D5
:1036200074696D653C2F6C6162656C3E3C73656CC2
:103630006563742069643D2273656C665F636C65C5
:10364000616E5F73746172745F686F7572223E3C65
:103650002F73656C6563743E3C2F6469763E0A3C4B
:1036600064697620636C6173733D226669656C647E
:10367000223E3C6C6162656C3E53656C662D636CEA
:1036800065616E20656E642074696D653C2F6C61A8
:1036900062656C3E3C73656C6563742069643D22B1
:1036A00073656C665F636C65616E5F656E645F68B1
:1036B0006F7572223E3C2F73656C6563743E3C2FC0
:1036C0006469763E0A3C64697620636C6173733D7D
:1036D000226669656C64223E3C6C6162656C3E5397
:1036E000656C662D636C65616E2074696D657A6FBB
:1036F0006E653C2F6C6162656C3E3C73656C656306
:10370000742069643D2273656C665F636C65616EED
:103710005F74696D657A6F6E65223E3C6F70746987
:103720006F6E2076616C75653D222D3630307C30B1
:10373000223E48617761696920285554432D313014
:10374000293C2F6F7074696F6E3E3C6F7074696FA7
:103750006E2076616C75653D222D3534307C3122CA
:103760003E416C61736B6120285554432D392C20E8
:10377000445354293C2F6F7074696F6E3E3C6F70D8
:1037800074696F6E2076616C75653D222D3438301A
:103790007C31223E50616369666963202855544339
:1037A0002D382C20445354293C2F6F7074696F6E50
:1037B0003E3C6F7074696F6E2076616C75653D225A
:1037C0002D3432307C31223E4D6F756E7461696EDE
:1037D00020285554432D372C20445354293C2F6F17
:1037E0007074696F6E3E3C6F7074696F6E207661A5
:1037F0006C75653D222D3336307C31223E43656E3B
:103800007472616C20285554432D362C2044535437
:10381000293C2F6F7074696F6E3E3C6F7074696FD6
:103820006E2076616C75653D222D3330307C3122FF
:103830003E4561737465726E20285554432D352CB6
:1038400020445354293C2F6F7074696F6E3E3C6F57
:103850007074696F6E2076616C75653D222D32340F
:10386000307C31223E41746C616E7469632028554E
:1038700054432D342C20445354293C2F6F707469C9
:103880006F6E3E3C6F7074696F6E2076616C75650B
:103890003D222D3231307C31223E4E6577666F7588
:1038A0006E646C616E6420616E64204C6162726152
:1038B000646F7220285554432D333A33302C204402
:1038C0005354293C2F6F7074696F6E3E3C6F707457
:1038D000696F6E2076616C75653D222D3432307CC7
:1038E00030223E4172697A6F6E6120285554432D13
:1038F000372C206E6F20445354293C2F6F7074690D
:103900006F6E3E3C6F7074696F6E2076616C75658A
:103910003D222D3336307C30223E5361736B61740F
:1039200063686577616E20285554432D362C206ED0
:103930006F20445354293C2F6F7074696F6E3E3C66
:103940006F7074696F6E2076616C75653D222D34E1
:1039500032307C30223E59756B6F6E2028555443AF
:103960002D372C206E6F20445354293C2F6F7074D8
:10397000696F6E3E3C2F73656C6563743E3C2F64CB
:1039800069763E0A3C64697620636C6173733D22FC
:103990006669656C64223E3C6C6162656C3E507584
:1039A0007368206E6F74696669636174696F6E73A2
:1039B00020286E746679293C2F6C6162656C3E3CF0
:1039C00073656C6563742069643D22707573685F0C
:1039D000656E61626C6564223E3C6F7074696F6EE7
:1039E0002076616C75653D2230223E4F66663C2F25
:1039F0006F7074696F6E3E3C6F7074696F6E207685
:103A0000616C75653D2231223E4F6E3C2F6F7074A4
:103A1000696F6E3E3C2F73656C6563743E3C2F642A
:103A200069763E0A3C64697620636C6173733D225B
:103A30006669656C64223E3C6C6162656C3E6E74C6
:103A4000667920746F70696320286C657474657280
:103A5000732C206E756D626572732C202D205F298A
:103A60003C2F6C6162656C3E3C696E7075742069B8
:103A7000643D22707573685F746F7069632220748F
:103A80007970653D227465787422206D61786C656B
:103A90006E6774683D2233322220706C6163656802
:103AA0006F6C6465723D22652E672E206D792D62E4
:103AB0006F696C65722D37786B32223E3C2F6469DA
:103AC000763E0A203C2F6469763E3C64697620632A
:103AD0006C6173733D22616374696F6E73223E3C47
:103AE000627574746F6E20636C6173733D227072C3
:103AF000696D617279222069643D22736176652265
:103B00003E536176652073657474696E67733C2FEC
:103B1000627574746F6E3E3C627574746F6E20696A
:103B2000643D227075736854657374223E53656EEC
:103B3000642074657374206E6F7469666963617460
:103B4000696F6E3C2F627574746F6E3E3C62757463
:103B5000746F6E2069643D227265736574416C6197
:103B6000726D223E52657365742061637469766577
:103B700020616C61726D3C2F627574746F6E3E3C97
:103B8000627574746F6E2069643D22746F6B656E2C
:103B9000223E53657420636F6E74726F6C20706187
:103BA0007373776F72643C2F627574746F6E3E3CF2
:103BB0007370616E20636C6173733D2268696E740B
:103BC000222069643D226D657373616765223E3C06
:103BD0002F7370616E3E3C2F6469763E3C6469765B
:103BE00020636C6173733D2268696E742220737464
:103BF000796C653D226D617267696E2D746F703AE4
:103C00003870783B636F6C6F723A766172282D2D35
:103C10006D75746564293B666F6E742D73697A6582
:103C20003A2E373872656D223E496E7374616C6C42
:103C3000207468652066726565206E7466792061FF
:103C400070702028694F532F416E64726F69642928
:103C50002C2073756273637269626520746F2079BA
:103C60006F757220746F7069632C207468656E20A4
:103C70007361766520616E6420746573742E2041D3
:103C80006C6572747320666F72206869676820744F
:103C9000656D702C2070726F6265206661756C7442
:103CA000732C20616E6420456D62657220477561DA
:103CB000726469616E2061726520707573686564F5
:103CC00020746F20796F75722070686F6E652E3C5E
:103CD0002F6469763E3C2F6469763E3C2F736563A2
:103CE00074696F6E3E0A3C73656374696F6E206918
:103CF000643D2273656E736F7273223E3C64697615
:103D000020636C6173733D2267726964223E3C6478
:103D1000697620636C6173733D2263617264223E35
:103D20003C64697620636C6173733D226C616265EB
:103D30006C223E4F7574646F6F722074656D706590
:103D40007261747572653C2F6469763E3C64697675
:103D500020636C6173733D2276616C756522206906
:103D6000643D226F7574646F6F72223E2D2D2D3C61
:103D70002F6469763E3C2F6469763E3C6469762008
:103D8000636C6173733D2263617264223E3C6469BB
:103D90007620636C6173733D226C6162656C223EB8
:103DA00048756D69646974793C2F6469763E3C643A
:103DB000697620636C6173733D2276616C75652250
:103DC0002069643D2268756D6964697479223E2DAD
:103DD0002D2D3C2F6469763E3C2F6469763E3C6411
:103DE000697620636C6173733D2263617264223E65
:103DF0003C64697620636C6173733D226C6162651B
:103E00006C223E50726573737572653C2F646976DF
:103E10003E3C64697620636C6173733D2276616C0D
:103E20007565222069643D227072657373757265D1
:103E3000223E2D2D2D3C2F6469763E3C2F64697601
:103E40003E3C64697620636C6173733D22636172EA
:103E500064223E3C64697620636C6173733D226C1E
:103E60006162656C223E4578686175737420736584
:103E70006E736F723C2F6469763E3C646976206392
:103E80006C6173733D2276616C7565222069643DB7
:103E900022657868617573744F6B223E2D2D2D3C21
:103EA0002F6469763E3C2F6469763E3C64697620D7
:103EB000636C6173733D2263617264223E3C64698A
:103EC0007620636C6173733D226C6162656C223E87
:103ED00054616E6B2073656E736F723C2F646976EC
:103EE0003E3C64697620636C6173733D2276616C3D
:103EF0007565222069643D2274616E6B4F6B223EB2
:103F00002D2D2D3C2F6469763E3C2F6469763E3C16
:103F100064697620636C6173733D2263617264220D
:103F20003E3C64697620636C6173733D226C616210
:103F3000656C223E576946693C2F6469763E3C6455
:103F4000697620636C6173733D2276616C756522BE
:103F50002069643D2277696669223E2D2D2D3C2F14
:103F60006469763E3C2F6469763E3C2F6469763EF8
:103F70003C68323E57617465722070726F6265737F
:103F80003C2F68323E3C64697620636C6173733DFC
:103F90002267726964222069643D227761746572C8
:103FA00050726F626573223E3C2F6469763E3C2FEF
:103FB00073656374696F6E3E0A3C73656374696F01
:103FC0006E2069643D22686973746F7279223E3C89
:103FD00064697620636C6173733D2263617264224D
:103FE0003E3C64697620636C6173733D226869733B
:103FF000746F72795469746C65223E526563656EA4
:1040000074206275726E733C2F6469763E3C6469FD
:104010007620636C6173733D22686973746F727983
:1040200048696E74223E4275726E206475726174C6
:10403000696F6E20616E642074696D6520626574BD
:104040007765656E206275726E732E204869737491
:104050006F72792069732073746F7265642073695D
:104060006E6365206C617374207265626F6F742E6D
:104070003C2F6469763E3C64697620636C6173739F
:104080003D22686973746F72794C69737422206978
:10409000643D226275726E486973746F7279223E54
:1040A0003C64697620636C6173733D226869737444
:1040B0006F7279456D707479223E4E6F20636F6D1B
:1040C000706C65746564206275726E7320796574B6
:1040D0003C2F6469763E3C2F6469763E3C2F6469D0
:1040E000763E3C2F73656374696F6E3E0A3C6E6169
:1040F000763E3C627574746F6E20636C6173733DC1
:10410000227461622061637469766522206461743F
:10411000612D7461726765743D22737461746522E8
:104120003E4D61696E3C2F627574746F6E3E3C62E9
:104130007574746F6E20636C6173733D2274616279
:104140002220646174612D7461726765743D226818
:104150006973746F7279223E4275726E206869735A
:10416000746F72793C2F627574746F6E3E3C627529
:1041700074746F6E20636C6173733D22746162228C
:1041800020646174612D7461726765743D2273658A
:104190007474696E6773223E53657474696E6773D5
:1041A0003C2F627574746F6E3E3C627574746F6EF2
:1041B00020636C6173733D227461622220646174B8
:1041C000612D7461726765743D2273656E736F72E1
:1041D00073223E53656E736F72733C2F62757474F5
:1041E0006F6E3E3C2F6E61763E0A3C2F6D61696EAC
:1041F0003E3C7363726970743E0A636F6E73742021
:104200006964733D5B27657868617573745F736576
:1042100074706F696E74272C276465616462616EC7
:1042200064272C27626F6F73745F74696D65272C28
:1042300027636C616D705F6D696E272C27636C61FD
:104240006D705F6D6178272C27646561647A6F6E8D
:10425000655F66616E272C2774616E6B5F6C6F778C
:10426000272C2774616E6B5F68696768272C276548
:104270006D6265725F6D696E75746573272C276654
:104280006C75655F6C6F77272C27666C75655F7240
:1042900065636F76657279272C27656E765F756E1C
:1042A000697473272C2773656C665F636C65616E38
:1042B0005F656E61626C6564272C2773656C665F51
:1042C000636C65616E5F696E74657276616C272CD4
:1042D0002773656C665F636C65616E5F7374617292
:1042E000745F686F7572272C2773656C665F636CEB
:1042F00065616E5F656E645F686F7572272C2773EA
:10430000656C665F636C65616E5F74696D657A6F1D
:104310006E65272C27707573685F656E61626C65CA
:1043200064272C27707573685F746F706963275DED
:104330003B0A636F6E737420746F6B656E4B6579A7
:104340003D27626F696C65722D636F6E74726F6C5E
:104350002D746F6B656E273B0A6C6574206C6173FE
:104360007450726F62655369676E61747572653DF2
:1043700027273B0A6C65742063686172745363720B
:104380006F6C6C506F736974696F6E3D303B0A6C73
:104390006574206368617274486173557365725007
:1043A0006F736974696F6E3D66616C73653B0A6318
:1043B0006F6E7374204C4956455F524546524553C3
:1043C000485F4D533D353030303B0A636F6E737438
:1043D00020534C4F575F524546524553485F4D530B
:1043E0003D36303030303B0A636F6E737420524577
:1043F00051554553545F54494D454F55545F4D53A6
:104400003D31353030303B0A6C6574207265717512
:1044100065737451756575653D50726F6D6973652F
:104420002E7265736F6C766528293B0A6C65742063
:104430006C61737453746174653D6E756C6C3B0A8A
:104440006C6574206C61737453746174654D733D55
:10445000303B0A6C6574206C6173745365747469C5
:104460006E67734D733D303B0A6C6574206C6173ED
:1044700074486973746F72794D733D303B0A6C6593
:104480007420686973746F7279536E617073686FAA
:10449000743D6E756C6C3B0A6C657420706F6C6C4F
:1044A00054696D65723D6E756C6C3B0A6C65742069
:1044B000706F6C6C52756E6E696E673D66616C7381
:1044C000653B0A2F2F20486F6C642074686520714B
:1044D0007565756520756E74696C207468652072E9
:1044E0006573706F6E736520626F647920697320E5
:1044F000636F6E73756D65642C206E6F74206A75C2
:10450000737420756E74696C20686561646572737C
:10451000206172726976652E0A66756E6374696FC2
:104520006E20726571756573744A736F6E2875724B
:104530006C2C6F7074696F6E733D7B7D297B0A20D4
:10454000636F6E73742072756E3D6173796E63284C
:10455000293D3E7B636F6E737420636F6E74726F60
:104560006C6C65723D6E65772041626F7274436F4B
:104570006E74726F6C6C657228293B636F6E737416
:104580002074696D65723D73657454696D656F75EE
:10459000742828293D3E636F6E74726F6C6C65726F
:1045A0002E61626F727428292C524551554553541F
:1045B0005F54494D454F55545F4D53293B747279B3
:1045C0007B636F6E737420726573706F6E73653D7D
:1045D00061776169742066657463682875726C2CF4
:1045E0007B63616368653A276E6F2D73746F7265C4
:1045F000272C2E2E2E6F7074696F6E732C73696763
:104600006E616C3A636F6E74726F6C6C65722E7350
:1046100069676E616C7D293B636F6E7374206461A2
:1046200074613D617761697420726573706F6E7338
:10463000652E6A736F6E28293B696628217265733F
:10464000706F6E73652E6F6B297468726F77206E52
:104650006577204572726F7228646174612E65728D
:10466000726F727C7C274854545020272B726573DC
:10467000706F6E73652E737461747573293B726508
:104680007475726E20646174617D66696E616C6CB4
:10469000797B636C65617254696D656F757428749C
:1046A000696D6572297D7D3B0A20636F6E7374208E
:1046B000726573756C743D7265717565737451754F
:1046C0006575652E7468656E2872756E293B0A20C3
:1046D0007265717565737451756575653D72657345
:1046E000756C742E6361746368286572726F723DB5
:1046F0003E7B636F6E736F6C652E6572726F72288E
:104700002744617368626F617264207265717565B8
:104710007374206661696C65643A272C75726C2C21
:104720006572726F72297D293B0A207265747572F9
:104730006E20726573756C743B0A7D0A66756E63D4
:1047400074696F6E207265706F72745265717565F1
:1047500073744572726F72286572726F72297B74FE
:104760006578742827636F6E6E656374696F6E2752
:104770002C2752657175657374206661696C656478
:1047800027293B73686F77416C6572742865727274
:104790006F722E6E616D653D3D3D2741626F727493
:1047A0004572726F72273F27436F6E74726F6C6C25
:1047B000657220726571756573742074696D6564C6
:1047C000206F7574273A6572726F722E6D65737300
:1047D000616765297D0A66756E6374696F6E207204
:1047E000756E416374696F6E28616374696F6E29B9
:1047F0007B72657475726E2028293D3E6163746911
:104800006F6E28292E6361746368287265706F72F9
:1048100074526571756573744572726F72297D0A81
:1048200066756E6374696F6E206163746976655432
:104830006162286964297B72657475726E20646F89
:1048400063756D656E742E676574456C656D656E18
:104850007442794964286964292E636C6173734CCE
:104860006973742E636F6E7461696E732827616358
:104870007469766527297D0A66756E6374696F6E43
:104880002072656E646572486973746F7279536ED5
:10489000617073686F7428297B6966282168697361
:1048A000746F7279536E617073686F742972657476
:1048B00075726E3B686973746F72794E6F774D696C
:1048C0006E757465733D4E756D62657228686973A7
:1048D000746F7279536E617073686F742E68697348
:1048E000746F72795F6E6F775F6D696E7C7C302953
:1048F0003B7761746572486973746F7279466F7241
:1049000043686172743D707265706172655761745D
:104910006572486973746F727928686973746F720D
:1049200079536E617073686F742E77617465725F0E
:10493000686973746F72792C686973746F727953D4
:104940006E617073686F742E77617465725F6869E9
:1049500073746F72795F6D696E75746573293B69E5
:104960006628616374697665546162282768697393
:10497000746F727927292972656E64657242757247
:104980006E486973746F727957697468576174659A
:104990007228686973746F7279536E617073686F8F
:1049A000742E6275726E5F686973746F7279293BD9
:1049B0006966286163746976655461622827737437
:1049C0006174652729297B75706461746554696D0C
:1049D000655363616C6528686973746F7279536E8F
:1049E000617073686F742E77617465725F68697344
:1049F000746F72793F2E6C656E6774687C7C3029A9
:104A00003B6472617753776970655761746572436F
:104A100068617274287761746572486973746F7223
:104A200079466F724368617274293B726573746F63
:104A3000726543686172745363726F6C6C28297D70
:104A40007D0A6173796E632066756E6374696F6E3B
:104A50002072656672657368436861727473282991
:104A60007B696628646F63756D656E742E68696412
:104A700064656E7C7C28216163746976655461622B
:104A80002827737461746527292626216163746958
:104A900076655461622827686973746F7279272973
:104AA000292972657475726E3B696628686973742A
:104AB0006F7279536E617073686F742626446174E7
:104AC000652E6E6F7728292D6C6173744869737435
:104AD0006F72794D733C534C4F575F524546524568
:104AE00053485F4D53297B72656E646572486973E4
:104AF000746F7279536E617073686F7428293B729A
:104B0000657475726E7D686973746F7279536E61C6
:104B10007073686F743D6177616974207265717537
:104B20006573744A736F6E28272F6170692F6869E7
:104B300073746F727927293B6C617374486973745D
:104B40006F72794D733D446174652E6E6F772829BD
:104B50003B72656E646572486973746F7279536EE7
:104B6000617073686F7428297D0A6173796E6320A0
:104B700066756E6374696F6E20706F6C6C446173E0
:104B800068626F61726428297B696628706F6C6C3B
:104B900052756E6E696E677C7C646F63756D656E51
:104BA000742E68696464656E2972657475726E3BF3
:104BB000706F6C6C52756E6E696E673D7472756560
:104BC0003B7472797B696628216C617374537461DC
:104BD00074657C7C446174652E6E6F7728292D6C1A
:104BE00061737453746174654D733E3D4C49564511
:104BF0005F524546524553485F4D5329617761697D
:104C00007420737461746528293B696628646F6336
:104C1000756D656E742E68696464656E297265745D
:104C200075726E3B696628216C6173745365747488
:104C3000696E67734D737C7C286163746976655413
:104C40006162282773657474696E67732729262645
:104C5000446174652E6E6F7728292D6C61737453CF
:104C6000657474696E67734D733E3D534C4F575F67
:104C7000524546524553485F4D5329296177616932
:104C8000742073657474696E677328293B6966289C
:104C9000646F63756D656E742E68696464656E29F2
:104CA00072657475726E3B617761697420726566B6
:104CB0007265736843686172747328297D636174D7
:104CC0006368286572726F72297B7265706F727487
:104CD000526571756573744572726F722865727270
:104CE0006F72297D66696E616C6C797B706F6C6C1C
:104CF00052756E6E696E673D66616C73653B696681
:104D00002821646F63756D656E742E6869646465CF
:104D10006E29706F6C6C54696D65723D7365745467
:104D2000696D656F757428706F6C6C44617368622F
:104D30006F6172642C4C4956455F5245465245534B
:104D4000485F4D53297D7D0A66756E6374696F6E89
:104D500020706F6C6C4E6F7728297B636C65617275
:104D600054696D656F757428706F6C6C54696D65EE
:104D700072293B69662821706F6C6C52756E6E6982
:104D80006E67262621646F63756D656E742E686983
:104D90006464656E29706F6C6C44617368626F61E6
:104DA000726428297D0A646F63756D656E742E6167
:104DB00064644576656E744C697374656E657228BB
:104DC000277669736962696C6974796368616E6773
:104DD00065272C28293D3E7B636C65617254696DA3
:104DE000656F757428706F6C6C54696D6572293BC2
:104DF00069662821646F63756D656E742E686964D9
:104E000064656E29706F6C6C4E6F7728297D293B25
:104E10000A66756E6374696F6E20746F6B656E28B9
:104E2000297B72657475726E206C6F63616C53744C
:104E30006F726167652E6765744974656D28746F5C
:104E40006B656E4B6579297C7C27277D0A66756EBC
:104E50006374696F6E20656E73757265546F6B65F0
:104E60006E28297B696628746F6B656E2829297204
:104E7000657475726E20747275653B636F6E7374C2
:104E800020763D70726F6D70742827456E74657260
:104E90002074686520436F6E74726F6C2F415049A7
:104EA0002050617373776F7264207361766564203C
:104EB000647572696E6720576946692073657475F9
:104EC0007020746F20736176652073657474696EE9
:104ED000677327293B696628763D3D3D6E756C6C8E
:104EE0007C7C763D3D3D27272972657475726E2066
:104EF00066616C73653B6C6F63616C53746F726158
:104F000067652E7365744974656D28746F6B656E83
:104F10004B65792C76293B72657475726E207472BC
:104F200075657D0A66756E6374696F6E207365744E
:104F30002869642C76297B636F6E737420653D64E9
:104F40006F63756D656E742E676574456C656D6510
:104F50006E7442794964286964293B696628216531
:104F60007C7C763D3D3D756E646566696E65647CEE
:104F70007C763D3D3D6E756C6C2972657475726E04
:104F80003B696628653D3D3D646F63756D656E7474
:104F90002E616374697665456C656D656E74297202
:104FA000657475726E3B696628652E7461674E6123
:104FB0006D653D3D3D2753454C45435427297B6353
:104FC0006F6E737420733D537472696E672876290F
:104FD0003B666F72286C657420693D303B693C65A7
:104FE0002E6F7074696F6E732E6C656E6774683B9C
:104FF000692B2B297B696628652E6F7074696F6E2B
:10500000735B695D2E76616C75653D3D3D73297BF3
:10501000652E76616C75653D733B72657475726E55
:105020007D7D72657475726E7D652E76616C7565B9
:105030003D767D0A66756E6374696F6E207465785F
:10504000742869642C76297B636F6E737420653DC8
:10505000646F63756D656E742E676574456C656D00
:10506000656E7442794964286964293B69662865DC
:1050700029652E74657874436F6E74656E743D7621
:105080007D0A66756E6374696F6E2072656D656DFD
:1050900062657243686172745363726F6C6C282925
:1050A0007B636F6E73742076696577706F72743D81
:1050B000646F63756D656E742E676574456C656DA0
:1050C000656E74427949642827686973746F7279D0
:1050D00056696577706F727427293B696628217657
:1050E000696577706F72742972657475726E3B763C
:1050F000696577706F72742E6164644576656E744D
:105100004C697374656E657228277363726F6C6C7B
:10511000272C28293D3E7B63686172745363726F4C
:105120006C6C506F736974696F6E3D7669657770EA
:105130006F72742E7363726F6C6C4C6566743B6334
:105140006861727448617355736572506F736974E6
:10515000696F6E3D747275657D2C7B7061737369C8
:1051600076653A747275657D297D0A66756E63741D
:10517000696F6E20726573746F72654368617274D3
:105180005363726F6C6C28297B636F6E7374207627
:10519000696577706F72743D646F63756D656E7469
:1051A0002E676574456C656D656E74427949642837
:1051B00027686973746F727956696577706F727456
:1051C00027293B69662876696577706F7274262691
:1051D000636861727448617355736572506F736967
:1051E00074696F6E2972657175657374416E696D4E
:1051F0006174696F6E4672616D652828293D3E7B3A
:1052000076696577706F72742E7363726F6C6C4C15
:105210006566743D63686172745363726F6C6C5041
:105220006F736974696F6E7D297D0A66756E63742C
:10523000696F6E20686F6C64436861727453637247
:105240006F6C6C28297B636F6E7374207669657749
:10525000706F72743D646F63756D656E742E6765F3
:1052600074456C656D656E74427949642827686978
:1052700073746F727956696577706F727427293B02
:1052800069662876696577706F727426266368612F
:10529000727448617355736572506F736974696F86
:1052A0006E2626646F63756D656E742E6765744532
:1052B0006C656D656E7442794964282773746174F6
:1052C0006527292E636C6173734C6973742E636F49
:1052D0006E7461696E732827616374697665272926
:1052E0002976696577706F72742E7363726F6C6C58
:1052F0004C6566743D63686172745363726F6C6C65
:10530000506F736974696F6E7D0A66756E63746938
:105310006F6E2072656E64657250726F626573287D
:1053200070726F626573297B636F6E737420726F26
:105330006F743D646F63756D656E742E676574453B
:105340006C656D656E744279496428277761746570
:105350007250726F62657327293B69662821726FEC
:105360006F747C7C21646F63756D656E742E6765E8
:1053700074456C656D656E74427949642827736560
:105380006E736F727327292E636C6173734C69732C
:10539000742E636F6E7461696E732827616374691C
:1053A000766527292972657475726E3B636F6E731B
:1053B00074207369676E61747572653D4A534F4E10
:1053C0002E737472696E676966792870726F626590
:1053D000737C7C5B5D293B6966287369676E6174C9
:1053E0007572653D3D3D6C61737450726F626553BB
:1053F00069676E61747572652972657475726E3B4A
:105400006C61737450726F62655369676E61747515
:1054100072653D7369676E61747572653B726F6F1B
:10542000742E696E6E657248544D4C3D27273B6360
:105430006F6E7374206E616D65733D5B274D4149DE
:105440004E2054414E4B272C274C31205355505061
:105450004C59272C274C312052455455524E272C5D
:10546000274C3220535550504C59272C274C322072
:1054700052455455524E272C2754414E4B20424FF3
:1054800054544F4D272C2754414E4B20544F5027F6
:105490002C274558545241275D3B2870726F626536
:1054A000737C7C5B5D292E666F7245616368287032
:1054B0003D3E7B636F6E737420636172643D646F05
:1054C00063756D656E742E637265617465456C6598
:1054D0006D656E74282764697627293B6361726461
:1054E0002E636C6173734E616D653D2763617264F9
:1054F0002070726F6265273B636F6E7374206C61FE
:1055000062656C3D646F63756D656E742E63726564
:10551000617465456C656D656E74282764697627CE
:10552000293B6C6162656C2E636C6173734E616DB7
:10553000653D276C6162656C273B6C6162656C2E12
:1055400074657874436F6E74656E743D702E6E6111
:105550006D652B28702E636F6E74726F6C735F7441
:10556000616E6B3F272028636F6E74726F6C7320BF
:1055700074616E6B29273A2720286D6F6E69746FEE
:1055800072206F6E6C792927293B636F6E737420CC
:1055900076616C75653D646F63756D656E742E63C1
:1055A0007265617465456C656D656E742827646904
:1055B0007627293B76616C75652E636C6173734E3B
:1055C000616D653D2776616C7565273B76616C750D
:1055D000652E74657874436F6E74656E743D702EBD
:1055E00074656D705F663D3D3D6E756C6C3F274523
:1055F0005252273A4D6174682E726F756E6428702E
:105600002E74656D705F66292B272046273B636FDC
:105610006E73742073656C6563743D646F63756D40
:10562000656E742E637265617465456C656D656E3B
:1056300074282773656C65637427293B6E616D65FB
:10564000732E666F7245616368286E616D653D3EBD
:105650007B636F6E7374206F7074696F6E3D646FDF
:1056600063756D656E742E637265617465456C65F6
:105670006D656E7428276F7074696F6E27293B6F94
:105680007074696F6E2E76616C75653D6E616D65C7
:105690003B6F7074696F6E2E74657874436F6E74AF
:1056A000656E743D6E616D653B6966286E616D6502
:1056B0003D3D3D702E6E616D65296F7074696F6E32
:1056C0002E73656C65637465643D747275653B73B8
:1056D000656C6563742E617070656E644368696C97
:1056E00064286F7074696F6E297D293B636F6E73D8
:1056F0007420627574746F6E3D646F63756D656E52
:10570000742E637265617465456C656D656E742891
:1057100027627574746F6E27293B627574746F6E9F
:105720002E74657874436F6E74656E743D27536193
:105730007665206E616D65273B627574746F6E2EA1
:105740006F6E636C69636B3D28293D3E73617665BE
:1057500050726F626528702E696E6465782C73656F
:105760006C6563742E76616C7565293B6361726448
:105770002E617070656E64286C6162656C2C766158
:105780006C75652C73656C6563742C627574746FCD
:105790006E293B726F6F742E617070656E64436822
:1057A000696C642863617264297D297D0A6173795B
:1057B0006E632066756E6374696F6E2073617665C3
:1057C00050726F626528696E6465782C6E616D65D4
:1057D000297B7472797B636F6E7374206A3D617785
:1057E00061697420726571756573744A736F6E2890
:1057F000272F6170692F70726F6265272C7B6D6532
:1058000074686F643A27504F5354272C686561645D
:105810006572733A7B27436F6E74656E742D54798D
:105820007065273A276170706C69636174696F6E87
:105830002F6A736F6E272C27582D426F696C657223
:105840002D546F6B656E273A746F6B656E28297DDA
:105850002C626F64793A4A534F4E2E737472696E9C
:1058600067696679287B696E6465783A696E6465F4
:10587000782C6E616D653A6E616D657D297D293B81
:10588000696628216A2E6F6B297468726F77206EA3
:105890006577204572726F72286A2E6572726F7218
:1058A0007C7C2750726F6265206E616D6520776128
:1058B00073206E6F7420736176656427293B61776E
:1058C00061697420737461746528297D63617463F0
:1058D00068286572726F72297B7265706F7274527C
:1058E0006571756573744572726F72286572726F37
:1058F00072297D7D0A6173796E632066756E6374AB
:10590000696F6E207265736574416C61726D2829D0
:105910007B636F6E7374206A3D6177616974207276
:105920006571756573744A736F6E28272F6170698E
:105930002F7265736574272C7B6D6574686F643A8C
:1059400027504F5354272C686561646572733A7B06
:1059500027582D426F696C65722D546F6B656E27E9
:105960003A746F6B656E28297D7D293B73686F776C
:10597000416C657274286A2E6F6B3F27273A286A3C
:105980002E6572726F727C7C27416C61726D207221
:10599000657365742072656A656374656427292977
:1059A0003B617761697420737461746528297D0A8D
:1059B00066756E6374696F6E20666F726D61744494
:1059C00075726174696F6E287365636F6E64732995
:1059D0007B696628217365636F6E647329726574D1
:1059E00075726E20272D2D273B636F6E7374206DAB
:1059F000696E757465733D4D6174682E666C6F6F6A
:105A000072287365636F6E64732F3630293B636F42
:105A10006E737420686F7572733D4D6174682E6685
:105A20006C6F6F72286D696E757465732F363029CF
:105A30003B696628686F7572732972657475726E3A
:105A400020686F7572732B276820272B286D696E6D
:105A500075746573253630292B276D273B72657465
:105A600075726E206D696E757465732B276D2027B6
:105A70002B287365636F6E6473253630292B27736B
:105A8000277D0A66756E6374696F6E207570646138
:105A9000746554696D655363616C6528297B5B2768
:105AA0003132682061676F272C273968272C273609
:105AB00068272C273368272C274E6F77275D2E66A3
:105AC0006F7245616368282876616C75652C696E14
:105AD000646578293D3E7B636F6E737420656C65E9
:105AE0006D656E743D646F63756D656E742E67656C
:105AF00074456C656D656E744279496428277469D4
:105B00006D655363616C65272B696E646578293B0D
:105B1000696628656C656D656E7429656C656D6573
:105B20006E742E74657874436F6E74656E743D7612
:105B3000616C75657D297D0A66756E6374696F6E2B
:105B400020647261774275726E436861727428686E
:105B50006973746F7279297B636F6E7374206361EC
:105B60006E7661733D646F63756D656E742E6765E7
:105B700074456C656D656E74427949642827627559
:105B8000726E477261706827293B696628216361DC
:105B90006E7661732972657475726E3B636F6E7396
:105BA0007420726563743D63616E7661732E676500
:105BB00074426F756E64696E67436C69656E74528A
:105BC00065637428293B636F6E7374207363616C23
:105BD000653D77696E646F772E646576696365509D
:105BE0006978656C526174696F7C7C313B636F6E60
:105BF00073742077696474683D4D6174682E6D61BB
:105C00007828312C726563742E7769647468293B37
:105C1000636F6E7374206865696768743D4D617465
:105C2000682E6D617828312C726563742E68656901
:105C3000676874293B63616E7661732E776964745B
:105C4000683D77696474682A7363616C653B63615E
:105C50006E7661732E6865696768743D686569670B
:105C600068742A7363616C653B636F6E7374206341
:105C700074783D63616E7661732E676574436F6EF1
:105C8000746578742827326427293B6374782E73EF
:105C900063616C65287363616C652C7363616C650B
:105CA000293B6374782E636C656172526563742856
:105CB000302C302C77696474682C68656967687467
:105CC000293B69662821686973746F72797C7C212D
:105CD000686973746F72792E6C656E677468297B5E
:105CE0006374782E66696C6C5374796C653D2723F8
:105CF000386561316138273B6374782E7465787438
:105D0000416C69676E3D2763656E746572273B63FE
:105D100074782E666F6E743D27313470782073610D
:105D20006E732D7365726966273B6374782E66699E
:105D30006C6C5465787428274E6F20636F6D706C9F
:105D400065746564206275726E7320796574272CA2
:105D500077696474682F322C6865696768742F32BC
:105D6000293B72657475726E7D636F6E73742076F5
:105D7000616C7565733D686973746F72792E736CAD
:105D800069636528292E7265766572736528292EE8
:105D90006D617028656E7472793D3E4E756D6265F9
:105DA0007228656E7472792E77617465725F74659E
:105DB0006D705F6629293B636F6E73742076616C2A
:105DC00069643D76616C7565732E66696C74657285
:105DD0002876616C75653D3E4E756D6265722E6903
:105DE0007346696E6974652876616C756529262627
:105DF00076616C75653E3D30293B636F6E73742030
:105E00006D696E3D4D6174682E6D696E282E2E2E63
:105E100076616C69642C313030293B636F6E73742A
:105E2000206D61783D4D6174682E6D6178282E2E4D
:105E30002E76616C69642C6D696E2B31293B636F22
:105E40006E7374206C6566743D34323B636F6E73A1
:105E5000742072696768743D31323B636F6E73748E
:105E600020746F703D31363B636F6E737420626FC8
:105E700074746F6D3D33343B636F6E737420706C5C
:105E80006F74573D77696474682D6C6566742D7204
:105E9000696768743B636F6E737420706C6F7448CD
:105EA0003D6865696768742D746F702D626F7474D6
:105EB0006F6D3B6374782E666F6E743D2731307062
:105EC000782073616E732D7365726966273B637406
:105ED000782E74657874416C69676E3D27726967C6
:105EE0006874273B666F72286C657420693D303B8F
:105EF000693C3D343B692B2B297B636F6E737420A7
:105F0000793D746F702B706C6F74482D28706C6FB6
:105F100074482A692F34293B6374782E7374726F26
:105F20006B655374796C653D2723333034313461AC
:105F3000273B6374782E7365744C696E6544617396
:105F400068285B352C365D293B6374782E62656763
:105F5000696E5061746828293B6374782E6D6F7682
:105F600065546F286C6566742C79293B6374782EB0
:105F70006C696E65546F2877696474682D726967FF
:105F800068742C79293B6374782E7374726F6B6517
:105F900028293B6374782E66696C6C5374796C6540
:105FA0003D2723386561316138273B6374782E665D
:105FB000696C6C54657874284D6174682E726F75C5
:105FC0006E64286D696E2B286D61782D6D696E2960
:105FD0002A692F34292B272046272C6C6566742DBF
:105FE000362C792B33297D6374782E7365744C6954
:105FF0006E6544617368285B5D293B6374782E731A
:1060000074726F6B655374796C653D272335323636
:10601000333661273B6374782E626567696E506121
:10602000746828293B6374782E6D6F7665546F28E9
:106030006C6566742C746F70293B6374782E6C6980
:106040006E65546F286C6566742C746F702B706C61
:106050006F7448293B6374782E6C696E65546F28A1
:1060600077696474682D72696768742C746F702B1B
:10607000706C6F7448293B6374782E7374726F6B05
:106080006528293B636F6E737420706F696E74733B
:106090003D76616C7565732E6D6170282876616C34
:1060A00075652C696E646578293D3E287B783A6C6D
:1060B0006566742B2876616C7565732E6C656E67EA
:1060C00074683D3D3D313F706C6F74572F323A70AC
:1060D0006C6F74572A696E6465782F2876616C75C9
:1060E00065732E6C656E6774682D3129292C793A99
:1060F0004E756D6265722E697346696E69746528A6
:1061000076616C7565293F746F702B706C6F744885
:106110002D282876616C75652D6D696E292F286D87
:1061200061782D6D696E29292A706C6F74483A6EFA
:10613000756C6C7D29293B6374782E7374726F6B58
:10614000655374796C653D27233535633463372790
:106150003B6374782E6C696E6557696474683D3270
:106160002E353B6374782E626567696E5061746882
:1061700028293B6C657420737461727465643D6694
:10618000616C73653B706F696E74732E666F7245D8
:1061900061636828706F696E743D3E7B6966287024
:1061A0006F696E742E793D3D3D6E756C6C297B7305
:1061B0007461727465643D66616C73653B7265748D
:1061C00075726E7D69662873746172746564296383
:1061D00074782E6C696E65546F28706F696E742EBA
:1061E000782C706F696E742E79293B656C73657BB2
:1061F0006374782E6D6F7665546F28706F696E7456
:106200002E782C706F696E742E79293B73746172CD
:106210007465643D747275657D7D293B6374782E69
:106220007374726F6B6528293B706F696E74732E7F
:10623000666F72456163682828706F696E742C6997
:106240006E646578293D3E7B696628706F696E745F
:106250002E793D3D3D6E756C6C2972657475726E5C
:106260003B6374782E66696C6C5374796C653D6918
:106270006E6465783D3D3D706F696E74732E6C651C
:106280006E6774682D313F272366366136323327B7
:106290003A2723353563346337273B6374782E629E
:1062A0006567696E5061746828293B6374782E6154
:1062B000726328706F696E742E782C706F696E74BB
:1062C0002E792C696E6465783D3D3D706F696E7402
:1062D000732E6C656E6774682D313F353A332C3000
:1062E0002C4D6174682E50492A32293B6374782EF4
:1062F00066696C6C28293B69662876616C756573E4
:106300002E6C656E6774683C387C7C696E64657859
:1063100025323D3D3D30297B6374782E66696C6C77
:106320005374796C653D2723386561316138273BAB
:106330006374782E74657874416C69676E3D276369
:10634000656E746572273B6374782E66696C6C5455
:1063500065787428537472696E6728696E6465780D
:106360002B31292C706F696E742E782C68656967E3
:1063700068742D3132297D7D297D0A66756E6374BE
:10638000696F6E2072656E6465724275726E4869DF
:1063900073746F727928686973746F7279297B637B
:1063A0006F6E737420726F6F743D646F63756D658B
:1063B0006E742E676574456C656D656E74427949BF
:1063C0006428276275726E486973746F7279272921
:1063D0003B636F6E73742067726170683D646F63B6
:1063E000756D656E742E676574456C656D656E744C
:1063F0004279496428276275726E47726170682716
:10640000293B69662821726F6F747C7C21677261F9
:1064100070687C7C21646F63756D656E742E676532
:1064200074456C656D656E744279496428276869A6
:1064300073746F727927292E636C6173734C69735F
:10644000742E636F6E7461696E732827616374695B
:10645000766527292972657475726E3B647261775F
:106460004275726E436861727428686973746F72E2
:1064700079293B69662821686973746F72797C7C1D
:1064800021686973746F72792E6C656E6774682900
:106490007B726F6F742E696E6E657248544D4C3D01
:1064A000273C64697620636C6173733D226869736D
:1064B000746F7279456D707479223E4E6F20636FF0
:1064C0006D706C65746564206275726E7320796599
:1064D000743C2F6469763E273B72657475726E7DDD
:1064E000726F6F742E696E6E657248544D4C3D2705
:1064F000273B686973746F72792E666F72456163AA
:10650000682828656E7472792C696E646578293DF7
:106510003E7B636F6E737420726F773D646F63753B
:106520006D656E742E637265617465456C656D652D
:106530006E74282764697627293B726F772E636C07
:106540006173734E616D653D27686973746F72790D
:10655000526F77273B726F772E696E6E6572485463
:106560004D4C3D273C64697620636C6173733D221A
:10657000696E646578223E272B28696E6465782BE6
:1065800031292B273C2F6469763E3C6469763E3C7A
:106590007370616E20636C6173733D2268697374FC
:1065A0006F72794C6162656C223E4275726E207426
:1065B000696D653C2F7370616E3E3C7370616E2037
:1065C000636C6173733D22686973746F727956618D
:1065D0006C7565223E272B666F726D61744475720F
:1065E0006174696F6E284E756D62657228656E7490
:1065F00072792E6475726174696F6E5F7365632959
:10660000292B273C2F7370616E3E3C2F6469763EC8
:106610003C6469763E3C7370616E20636C61737399
:106620003D22686973746F72794C6162656C223EB9
:106630004265747765656E206275726E733C2F7368
:1066400070616E3E3C7370616E20636C6173733D6C
:1066500022686973746F727956616C7565223E2782
:106660002B28656E7472792E696E74657276616C12
:106670005F7365633F666F726D61744475726174B8
:10668000696F6E284E756D62657228656E747279D9
:106690002E696E74657276616C5F73656329293A41
:1066A000274669727374207265636F72646564272C
:1066B000292B273C2F7370616E3E3C2F6469763E18
:1066C000273B726F6F742E617070656E64436869EA
:1066D0006C6428726F77297D297D0A6C6574207738
:1066E00061746572486973746F7279466F7243683A
:1066F0006172743D5B5D3B0A6C65742068697374FC
:106700006F72794E6F774D696E757465733D303B6E
:106710000A66756E6374696F6E207072657061725F
:10672000655761746572486973746F72792874650E
:106730006D7065726174757265732C656C617073D0
:1067400065644D696E75746573297B636F6E7374D0
:106750002063686172743D4172726179283732300A
:10676000292E66696C6C282D31293B6966282174B5
:10677000656D7065726174757265737C7C2174657A
:106780006D7065726174757265732E6C656E677479
:10679000682972657475726E2063686172743B63F8
:1067A0006F6E7374206D696E757465733D656C6191
:1067B000707365644D696E757465737C7C5B5D3B5D
:1067C000636F6E7374206C61746573743D6D696E74
:1067D000757465732E6C656E6774683F4E756D6277
:1067E0006572286D696E757465735B6D696E75741D
:1067F00065732E6C656E6774682D315D293A303B88
:1068000074656D7065726174757265732E666F72F2
:1068100045616368282876616C75652C696E6465CE
:1068200078293D3E7B636F6E7374206D696E75745D
:10683000653D6D696E757465735B696E6465785DE1
:106840003D3D3D756E646566696E65643F6C61745F
:106850006573742D2874656D7065726174757265E9
:10686000732E6C656E6774682D312D696E64657862
:10687000293A4E756D626572286D696E757465731F
:106880005B696E6465785D293B636F6E737420701D
:106890006F736974696F6E3D3731392D286C61747F
:1068A0006573742D6D696E757465293B6966287012
:1068B0006F736974696F6E3E3D302626706F736921
:1068C00074696F6E3C3732302963686172745B7033
:1068D0006F736974696F6E5D3D4E756D6265722888
:1068E00076616C7565297D293B72657475726E20C1
:1068F00063686172747D0A66756E6374696F6E2079
:10690000647261774275726E436861727428766151
:106910006C756573297B636F6E73742063616E762B
:1069200061733D646F63756D656E742E6765744544
:106930006C656D656E744279496428276275726E64
:10694000477261706827293B6966282163616E760A
:1069500061732972657475726E3B636F6E73742018
:10696000726563743D63616E7661732E6765744210
:106970006F756E64696E67436C69656E74526563AA
:106980007428293B636F6E7374207363616C653D7B
:1069900077696E646F772E64657669636550697890
:1069A000656C526174696F7C7C313B636F6E73748C
:1069B0002077696474683D4D6174682E6D61782834
:1069C000312C726563742E7769647468293B636F38
:1069D0006E7374206865696768743D4D6174682ED4
:1069E0006D617828312C726563742E6865696768FB
:1069F00074293B63616E7661732E77696474683DB8
:106A000077696474682A7363616C653B63616E7651
:106A100061732E6865696768743D68656967687445
:106A20002A7363616C653B636F6E73742063747863
:106A30003D63616E7661732E676574436F6E746536
:106A400078742827326427293B6374782E73636136
:106A50006C65287363616C652C7363616C65293B9D
:106A60006374782E636C6561725265637428302C90
:106A7000302C77696474682C686569676874293B91
:106A80006966282176616C7565737C7C2176616C02
:106A90007565732E6C656E677468297B6374782ED8
:106AA00066696C6C5374796C653D27233865613178
:106AB0006138273B6374782E74657874416C69671C
:106AC0006E3D2763656E746572273B6374782E662E
:106AD0006F6E743D27313470782073616E732D733F
:106AE00065726966273B6374782E66696C6C5465C1
:106AF000787428274E6F20776174657220686973F7
:106B0000746F727920796574272C77696474682FA3
:106B1000322C6865696768742F32293B7265747519
:106B2000726E7D636F6E737420706F696E74733DE7
:106B300076616C7565732E6D6170284E756D62653A
:106B400072293B636F6E73742076616C69643D706B
:106B50006F696E74732E66696C7465722876616CE9
:106B600075653D3E4E756D6265722E697346696E40
:106B70006974652876616C756529262676616C7561
:106B8000653E3D30293B636F6E7374206D696E3DC9
:106B90004D6174682E6D696E282E2E2E76616C699B
:106BA000642C313030293B636F6E7374206D6178D3
:106BB0003D4D6174682E6D6178282E2E2E76616CA5
:106BC00069642C6D696E2B31293B636F6E73742081
:106BD0006C6566743D34323B636F6E73742072690A
:106BE0006768743D31323B636F6E737420746F70ED
:106BF0003D31363B636F6E737420626F74746F6DDA
:106C00003D33343B636F6E737420706C6F74573D0B
:106C100077696474682D6C6566742D726967687431
:106C20003B636F6E737420706C6F74483D68656968
:106C30006768742D746F702D626F74746F6D3B6331
:106C400074782E666F6E743D2731307078207361D2
:106C50006E732D7365726966273B6374782E746555
:106C60007874416C69676E3D277269676874273B69
:106C7000666F72286C657420693D303B693C3D3419
:106C80003B692B2B297B636F6E737420793D746F86
:106C9000702B706C6F74482D28706C6F74482A6963
:106CA0002F34293B6374782E7374726F6B65537441
:106CB000796C653D2723333034313461273B63746D
:106CC000782E7365744C696E6544617368285B3512
:106CD0002C365D293B6374782E626567696E50615E
:106CE000746828293B6374782E6D6F7665546F281D
:106CF0006C6566742C79293B6374782E6C696E65BB
:106D0000546F2877696474682D72696768742C7988
:106D1000293B6374782E7374726F6B6528293B630B
:106D200074782E66696C6C5374796C653D272338D2
:106D30006561316138273B6374782E66696C6C54E9
:106D4000657874284D6174682E726F756E64286D55
:106D5000696E2B286D61782D6D696E292A692F3433
:106D6000292B272046272C6C6566742D362C792B11
:106D700033297D6374782E7365744C696E65446144
:106D80007368285B5D293B6374782E7374726F6B34
:106D9000655374796C653D27233532363336612768
:106DA0003B6374782E626567696E50617468282948
:106DB0003B6374782E6D6F7665546F286C656674CE
:106DC0002C746F70293B6374782E6C696E65546FF8
:106DD000286C6566742C746F702B706C6F74482906
:106DE0003B6374782E6C696E65546F2877696474A0
:106DF000682D72696768742C746F702B706C6F7477
:106E000048293B6374782E7374726F6B6528293B35
:106E10006374782E7374726F6B655374796C653D0F
:106E20002723353563346337273B6374782E6C69C9
:106E30006E6557696474683D322E353B6374782EF5
:106E4000626567696E5061746828293B6C657420BF
:106E5000737461727465643D66616C73653B706FD9
:106E6000696E74732E666F72456163682828766157
:106E70006C75652C696E646578293D3E7B69662872
:106E8000214E756D6265722E697346696E6974650F
:106E90002876616C7565297C7C76616C75653C3003
:106EA000297B737461727465643D66616C73653BC4
:106EB00072657475726E7D636F6E737420783D6C4D
:106EC0006566742B28706F696E74732E6C656E67BF
:106ED00074683D3D3D313F706C6F74572F323A708E
:106EE0006C6F74572A696E6465782F28706F696EAD
:106EF00074732E6C656E6774682D3129293B636F3E
:106F00006E737420793D746F702B706C6F74482DA4
:106F1000282876616C75652D6D696E292F286D6145
:106F2000782D6D696E29292A706C6F74483B6966EB
:106F30002873746172746564296374782E6C696E49
:106F400065546F28782C79293B656C73657B637475
:106F5000782E6D6F7665546F28782C79293B737481
:106F600061727465643D747275657D7D293B6374DF
:106F7000782E7374726F6B6528293B706F696E741D
:106F8000732E666F7245616368282876616C75653B
:106F90002C696E646578293D3E7B696628214E75B3
:106FA0006D6265722E697346696E697465287661D3
:106FB0006C7565297C7C76616C75653C30297265E1
:106FC0007475726E3B636F6E737420783D6C65668A
:106FD000742B28706F696E74732E6C656E6774689D
:106FE0003D3D3D313F706C6F74572F323A706C6F7E
:106FF00074572A696E6465782F28706F696E747390
:107000002E6C656E6774682D3129293B636F6E7332
:107010007420793D746F702B706C6F74482D282824
:1070200076616C75652D6D696E292F286D61782DDF
:107030006D696E29292A706C6F74483B6374782ED1
:1070400066696C6C5374796C653D696E6465783DF6
:107050003D3D706F696E74732E6C656E6774682D3C
:10706000313F2723663661363233273A27233535B9
:1070700063346337273B6374782E626567696E50AB
:1070800061746828293B6374782E61726328782CB8
:10709000792C696E6465783D3D3D706F696E7473DF
:1070A0002E6C656E6774682D313F353A332C302C69
:1070B0004D6174682E50492A32293B6374782E66DC
:1070C000696C6C28297D297D0A66756E6374696F09
:1070D0006E2072656E6465724275726E4869737473
:1070E0006F7279576974685761746572286869733B
:1070F000746F7279297B636F6E737420726F6F7413
:107100003D646F63756D656E742E676574456C655F
:107110006D656E744279496428276275726E48699C
:1071200073746F727927293B69662821726F6F74B7
:107130002972657475726E3B647261774275726E06
:107140004368617274287761746572486973746FFB
:107150007279466F724368617274293B69662821AF
:10716000686973746F72797C7C21686973746F725B
:10717000792E6C656E677468297B726F6F742E69E7
:107180006E6E657248544D4C3D273C6469762063B1
:107190006C6173733D22686973746F7279456D70A9
:1071A0007479223E4E6F20636F6D706C65746564F8
:1071B000206275726E73207965743C2F6469763E27
:1071C000273B72657475726E7D726F6F742E696E77
:1071D0006E657248544D4C3D27273B686973746F48
:1071E00072792E666F72456163682828656E7472C5
:1071F000792C696E646578293D3E7B636F6E73748C
:1072000020726F773D646F63756D656E742E637267
:1072100065617465456C656D656E74282764697673
:1072200027293B726F772E636C6173734E616D65B6
:107230003D27686973746F7279526F77273B726F5D
:10724000772E696E6E657248544D4C3D273C6469DB
:107250007620636C6173733D22696E646578223EAB
:10726000272B28696E6465782B31292B273C2F64E6
:1072700069763E3C6469763E3C7370616E20636C57
:107280006173733D22686973746F72794C616265D2
:107290006C223E4275726E2074696D653C2F73706E
:1072A000616E3E3C7370616E20636C6173733D224E
:1072B000686973746F727956616C7565223E272B0D
:1072C000666F726D61744475726174696F6E284E79
:1072D000756D62657228656E7472792E647572615F
:1072E00074696F6E5F73656329292B273C2F737058
:1072F000616E3E3C2F6469763E3C6469763E3C7329
:1073000070616E20636C6173733D22686973746F82
:1073100072794C6162656C223E4265747765656E78
:10732000206275726E733C2F7370616E3E3C737099
:10733000616E20636C6173733D22686973746F7250
:107340007956616C7565223E272B28656E747279BB
:107350002E696E74657276616C5F7365633F666FEC
:10736000726D61744475726174696F6E284E756DCB
:1073700062657228656E7472792E696E74657276B4
:10738000616C5F73656329293A27466972737420BB
:107390007265636F7264656427292B273C2F7370B5
:1073A000616E3E3C2F6469763E273B726F6F742E90
:1073B000617070656E644368696C6428726F7729C8
:1073C0007D297D0A66756E6374696F6E20647261D3
:1073D0007753776970655761746572436861727439
:1073E0002876616C756573297B636F6E7374206397
:1073F000616E7661733D646F63756D656E742E6743
:107400006574456C656D656E7442794964282762C0
:1074100075726E477261706827293B636F6E737473
:107420002076696577706F72743D646F63756D6502
:107430006E742E676574456C656D656E744279492E
:10744000642827686973746F727956696577706FFD
:10745000727427293B6966282163616E7661737CAB
:107460007C2176696577706F7274297265747572A4
:107470006E3B636F6E7374206F6C645363726F6CDA
:107480006C3D76696577706F72742E7363726F6C82
:107490006C4C6566743B636F6E73742076697369B8
:1074A000626C6557696474683D4D6174682E6D61E6
:1074B0007828312C76696577706F72742E636C69E9
:1074C000656E745769647468293B636F6E737420CA
:1074D0006865696768743D63616E7661732E636C7D
:1074E00069656E744865696768747C7C3232383BC4
:1074F000636F6E737420706F696E74733D76616C28
:107500007565737C7C5B5D3B636F6E737420667521
:107510006C6C57696474683D4D6174682E6D617858
:107520002876697369626C6557696474682C706F3A
:10753000696E74732E6C656E6774682A32293B63BA
:107540006F6E7374207363616C653D77696E646FF1
:10755000772E646576696365506978656C526174ED
:10756000696F7C7C313B63616E7661732E737479D5
:107570006C652E77696474683D66756C6C576964D8
:1075800074682B277078273B63616E7661732E7762
:10759000696474683D66756C6C57696474682A73B5
:1075A00063616C653B63616E7661732E68656967C4
:1075B00068743D6865696768742A7363616C653BCC
:1075C000636F6E7374206374783D63616E7661736C
:1075D0002E676574436F6E7465787428273264274C
:1075E000293B6374782E7365745472616E73666F91
:1075F000726D287363616C652C302C302C73636161
:107600006C652C302C30293B6374782E636C65617B
:10761000725265637428302C302C66756C6C576917
:107620006474682C686569676874293B69662821F9
:10763000706F696E74732E6C656E677468297B63F6
:1076400074782E66696C6C5374796C653D272338A9
:107650006561316138273B6374782E7465787441B5
:107660006C69676E3D2763656E746572273B637452
:10767000782E666F6E743D27313470782073616E9A
:10768000732D7365726966273B6374782E66696C27
:107690006C5465787428274E6F207761746572206A
:1076A000686973746F727920796574272C766973B1
:1076B00069626C6557696474682F322C6865696704
:1076C00068742F32293B72657475726E7D636F6EBC
:1076D00073742076616C7565734E756D3D706F695E
:1076E0006E74732E6D6170284E756D626572293BE4
:1076F000636F6E73742076616C69643D76616C753E
:1077000065734E756D2E66696C7465722876616C52
:1077100075653D3E4E756D6265722E697346696E84
:107720006974652876616C756529262676616C75A5
:10773000653E3D30293B636F6E7374206D696E3D0D
:107740004D6174682E6D696E282E2E2E76616C69DF
:10775000642C313030293B636F6E7374206D617817
:107760003D4D6174682E6D6178282E2E2E76616CE9
:1077700069642C6D696E2B31293B636F6E737420C5
:107780006C6566743D34323B636F6E73742072694E
:107790006768743D31323B636F6E737420746F7031
:1077A0003D31363B636F6E737420626F74746F6D1E
:1077B0003D33303B636F6E737420706C6F74573D54
:1077C00066756C6C57696474682D6C6566742D728F
:1077D000696768743B636F6E737420706C6F744874
:1077E0003D6865696768742D746F702D626F74747D
:1077F0006F6D3B6374782E666F6E743D2731307009
:10780000782073616E732D7365726966273B6374AC
:10781000782E74657874416C69676E3D277269676C
:107820006874273B666F72286C657420693D303B35
:10783000693C3D343B692B2B297B636F6E7374204D
:10784000793D746F702B706C6F74482D28706C6F5D
:1078500074482A692F34293B6374782E7374726FCD
:107860006B655374796C653D272333303431346153
:10787000273B6374782E7365744C696E654461733D
:1078800068285B352C365D293B6374782E6265670A
:10789000696E5061746828293B6374782E6D6F7629
:1078A00065546F286C6566742C79293B6374782E57
:1078B0006C696E65546F2866756C6C576964746882
:1078C0002D72696768742C79293B6374782E737400
:1078D000726F6B6528293B6374782E66696C6C53F4
:1078E00074796C653D2723386561316138273B63C6
:1078F00074782E66696C6C54657874284D61746870
:107900002E726F756E64286D696E2B286D61782DEF
:107910006D696E292A692F34292B272046272C6C64
:107920006566742D362C792B33297D6374782E731C
:1079300065744C696E6544617368285B5D293B63BF
:1079400074782E7374726F6B655374796C653D2710
:1079500023353236333661273B6374782E62656790
:10796000696E5061746828293B6374782E6D6F7658
:1079700065546F286C6566742C746F70293B637452
:10798000782E6C696E65546F286C6566742C746F04
:10799000702B706C6F7448293B6374782E6C696E21
:1079A00065546F2866756C6C57696474682D7269CC
:1079B0006768742C746F702B706C6F7448293B630C
:1079C00074782E7374726F6B6528293B6374782EFC
:1079D0007374726F6B655374796C653D272335350D
:1079E00063346337273B6374782E6C696E6557691F
:1079F0006474683D322E353B6374782E6265676926
:107A00006E5061746828293B6C65742073746172D0
:107A10007465643D66616C73653B76616C75657316
:107A20004E756D2E666F7245616368282876616CAD
:107A300075652C696E646578293D3E7B69662821F1
:107A40004E756D6265722E697346696E697465283C
:107A500076616C7565297C7C76616C75653C302936
:107A60007B737461727465643D66616C73653B72AF
:107A7000657475726E7D636F6E737420783D6C658E
:107A800066742B2876616C7565734E756D2E6C650A
:107A90006E6774683D3D3D313F706C6F74572F3297
:107AA0003A706C6F74572A696E6465782F28766116
:107AB0006C7565734E756D2E6C656E6774682D31CF
:107AC00029293B636F6E737420793D746F702B703E
:107AD0006C6F74482D282876616C75652D6D696E04
:107AE000292F286D61782D6D696E29292A706C6F98
:107AF00074483B69662873746172746564296374A1
:107B0000782E6C696E65546F28782C79293B656CEA
:107B100073657B6374782E6D6F7665546F28782C4F
:107B200079293B737461727465643D747275657D07
:107B30007D293B6374782E7374726F6B6528293BC3
:107B400076616C7565734E756D2E666F72456163F7
:107B500068282876616C75652C696E646578293DA6
:107B60003E7B696628214E756D6265722E6973468B
:107B7000696E6974652876616C7565297C7C7661AF
:107B80006C75653C302972657475726E3B636F6EFF
:107B9000737420783D6C6566742B2876616C75650E
:107BA000734E756D2E6C656E6774683D3D3D313F5B
:107BB000706C6F74572F323A706C6F74572A696EFD
:107BC0006465782F2876616C7565734E756D2E6CC3
:107BD000656E6774682D3129293B636F6E7374205D
:107BE000793D746F702B706C6F74482D2828766106
:107BF0006C75652D6D696E292F286D61782D6D6905
:107C00006E29292A706C6F74483B6374782E6669FC
:107C10006C6C5374796C653D696E6465783D3D3D6F
:107C200076616C7565734E756D2E6C656E677468E4
:107C30002D313F2723663661363233273A272335E5
:107C40003563346337273B6374782E626567696EEA
:107C50005061746828293B6374782E6172632878B8
:107C60002C792C696E6465783D3D3D76616C756557
:107C7000734E756D2E6C656E6774682D313F353AA5
:107C8000322E352C302C4D6174682E50492A322901
:107C90003B6374782E66696C6C28297D293B766974
:107CA0006577706F72742E7363726F6C6C4C65665F
:107CB000743D6F6C645363726F6C6C7C7C4D61744B
:107CC000682E6D617828302C66756C6C5769647409
:107CD000682D76697369626C655769647468297D7B
:107CE0000A66756E6374696F6E206472617753778C
:107CF0006970655761746572436861727428766152
:107D00006C756573297B636F6E73742063616E7627
:107D100061733D646F63756D656E742E6765744540
:107D20006C656D656E744279496428276275726E60
:107D3000477261706827293B636F6E7374207669A0
:107D40006577706F72743D646F63756D656E742EC8
:107D5000676574456C656D656E7442794964282762
:107D6000686973746F727956696577706F7274277A
:107D7000293B6966282163616E7661737C7C21767C
:107D8000696577706F72742972657475726E3B6382
:107D90006F6E7374206F6C645363726F6C6C3D769E
:107DA000696577706F72742E7363726F6C6C4C655B
:107DB00066743B636F6E73742076697369626C6579
:107DC00057696474683D4D6174682E6D617828311F
:107DD0002C76696577706F72742E636C69656E744A
:107DE0005769647468293B636F6E737420686569B2
:107DF0006768743D63616E7661732E636C69656E4E
:107E0000744865696768747C7C3232383B636F6E96
:107E100073742073616D706C65436F756E743D375C
:107E200032303B636F6E73742066756C6C57696497
:107E300074683D4D6174682E6D6178287669736948
:107E4000626C6557696474682C73616D706C65430E
:107E50006F756E742A32293B636F6E737420706184
:107E6000646465643D41727261792873616D706C00
:107E700065436F756E74292E66696C6C282D3129E7
:107E80003B2876616C7565737C7C5B5D292E736C19
:107E9000696365282D73616D706C65436F756E74D1
:107EA000292E666F7245616368282876616C756556
:107EB0002C696E646578293D3E7B706164646564FD
:107EC0005B73616D706C65436F756E742D4D61747D
:107ED000682E6D696E2873616D706C65436F756E89
:107EE000742C76616C7565732E6C656E6774682989
:107EF0002B696E6465785D3D4E756D62657228769E
:107F0000616C7565297D293B636F6E7374207363A3
:107F1000616C653D77696E646F772E646576696321
:107F200065506978656C526174696F7C7C313B6324
:107F3000616E7661732E7374796C652E77696474E3
:107F4000683D66756C6C57696474682B2770782778
:107F50003B63616E7661732E77696474683D667504
:107F60006C6C57696474682A7363616C653B636108
:107F70006E7661732E6865696768743D68656967C8
:107F800068742A7363616C653B636F6E73742063FE
:107F900074783D63616E7661732E676574436F6EAE
:107FA000746578742827326427293B6374782E73AC
:107FB00065745472616E73666F726D287363616C61
:107FC000652C302C302C7363616C652C302C30297F
:107FD0003B6374782E636C656172526563742830FC
:107FE0002C302C66756C6C57696474682C686569F4
:107FF000676874293B636F6E73742076616C696483
:108000003D7061646465642E66696C74657228767F
:10801000616C75653D3E4E756D6265722E69734685
:10802000696E6974652876616C75652926267661A6
:108030006C75653E3D30293B636F6E7374206D69CE
:108040006E3D4D6174682E6D696E282E2E2E766100
:108050006C69642C313030293B636F6E7374206D12
:1080600061783D4D6174682E6D6178282E2E2E76D4
:10807000616C69642C6D696E2B31293B636F6E7383
:1080800074206C6566743D34323B636F6E7374208C
:1080900072696768743D31323B636F6E737420742C
:1080A0006F703D31363B636F6E737420626F747412
:1080B0006F6D3D33303B636F6E737420706C6F7403
:1080C000573D66756C6C57696474682D6C65667491
:1080D0002D72696768743B636F6E737420706C6F88
:1080E00074483D6865696768742D746F702D626FA0
:1080F00074746F6D3B6374782E666F6E743D2731B8
:108100003070782073616E732D7365726966273BDA
:108110006374782E74657874416C69676E3D27725C
:1081200069676874273B666F72286C657420693DC7
:10813000303B693C3D343B692B2B297B636F6E736D
:108140007420793D746F702B706C6F74482D28709B
:108150006C6F74482A692F34293B6374782E7374CA
:10816000726F6B655374796C653D272333303431FE
:108170003461273B6374782E7365744C696E654473
:10818000617368285B352C365D293B6374782E62F9
:108190006567696E5061746828293B6374782E6D39
:1081A0006F7665546F286C6566742C79293B63740F
:1081B000782E6C696E65546F2866756C6C576964AF
:1081C00074682D72696768742C79293B6374782E02
:1081D0007374726F6B6528293B6374782E66696CC3
:1081E0006C5374796C653D2723386561316138279C
:1081F0003B6374782E66696C6C54657874284D61A5
:1082000074682E726F756E64286D696E2B286D61AF
:10821000782D6D696E292A692F34292B272046274E
:108220002C6C6566742D362C792B33297D6374781C
:108230002E7365744C696E6544617368285B5D29B3
:108240003B6374782E7374726F6B655374796C65CD
:108250003D2723353236333661273B6374782E62EF
:108260006567696E5061746828293B6374782E6D68
:108270006F7665546F286C6566742C746F70293B3B
:108280006374782E6C696E65546F286C6566742C07
:10829000746F702B706C6F7448293B6374782E6C0C
:1082A000696E65546F2866756C6C57696474682DC7
:1082B00072696768742C746F702B706C6F744829C6
:1082C0003B6374782E7374726F6B6528293B6374FB
:1082D000782E66696C6C5374796C653D272338651C
:1082E00061316138273B6374782E74657874416C12
:1082F00069676E3D2763656E746572273B5B273146
:1083000032682061676F272C273968272C27366849
:10831000272C273368272C274E6F77275D2E666F13
:10832000724561636828286C6162656C2C696E64B3
:108330006578293D3E7B636F6E737420783D6C6574
:1083400066742B706C6F74572A696E6465782F346D
:108350003B6374782E66696C6C54657874286C6124
:1083600062656C2C782C6865696768742D313029DA
:108370003B6374782E7374726F6B655374796C659C
:108380003D2723333034313461273B6374782E62C8
:108390006567696E5061746828293B6374782E6D37
:1083A0006F7665546F28782C746F70293B637478EE
:1083B0002E6C696E65546F28782C746F702B706CFE
:1083C0006F7448293B6374782E7374726F6B6528E1
:1083D000297D293B6374782E7374726F6B655374B7
:1083E000796C653D2723353563346337273B6374E8
:1083F000782E6C696E6557696474683D322E353B22
:108400006374782E626567696E5061746828293BD1
:108410006C657420737461727465643D66616C731D
:10842000653B7061646465642E666F724561636864
:10843000282876616C75652C696E646578293D3EE7
:108440007B696628214E756D6265722E6973466977
:108450006E6974652876616C7565297C7C76616CC3
:1084600075653C30297B737461727465643D666127
:108470006C73653B72657475726E7D636F6E737439
:1084800020783D6C6566742B706C6F74572A696E2A
:108490006465782F2873616D706C65436F756E74B9
:1084A0002D31293B636F6E737420793D746F702B8F
:1084B000706C6F74482D282876616C75652D6D6918
:1084C0006E292F286D61782D6D696E29292A706CAF
:1084D0006F74483B696628737461727465642963BC
:1084E00074782E6C696E65546F28782C79293B65F9
:1084F0006C73657B6374782E6D6F7665546F287826
:108500002C79293B737461727465643D747275656E
:108510007D7D293B6374782E7374726F6B65282997
:108520003B76696577706F72742E7363726F6C6CD3
:108530004C6566743D6F6C645363726F6C6C7C7CCD
:108540004D6174682E6D617828302C66756C6C579F
:10855000696474682D76697369626C6557696474BF
:1085600068297D0A66756E6374696F6E20666F7226
:108570006D6174416765286D696E75746573297BDB
:10858000696628214E756D6265722E697346696E43
:10859000697465286D696E75746573297C7C6D6975
:1085A0006E757465733C302972657475726E202720
:1085B0002D2D273B636F6E737420646179733D4D7D
:1085C0006174682E666C6F6F72286D696E75746564
:1085D000732F31343430293B636F6E737420686FAE
:1085E0007572733D4D6174682E666C6F6F722828CA
:1085F0006D696E757465732531343430292F3630CA
:10860000293B636F6E7374206D696E733D6D696E87
:10861000757465732536303B696628646179732902
:1086200072657475726E20646179732B27642027DC
:108630002B686F7572732B27682061676F273B6902
:108640006628686F7572732972657475726E20681A
:108650006F7572732B276820272B6D696E732B271C
:108660006D2061676F273B72657475726E206D694E
:108670006E732B276D2061676F277D0A66756E63A9
:1086800074696F6E2072656E6465724275726E48B1
:108690006973746F72795769746857617465722869
:1086A000686973746F7279297B636F6E737420725B
:1086B0006F6F743D646F63756D656E742E6765745E
:1086C000456C656D656E74427949642827627572E0
:1086D0006E486973746F727927293B696628217225
:1086E0006F6F742972657475726E3B647261775333
:1086F0007769706557617465724368617274287731
:1087000061746572486973746F7279466F724368F9
:10871000617274293B69662821686973746F727984
:108720007C7C21686973746F72792E6C656E6774D6
:1087300068297B726F6F742E696E6E657248544D36
:108740004C3D273C64697620636C6173733D2268FD
:108750006973746F7279456D707479223E4E6F2023
:10876000636F6D706C65746564206275726E7320E2
:108770007965743C2F6469763E273B726574757227
:108780006E7D726F6F742E696E6E657248544D4CBB
:108790003D27273B686973746F72792E666F724547
:1087A0006163682828656E7472792C696E646578D7
:1087B000293D3E7B636F6E737420726F773D646FEB
:1087C00063756D656E742E637265617465456C6565
:1087D0006D656E74282764697627293B726F772E42
:1087E000636C6173734E616D653D27686973746F67
:1087F0007279526F77273B636F6E73742061676580
:108800003D686973746F72794E6F774D696E7574D8
:1088100065732D4E756D62657228656E7472792E62
:1088200073746172745F656C61707365645F6D69A8
:108830006E293B726F772E696E6E657248544D4C8F
:108840003D273C64697620636C6173733D22696ED9
:10885000646578223E272B28696E6465782B312960
:108860002B273C2F6469763E3C6469763E3C7370EE
:10887000616E20636C6173733D22686973746F72FB
:10888000794C6162656C223E4275726E2073746130
:10889000727465643C2F7370616E3E3C7370616EE0
:1088A00020636C6173733D22686973746F727956CB
:1088B000616C7565223E272B666F726D617441672E
:1088C0006528616765292B273C2F7370616E3E3CDC
:1088D0002F6469763E3C6469763E3C7370616E201D
:1088E000636C6173733D22686973746F72794C6154
:1088F00062656C223E4275726E2074696D653C2F14
:108900007370616E3E3C7370616E20636C61737353
:108910003D22686973746F727956616C7565223E89
:10892000272B666F726D61744475726174696F6E26
:10893000284E756D62657228656E7472792E647545
:10894000726174696F6E5F73656329292B273C2FF1
:108950007370616E3E3C2F6469763E3C6469763E7E
:108960003C7370616E20636C6173733D2268697340
:10897000746F72794C6162656C223E4265747765F2
:10898000656E206275726E733C2F7370616E3E3C33
:108990007370616E20636C6173733D2268697374D8
:1089A0006F727956616C7565223E272B28656E744F
:1089B00072792E696E74657276616C5F7365633F60
:1089C000666F726D61744475726174696F6E284E62
:1089D000756D62657228656E7472792E696E746544
:1089E0007276616C5F73656329293A2746697273F1
:1089F00074207265636F7264656427292B273C2F8E
:108A00007370616E3E3C2F6469763E273B726F6FD8
:108A1000742E617070656E644368696C6428726F4F
:108A200077297D297D0A66756E6374696F6E20648F
:108A30007261774D61696E576174657243686172E6
:108A4000742876616C756573297B636F6E7374200F
:108A500063616E7661733D646F63756D656E742ED0
:108A6000676574456C656D656E7442794964282745
:108A70006D61696E5761746572477261706827290C
:108A80003B6966282163616E76617329726574752E
:108A9000726E3B636F6E737420726563743D6361C5
:108AA0006E7661732E676574426F756E64696E676A
:108AB000436C69656E745265637428293B636F6EFD
:108AC0007374207363616C653D77696E646F772E94
:108AD000646576696365506978656C526174696F25
:108AE0007C7C313B636F6E73742077696474683D7E
:108AF0004D6174682E6D617828312C726563742E17
:108B00007769647468293B636F6E73742068656964
:108B10006768743D4D6174682E6D617828312C72E0
:108B20006563742E686569676874293B63616E7656
:108B300061732E77696474683D77696474682A7319
:108B400063616C653B63616E7661732E686569670E
:108B500068743D6865696768742A7363616C653B16
:108B6000636F6E7374206374783D63616E766173B6
:108B70002E676574436F6E74657874282732642796
:108B8000293B6374782E7365745472616E73666FDB
:108B9000726D287363616C652C302C302C736361AB
:108BA0006C652C302C30293B6374782E636C6561C6
:108BB000725265637428302C302C77696474682C89
:108BC000686569676874293B636F6E737420706FA2
:108BD000696E74733D2876616C7565737C7C5B5D32
:108BE000292E6D6170284E756D626572292E666939
:108BF0006C7465722876616C75653D3E4E756D626C
:108C000065722E697346696E6974652876616C7544
:108C10006529262676616C75653E3D30292E736C7C
:108C2000696365282D313830293B696628706F6982
:108C30006E74732E6C656E6774683C32297265744D
:108C400075726E3B636F6E7374206D696E3D4D611E
:108C500074682E6D696E282E2E2E706F696E747377
:108C60002C313030293B636F6E7374206D61783D19
:108C70004D6174682E6D6178282E2E2E706F696E8E
:108C800074732C6D696E2B31293B6374782E737469
:108C9000726F6B655374796C653D2723353563348A
:108CA0006337273B6374782E6C696E65576964740B
:108CB000683D323B6374782E626567696E506174FB
:108CC0006828293B706F696E74732E666F724561F8
:108CD0006368282876616C75652C696E64657829EF
:108CE0003D3E7B636F6E737420783D382B28776927
:108CF0006474682D3136292A696E6465782F28706E
:108D00006F696E74732E6C656E6774682D31293BC4
:108D1000636F6E737420793D6865696768742D3779
:108D20002D2876616C75652D6D696E292F286D6112
:108D3000782D6D696E292A286865696768742D31F8
:108D400034293B696E6465783F6374782E6C696E74
:108D500065546F28782C79293A6374782E6D6F7674
:108D600065546F28782C79297D293B6374782E739C
:108D700074726F6B6528297D0A66756E6374696FFE
:108D80006E2073686F77416C6572742873297B63FA
:108D90006F6E737420653D646F63756D656E742EC0
:108DA000676574456C656D656E7442794964282702
:108DB000616C65727427293B636F6E737420743D18
:108DC000646F63756D656E742E676574456C656D53
:108DD000656E74427949642827616C6572745465C4
:108DE000787427293B6966287429742E7465787411
:108DF000436F6E74656E743D737C7C27273B696698
:108E0000286529652E636C6173734C6973742E74C5
:108E10006F67676C65282773686F77272C2121732C
:108E2000293B73796E635374617465416C61726D33
:108E300028297D0A66756E6374696F6E2073796E7A
:108E400063426F696C657241727428297B636F6E2F
:108E50007374206172743D646F63756D656E742EFA
:108E6000676574456C656D656E7442794964282741
:108E7000626F696C657241727427293B636F6E7310
:108E8000742073746174653D646F63756D656E7491
:108E90002E676574456C656D656E7442794964280A
:108EA000276275726E537461746527293F2E74654D
:108EB0007874436F6E74656E747C7C2749444C45AE
:108EC000273B696628216172742972657475726E18
:108ED0003B636F6E737420677561726469616E3D88
:108EE00073746174653D3D3D27454D4245525F4772
:108EF00055415244277C7C73746174652E696E649D
:108F000065784F662827454D4245522047554152C6
:108F10004449414E27293E3D303B636F6E737420B8
:108F200069646C653D73746174653D3D3D274944DA
:108F30004C4527262621677561726469616E3B6125
:108F400072742E636C6173734C6973742E746F67E3
:108F5000676C652827677561726469616E272C6785
:108F60007561726469616E293B6172742E636C6114
:108F700073734C6973742E746F67676C6528276907
:108F8000646C65272C69646C65293B6172742E637F
:108F90006C6173734C6973742E746F67676C6528AA
:108FA000276275726E696E67272C2169646C65266D
:108FB0002621677561726469616E297D0A66756E26
:108FC0006374696F6E2073796E6353746174654165
:108FD0006C61726D28297B636F6E7374206261729D
:108FE0003D646F63756D656E742E7175657279532E
:108FF000656C6563746F7228272E737461746542A3
:10900000617227293B636F6E73742073746174659A
:109010003D646F63756D656E742E676574456C6530
:109020006D656E744279496428276275726E537457
:1090300061746527293B636F6E7374206D6573736C
:109040006167653D646F63756D656E742E676574E9
:10905000456C656D656E74427949642827616C655D
:1090600072745465787427293F2E74657874436F41
:109070006E74656E747C7C27273B6966282162616B
:10908000727C7C2173746174652972657475726E6B
:109090003B6966286D657373616765297B6966281E
:1090A0002173746174652E646174617365742E6ECE
:1090B0006F726D616C2973746174652E6461746183
:1090C0007365742E6E6F726D616C3D73746174653F
:1090D0002E74657874436F6E74656E743B7374613F
:1090E00074652E74657874436F6E74656E743D6D2F
:1090F0006573736167653B6261722E636C61737344
:109100004C6973742E6164642827616C61726D27E9
:10911000297D656C73657B69662873746174652E3F
:10912000646174617365742E6E6F726D616C297306
:10913000746174652E74657874436F6E74656E74B3
:109140003D73746174652E646174617365742E6E11
:109150006F726D616C3B64656C65746520737461DE
:1091600074652E646174617365742E6E6F726D61C7
:109170006C3B6261722E636C6173734C6973742E05
:1091800072656D6F76652827616C61726D27297D28
:109190007D0A64726177537769706557617465728F
:1091A00043686172743D66756E6374696F6E28768C
:1091B000616C756573297B636F6E73742063616E78
:1091C0007661733D646F63756D656E742E6765744B
:1091D000456C656D656E74427949642827627572C5
:1091E0006E477261706827293B636F6E73742076D7
:1091F000696577706F72743D646F63756D656E74C9
:109200002E676574456C656D656E74427949642896
:1092100027686973746F727956696577706F7274B5
:1092200027293B6966282163616E7661737C7C2106
:1092300076696577706F72742972657475726E3BAA
:10924000636F6E73742076697369626C65576964C5
:1092500074683D4D6174682E6D617828312C766993
:109260006577706F72742E636C69656E745769648C
:109270007468293B636F6E737420686569676874EE
:109280003D63616E7661732E636C69656E744865CB
:10929000696768747C7C3232383B636F6E7374200C
:1092A000636F756E743D3732303B636F6E7374203D
:1092B0007061646465643D417272617928636F75A1
:1092C0006E74292E66696C6C282D31293B287661D5
:1092D0006C7565737C7C5B5D292E736C6963652896
:1092E0002D636F756E74292E666F724561636828F1
:1092F0002876616C75652C696E646578293D3E7BC6
:109300007061646465645B636F756E742D4D617428
:10931000682E6D696E28636F756E742C76616C753E
:1093200065732E6C656E677468292B696E64657849
:109330005D3D4E756D6265722876616C7565297D3F
:10934000293B636F6E73742066756C6C5769647427
:10935000683D4D6174682E6D617828766973696225
:109360006C6557696474682C636F756E742A322952
:109370003B636F6E7374207363616C653D77696ED8
:10938000646F772E646576696365506978656C52A1
:109390006174696F7C7C313B63616E7661732E739F
:1093A00074796C652E77696474683D66756C6C576A
:1093B000696474682B277078273B63616E766173EC
:1093C0002E77696474683D66756C6C57696474685F
:1093D0002A7363616C653B63616E7661732E6865A9
:1093E000696768743D6865696768742A7363616C4E
:1093F000653B636F6E7374206374783D63616E7652
:1094000061732E676574436F6E74657874282732B4
:109410006427293B6374782E7365745472616E738C
:10942000666F726D287363616C652C302C302C7301
:1094300063616C652C302C30293B6374782E636C2F
:109440006561725265637428302C302C66756C6CC3
:1094500057696474682C686569676874293B636F31
:109460006E73742076616C69643D706164646564D8
:109470002E66696C7465722876616C75653D3E4E2A
:10948000756D6265722E697346696E6974652876BA
:10949000616C756529262676616C75653E3D3029BF
:1094A0003B636F6E7374206D696E3D3130303B638A
:1094B0006F6E7374206D61783D4D6174682E6D61BF
:1094C00078283230302C4D6174682E6365696C28C1
:1094D000284D6174682E6D6178282E2E2E76616C71
:1094E00069642C323030292B3230292F3230292A2E
:1094F0003230293B636F6E7374206C6566743D3443
:10950000323B636F6E73742072696768743D3132E9
:109510003B636F6E737420746F703D31363B636FC5
:109520006E737420626F74746F6D3D33303B636F84
:109530006E737420706C6F74573D66756C6C5769F0
:109540006474682D6C6566742D72696768743B631A
:109550006F6E737420706C6F74483D6865696768DE
:10956000742D746F702D626F74746F6D3B637478BB
:109570002E666F6E743D27313070782073616E7384
:109580002D7365726966273B6374782E74657874F1
:10959000416C69676E3D277269676874273B666F27
:1095A00072286C657420693D303B693C3D343B69F1
:1095B0002B2B297B636F6E737420793D746F702B36
:1095C000706C6F74482D28706C6F74482A692F3442
:1095D000293B6374782E7374726F6B655374796C66
:1095E000653D2723333034313461273B6374782E53
:1095F0007365744C696E6544617368285B352C36FD
:109600005D293B6374782E626567696E506174688A
:1096100028293B6374782E6D6F7665546F286C65CE
:1096200066742C79293B6374782E6C696E65546F6F
:109630002866756C6C57696474682D726967687404
:109640002C79293B6374782E7374726F6B652829AB
:109650003B6374782E66696C6C5374796C653D2736
:1096600023386561316138273B6374782E66696CF5
:109670006C54657874284D6174682E726F756E64D1
:10968000286D696E2B286D61782D6D696E292A69A8
:109690002F34292B272046272C6C6566742D362CF9
:1096A000792B33297D6374782E7365744C696E65EC
:1096B00044617368285B5D293B6374782E73747210
:1096C0006F6B655374796C653D27233532363336BD
:1096D00061273B6374782E626567696E50617468B8
:1096E00028293B6374782E6D6F7665546F286C65FE
:1096F00066742C746F70293B6374782E6C696E6588
:10970000546F286C6566742C746F702B706C6F745A
:1097100048293B6374782E6C696E65546F286675B2
:109720006C6C57696474682D72696768742C746F07
:10973000702B706C6F7448293B6374782E7374724D
:109740006F6B6528293B6374782E66696C6C537463
:10975000796C653D2723386561316138273B637437
:10976000782E74657874416C69676E3D2763656E09
:10977000746572273B5B273132682061676F272C45
:10978000273968272C273668272C273368272C276A
:109790004E6F77275D2E666F724561636828286C6F
:1097A0006162656C2C696E646578293D3E7B636FF0
:1097B0006E737420783D6C6566742B706C6F745793
:1097C0002A696E6465782F343B6374782E66696C01
:1097D0006C54657874286C6162656C2C782C6865B3
:1097E000696768742D3130297D293B6374782E7345
:1097F00074726F6B655374796C653D2723353563DF
:10980000346337273B6374782E6C696E65576964DF
:1098100074683D322E353B6374782E626567696EDD
:109820005061746828293B6C65742073746172748C
:1098300065643D66616C73653B7061646465642E4C
:10984000666F7245616368282876616C75652C695E
:109850006E646578293D3E7B696628214E756D6290
:1098600065722E697346696E6974652876616C75D8
:1098700065297C7C76616C75653C30297B737461ED
:10988000727465643D66616C73653B726574757274
:109890006E7D636F6E737420783D6C6566742B709B
:1098A0006C6F74572A696E6465782F28636F756EC4
:1098B000742D31293B636F6E737420793D746F7022
:1098C0002B706C6F74482D282876616C75652D6D32
:1098D000696E292F286D61782D6D696E29292A708E
:1098E0006C6F74483B69662873746172746564298F
:1098F0006374782E6C696E65546F28782C79293BD7
:10990000656C73657B6374782E6D6F7665546F2814
:10991000782C79293B737461727465643D74727537
:10992000657D7D293B6374782E7374726F6B652837
:10993000293B76696577706F72742E7363726F6CF2
:109940006C4C6566743D4D6174682E6D617828308D
:109950002C66756C6C57696474682D7669736962DE
:109960006C655769647468297D0A6173796E632038
:1099700066756E6374696F6E2073746174652829EF
:109980007B7472797B636F6E737420733D61776152
:10999000697420726571756573744A736F6E2827D8
:1099A0002F6170692F737461746527293B6C617333
:1099B0007453746174653D733B6C6173745374616B
:1099C00074654D733D446174652E6E6F7728293B35
:1099D00072656E64657253656C66436C65616E2872
:1099E00073293B74657874282770757368537461A4
:1099F000747573272C274C617374207075736820FD
:109A000064656C69766572793A20272B28732E700D
:109A10007573685F7374617475737C7C2749646CBB
:109A2000652729293B0A20636F6E73742066616E77
:109A300056616C75653D4E756D62657228732E6654
:109A4000616E5F66696E616C3F3F732E66616E3F4B
:109A50003F30293B636F6E73742066616E4F66669C
:109A60003D732E6275726E5F73746174655F7465A9
:109A700078743D3D3D2749444C45277C7C66616EAA
:109A800056616C75653C3D303B636F6E7374206549
:109A900078686175737456616C75653D4E756D625D
:109AA000657228732E657868617573745F736D6F66
:109AB0006F7468293B636F6E737420736574706F85
:109AC000696E743D4E756D62657228646F63756D65
:109AD000656E742E676574456C656D656E7442794C
:109AE00049642827657868617573745F736574705D
:109AF0006F696E7427292E76616C75657C7C3530B4
:109B000030293B636F6E7374206465616462616EBB
:109B1000643D4E756D62657228646F63756D656E28
:109B2000742E676574456C656D656E744279496421
:109B300028276465616462616E6427292E76616CF2
:109B400075657C7C3135293B636F6E7374206D6560
:109B5000747269633D732E656E763F2E756E6974FF
:109B6000733D3D3D276D6574726963273B636F6E7E
:109B70007374206F7574646F6F723D732E656E76AB
:109B80003F2E74656D705F663D3D3D6E756C6C3F3C
:109B900027455252273A286D65747269633F4D61BB
:109BA00074682E726F756E642828732E656E763F0A
:109BB0002E74656D705F662D3332292A352F392951
:109BC0002B272043273A4D6174682E726F756E649F
:109BD00028732E656E763F2E74656D705F66292B37
:109BE00027204627293B636F6E73742068756D6963
:109BF000646974793D732E656E763F2E68756D6964
:109C0000646974793D3D3D6E756C6C3F27455252D9
:109C1000273A4D6174682E726F756E6428732E65D5
:109C20006E763F2E68756D6964697479292B2725D6
:109C3000273B636F6E737420707265737375726502
:109C40003D732E656E763F2E707265737375726507
:109C50003D3D3D6E756C6C3F27455252273A286D4D
:109C600065747269633F284E756D62657228732E44
:109C7000656E763F2E7072657373757265292F312C
:109C800030292E746F46697865642831292B272086
:109C90006B5061273A284E756D62657228732E6588
:109CA0006E763F2E7072657373757265292A302E39
:109CB0003032393533292E746F466978656428321D
:109CC000292B2720696E486727293B636F6E7374C1
:109CD000206578686175737447617567653D646F69
:109CE00063756D656E742E676574456C656D656E24
:109CF000744279496428276578686175737447618F
:109D000075676527293B636F6E73742066616E49C2
:109D1000636F6E3D646F63756D656E742E676574F9
:109D2000456C656D656E7442794964282766616E7D
:109D300049636F6E27293B636F6E73742062726193
:109D40006E644D61726B3D646F63756D656E742EEC
:109D5000676574456C656D656E7442794964282742
:109D60006272616E644D61726B27293B636F6E7323
:109D700074206272616E6454656D703D646F6375CA
:109D80006D656E742E676574456C656D656E7442A5
:109D900079496428276272616E6454656D70272961
:109DA0003B636F6E7374206275726E537461746579
:109DB0003D732E6275726E5F73746174655F746556
:109DC00078747C7C732E6275726E5F7374617465D7
:109DD0003B636F6E737420697349646C653D627593
:109DE000726E53746174653D3D3D2749444C45276F
:109DF0003B746578742827636F6E6E656374696F52
:109E00006E272C274F6E6C696E6527293B74657829
:109E10007428276275726E5374617465272C62759D
:109E2000726E5374617465293B7465787428276277
:109E300072616E6454656D70272C4E756D6265722B
:109E40002E69734E614E286578686175737456612A
:109E50006C7565293F2745786861757374202D2DD1
:109E60002D273A274578686175737420272B4D613B
:109E700074682E726F756E64286578686175737486
:109E800056616C7565292B27204627293B62726134
:109E90006E644D61726B2E636C6173734C69737485
:109EA0002E746F67676C65282769646C65272C6959
:109EB0007349646C65293B6272616E644D61726BBB
:109EC0002E636C6173734C6973742E746F67676C67
:109ED0006528276275726E696E67272C2169734940
:109EE000646C6526266275726E5374617465213DDB
:109EF0003D27454D4245525F475541524427293B36
:109F000074657874282765786861757374272C4E9A
:109F1000756D6265722E69734E614E286578686151
:109F200075737456616C7565293F27455252273AFF
:109F30004D6174682E726F756E64286578686175FE
:109F4000737456616C7565292B27204627293B744D
:109F5000657874282766616E272C66616E4F666689
:109F60003F274F4646273A66616E56616C75652BF2
:109F7000272527293B7465787428276164617074EC
:109F8000697665536C6F7065272C4E756D626572CE
:109F900028732E61646170746976655F736C6F708D
:109FA000653F3F31292E746F4669786564283329EF
:109FB000293B74657874282774616E6B272C732E87
:109FC00074616E6B5F74656D703D3D3D6E756C6C5C
:109FD0003F27455252273A4D6174682E726F756E55
:109FE0006428732E74616E6B5F74656D70292B2706
:109FF000204627293B74657874282774616E6B4C62
:10A00000696D697473272C28732E74616E6B5F6899
:10A010006967683F3F272D2D2D27292B27202F20CB
:10A02000272B28732E74616E6B5F6C6F773F3F2711
:10A030002D2D2D27292B27204627293B7465787441
:10A0400028276F7574646F6F72272C6F7574646F37
:10A050006F72293B74657874282768756D69646927
:10A060007479272C68756D6964697479293B746506
:10A07000787428277072657373757265272C7072F7
:10A08000657373757265293B7465787428276D61F3
:10A09000696E4F7574646F6F72272C6F7574646F7F
:10A0A0006F72293B7465787428276D61696E4875F5
:10A0B0006D6964697479272C68756D696469747950
:10A0C000293B7465787428276D61696E50726573D9
:10A0D00073757265272C7072657373757265293B91
:10A0E000746578742827657868617573744F6B2779
:10A0F0002C732E657868617573745F73656E736F0A
:10A10000725F6F6B3F274F4B273A274641554C54A0
:10A1100027293B74657874282774616E6B4F6B2711
:10A120002C732E74616E6B5F73656E736F725F6FED
:10A130006B3F274F4B273A274641554C5427293B25
:10A1400074657874282777696669272C732E776978
:10A1500066695F6F6B3F274F4B273A274F4646276D
:10A16000293B66616E49636F6E2E636C6173734C3D
:10A170006973742E746F67676C65282772756E6ECD
:10A18000696E67272C2166616E4F6666293B646F96
:10A1900063756D656E742E676574456C656D656E6F
:10A1A0007442794964282766616E4761756765273F
:10A1B000292E7374796C652E73657450726F706597
:10A1C00072747928272D2D6761756765272C666164
:10A1D0006E56616C75652B272527293B657868616C
:10A1E00075737447617567652E636C6173734C6931
:10A1F00073742E72656D6F76652827636F6C6427A4
:10A200002C27676F6F64272C27686F7427293B659D
:10A2100078686175737447617567652E636C6173E7
:10A22000734C6973742E616464284E756D62657237
:10A230002E69734E614E2865786861757374566136
:10A240006C7565297C7C6578686175737456616C82
:10A2500075653C736574706F696E742D64656164B7
:10A2600062616E643F27636F6C64273A657868614A
:10A2700075737456616C75653E736574706F696E45
:10A28000742B6465616462616E643F27686F742734
:10A290003A27676F6F6427293B6578686175737427
:10A2A00047617567652E7374796C652E736574509C
:10A2B000726F706572747928272D2D6761756765D7
:10A2C000272C4D6174682E6D617828302C4D617497
:10A2D000682E6D696E283130302C65786861757331
:10A2E0007456616C75652F736574706F696E742A2E
:10A2F00031303029292B272527293B72656E64656B
:10A300007250726F62657328732E7761746572295B
:10A310003B73686F77416C65727428732E616C654E
:10A3200072747C7C2727293B0A207D6361746368F3
:10A330002865297B746578742827636F6E6E656362
:10A3400074696F6E272C274F66666C696E652729C6
:10A350003B73686F77416C6572742827436F6E7426
:10A36000726F6C6C657220756E617661696C61628A
:10A370006C6527293B7468726F7720657D7D0A665E
:10A38000756E6374696F6E20696E697453656C666F
:10A39000436C65616E54696D654F7074696F6E735F
:10A3A00028297B5B2773656C665F636C65616E5FF4
:10A3B00073746172745F686F7572272C2773656C94
:10A3C000665F636C65616E5F656E645F686F757212
:10A3D000275D2E666F72456163682869643D3E7B28
:10A3E000636F6E73742073656C6563743D646F6333
:10A3F000756D656E742E676574456C656D656E74FC
:10A4000042794964286964293B6966282173656C2F
:10A410006563742972657475726E3B69662873652D
:10A420006C6563742E6F7074696F6E732E6C656EDD
:10A430006774683E302972657475726E3B666F7220
:10A44000286C657420686F75723D303B686F75725B
:10A450003C32343B686F75722B2B297B636F6E73B4
:10A4600074207375666669783D686F75723C313229
:10A470003F27414D273A27504D273B636F6E73743A
:10A4800020646973706C6179486F75723D686F758F
:10A49000722531327C7C31323B73656C6563742E7E
:10A4A000616464286E6577204F7074696F6E2864EC
:10A4B0006973706C6179486F75722B2720272B7335
:10A4C00075666669782C686F757229297D7D297D8E
:10A4D0000A6173796E632066756E6374696F6E20AE
:10A4E00073657474696E677328297B696E69745328
:10A4F000656C66436C65616E54696D654F70746917
:10A500006F6E7328293B636F6E737420733D6177A0
:10A5100061697420726571756573744A736F6E2812
:10A52000272F6170692F73657474696E67732729AB
:10A530003B6964732E666F7245616368286B3D3EAC
:10A54000736574286B2C735B6B5D29293B636F6E9D
:10A550007374207A6F6E653D646F63756D656E749C
:10A560002E676574456C656D656E74427949642823
:10A570002773656C665F636C65616E5F74696D659A
:10A580007A6F6E6527293B6966287A6F6E65297B2D
:10A59000636F6E7374207A763D537472696E6728A8
:10A5A000732E73656C665F636C65616E5F75746353
:10A5B0005F6F6666736574292B277C272B28732EA3
:10A5C00073656C665F636C65616E5F6473743F3165
:10A5D0003A30293B666F72286C657420693D303BC8
:10A5E000693C7A6F6E652E6F7074696F6E732E6C36
:10A5F000656E6774683B692B2B297B6966287A6FC7
:10A600006E652E6F7074696F6E735B695D2E766117
:10A610006C75653D3D3D7A76297B7A6F6E652E7649
:10A62000616C75653D7A763B627265616B7D7D7D9F
:10A630006C61737453657474696E67734D733D44D4
:10A640006174652E6E6F7728293B6966286C61738B
:10A650007453746174652972656E64657253656CB8
:10A6600066436C65616E286C6173745374617465C4
:10A67000297D0A66756E6374696F6E2072656E64FB
:10A68000657253656C66436C65616E2873297B63E4
:10A690006F6E73742070616E656C3D646F63756D71
:10A6A000656E742E676574456C656D656E74427970
:10A6B0004964282773656C66436C65616E50616EF2
:10A6C000656C27293B636F6E73742076616C7565CA
:10A6D0003D646F63756D656E742E676574456C655A
:10A6E0006D656E7442794964282773656C66436CA6
:10A6F00065616E53746174757327293B636F6E7364
:10A700007420636F756E743D646F63756D656E74F0
:10A710002E676574456C656D656E74427949642871
:10A720002773656C66436C65616E436F756E742745
:10A73000293B636F6E737420627574746F6E3D6431
:10A740006F63756D656E742E676574456C656D65B8
:10A750006E7442794964282773656C66436C656141
:10A760006E4E6F7727293B6966282170616E656C94
:10A770007C7C2176616C75652972657475726E3B9F
:10A7800070616E656C2E636C6173734C6973742EAB
:10A79000746F67676C652827647565272C212173A2
:10A7A0002E73656C665F636C65616E5F6475657C56
:10A7B0007C2121732E73656C665F636C65616E5FCF
:10A7C0006D616E75616C293B70616E656C2E636C9A
:10A7D0006173734C6973742E746F67676C65282797
:10A7E000616374697665272C2121732E73656C660D
:10A7F0005F636C65616E5F616374697665293B694F
:10A800006628627574746F6E29627574746F6E2E2B
:10A8100064697361626C65643D21732E73656C6657
:10A820005F636C65616E5F656E61626C65643B76EB
:10A83000616C75652E74657874436F6E74656E74A3
:10A840003D21732E73656C665F636C65616E5F6539
:10A850006E61626C65643F2744697361626C656414
:10A86000273A732E73656C665F636C65616E5F611A
:10A8700063746976653F27414354495645202D202E
:10A88000313030252046414E273A732E73656C6671
:10A890005F636C65616E5F6D616E75616C3F274DC6
:10A8A000414E55414C3A204E455854204255524E47
:10A8B000273A732E73656C665F636C65616E5F64C7
:10A8C00075653F27445545202D2057414954494E31
:10A8D0004720464F52204E49474854204255524E39
:10A8E000273A27456E61626C6564273B6966286379
:10A8F0006F756E74297B69662821732E73656C668B
:10A900005F636C65616E5F656E61626C6564297B17
:10A91000636F756E742E74657874436F6E74656EB4
:10A92000743D27277D656C73657B636F6E73742040
:10A93000696E74657276616C3D4E756D62657228E4
:10A94000732E73656C665F636C65616E5F696E74B0
:10A95000657276616C7C7C30293B636F6E7374200A
:10A960006275726E733D4E756D62657228732E73DB
:10A97000656C665F636C65616E5F6275726E5F6366
:10A980006F756E747C7C30293B636F6E73742072BC
:10A99000656D61696E696E673D4D6174682E6D61AC
:10A9A0007828302C696E74657276616C2D627572D0
:10A9B0006E73293B636F756E742E74657874436F84
:10A9C0006E74656E743D732E73656C665F636C6543
:10A9D000616E5F6163746976653F2753656C662DB0
:10A9E000636C65616E2072756E6E696E67273A7270
:10A9F000656D61696E696E673D3D3D303F2753650A
:10AA00006C662D636C65616E20647565273A2872EB
:10AA1000656D61696E696E673D3D3D313F274E65ED
:10AA2000787420636C65616E20696E2031206275D8
:10AA3000726E273A274E65787420636C65616E20CC
:10AA4000696E20272B72656D61696E696E672B27B1
:10AA5000206275726E7327297D7D7D0A6173796E20
:10AA6000632066756E6374696F6E2073656C6643F0
:10AA70006C65616E4E6F7728297B636F6E737420EF
:10AA80006A3D617761697420726571756573744A96
:10AA9000736F6E28272F6170692F736574272C7B65
:10AAA0006D6574686F643A27504F5354272C68655E
:10AAB00061646572733A7B27436F6E74656E742DA3
:10AAC00054797065273A276170706C6963617469A5
:10AAD0006F6E2F6A736F6E272C27582D426F696C2B
:10AAE00065722D546F6B656E273A746F6B656E28B7
:10AAF000297D2C626F64793A4A534F4E2E737472DB
:10AB0000696E67696679287B73656C665F636C65DF
:10AB1000616E5F72756E5F6E6F773A747275657D88
:10AB2000297D293B73686F77416C657274286A2EA2
:10AB30006F6B3F2753656C662D636C65616E20718A
:10AB4000756575656420666F7220746865206E6532
:10AB50007874206275726E273A286A2E6572726F59
:10AB6000727C7C2753656C662D636C65616E207208
:10AB70006571756573742072656A656374656427B1
:10AB800029293B6177616974207374617465282990
:10AB90007D0A6173796E632066756E6374696F6E8A
:10ABA000207361766528297B636F6E737420656EF0
:10ABB00074657265643D70726F6D70742827456EA0
:10ABC0007465722074686520436F6E74726F6C2FA9
:10ABD0004150492050617373776F726420746F2005
:10ABE000636F6E6669726D20736176696E6720733C
:10ABF000657474696E677327293B696628656E748E
:10AC0000657265643D3D3D6E756C6C7C7C656E74F3
:10AC1000657265643D3D3D2727297B646F63756DD3
:10AC2000656E742E676574456C656D656E744279EA
:10AC3000496428276D65737361676527292E7465DC
:10AC40007874436F6E74656E743D2753617665202A
:10AC500063616E63656C6C6564273B7265747572C5
:10AC60006E7D6C6F63616C53746F726167652E7378
:10AC700065744974656D28746F6B656E4B65792CCE
:10AC8000656E7465726564293B636F6E73742062D0
:10AC90006F64793D7B7D3B6964732E666F7245619D
:10ACA0006368286B3D3E7B636F6E73742076616CC6
:10ACB00075653D646F63756D656E742E676574456B
:10ACC0006C656D656E7442794964286B292E7661D6
:10ACD0006C75653B6966286B3D3D3D2773656C6609
:10ACE0005F636C65616E5F74696D657A6F6E652711
:10ACF000297B636F6E73742070617274733D76612B
:10AD00006C75652E73706C697428277C27293B62EB
:10AD10006F64792E73656C665F636C65616E5F75D9
:10AD200074635F6F66667365743D4E756D626572C0
:10AD30002870617274735B305D293B626F64792E99
:10AD400073656C665F636C65616E5F6473743D4EC2
:10AD5000756D6265722870617274735B315D297DF7
:10AD6000656C7365206966286B3D3D3D2770757382
:10AD7000685F746F70696327297B626F64792E70D6
:10AD80007573685F746F7069633D76616C75657D1E
:10AD9000656C736520626F64795B6B5D3D4E756DAC
:10ADA0006265722876616C7565297D293B636F6EDB
:10ADB0007374206A3D61776169742072657175658D
:10ADC00073744A736F6E28272F6170692F736574CF
:10ADD000272C7B6D6574686F643A27504F53542756
:10ADE0002C686561646572733A7B27436F6E746586
:10ADF0006E742D54797065273A276170706C6963A1
:10AE00006174696F6E2F6A736F6E272C27582D42FD
:10AE10006F696C65722D546F6B656E273A656E7441
:10AE2000657265647D2C626F64793A4A534F4E2E89
:10AE3000737472696E6769667928626F6479297DB7
:10AE4000293B646F63756D656E742E676574456C20
:10AE5000656D656E744279496428276D6573736109
:10AE6000676527292E74657874436F6E74656E74F8
:10AE70003D6A2E6F6B3F275361766564273A286AD7
:10AE80002E6572726F727C7C2752656A6563746589
:10AE90006427293B61776169742073657474696EF6
:10AEA000677328293B6177616974207374617465E5
:10AEB00028297D0A6173796E632066756E637469F3
:10AEC0006F6E20707573685465737428297B6C6588
:10AED0007420743D746F6B656E28293B6966282168
:10AEE00074297B636F6E737420763D70726F6D7022
:10AEF000742827456E7465722074686520436F6EF0
:10AF000074726F6C2F4150492050617373776F7268
:10AF10006420746F2073656E64206120746573749F
:10AF2000206E6F74696669636174696F6E27293B6F
:10AF3000696628763D3D3D6E756C6C7C7C763D3D4A
:10AF40003D27272972657475726E3B6C6F63616C67
:10AF500053746F726167652E7365744974656D28EB
:10AF6000746F6B656E4B65792C76293B743D767DED
:10AF7000636F6E7374206A3D6177616974207265D6
:10AF800071756573744A736F6E28272F6170692F0E
:10AF9000707573685F74657374272C7B6D65746856
:10AFA0006F643A27504F5354272C6865616465726B
:10AFB000733A7B27582D426F696C65722D546F6B05
:10AFC000656E273A747D7D293B7465787428276DFA
:10AFD000657373616765272C6A2E6F6B3F27546515
:10AFE000737420717565756564202D207365652007
:10AFF00064656C6976657279207374617475732009
:10B0000062656C6F77273A286A2E6572726F727C60
:10B010007C2750757368206661696C6564272929EF
:10B020003B617761697420737461746528297D0AB6
:10B03000646F63756D656E742E7175657279536595
:10B040006C6563746F72416C6C28272E7461622783
:10B05000292E666F724561636828623D3E622E6FDD
:10B060006E636C69636B3D28293D3E7B646F63753D
:10B070006D656E742E717565727953656C65637458
:10B080006F72416C6C28272E74616227292E666FBF
:10B09000724561636828783D3E782E636C617373F6
:10B0A0004C6973742E72656D6F76652827616374C1
:10B0B0006976652729293B646F63756D656E742E0B
:10B0C000717565727953656C6563746F72416C6CF0
:10B0D000282773656374696F6E27292E666F724522
:10B0E00061636828783D3E782E636C6173734C69A8
:10B0F00073742E72656D6F76652827616374697647
:10B10000652729293B622E636C6173734C697374E4
:10B110002E616464282761637469766527293B641E
:10B120006F63756D656E742E676574456C656D65CE
:10B130006E744279496428622E6461746173657427
:10B140002E746172676574292E636C6173734C6928
:10B1500073742E6164642827616374697665272996
:10B160003B72656E646572486973746F7279536E71
:10B17000617073686F7428293B6966286C61737409
:10B1800053746174652972656E64657250726F6282
:10B190006573286C61737453746174652E77617480
:10B1A0006572293B706F6C6C4E6F7728297D293B47
:10B1B0000A636F6E7374207075736853746174756D
:10B1C000733D646F63756D656E742E637265617433
:10B1D00065456C656D656E74282764697627293B23
:10B1E000707573685374617475732E69643D27704C
:10B1F000757368537461747573273B707573685306
:10B2000074617475732E636C6173734E616D653D0B
:10B210002768696E74273B646F63756D656E742E65
:10B22000676574456C656D656E744279496428275D
:10B23000707573685465737427292E706172656E1A
:10B2400074456C656D656E742E61667465722870E8
:10B25000757368537461747573293B0A646F637501
:10B260006D656E742E676574456C656D656E7442B0
:10B2700079496428277361766527292E6F6E636C80
:10B2800069636B3D72756E416374696F6E2873619B
:10B290007665293B646F63756D656E742E676574A2
:10B2A000456C656D656E74427949642827707573C5
:10B2B000685465737427292E6F6E636C69636B3DE8
:10B2C00072756E416374696F6E287075736854652A
:10B2D0007374293B646F63756D656E742E67657456
:10B2E000456C656D656E7442794964282773656C99
:10B2F00066436C65616E4E6F7727292E6F6E636CA7
:10B3000069636B3D72756E416374696F6E28736516
:10B310006C66436C65616E4E6F77293B646F637535
:10B320006D656E742E676574456C656D656E7442EF
:10B3300079496428277265736574416C61726D2761
:10B34000292E6F6E636C69636B3D72756E41637419
:10B35000696F6E287265736574416C61726D293B0B
:10B36000646F63756D656E742E676574456C656D8D
:10B37000656E74427949642827616C657274526500
:10B3800073657427292E6F6E636C69636B3D7275EC
:10B390006E416374696F6E287265736574416C6188
:10B3A000726D293B646F63756D656E742E6765748D
:10B3B000456C656D656E74427949642827737461C4
:10B3C0007465526573657427292E6F6E636C6963AB
:10B3D0006B3D72756E416374696F6E28726573653B
:10B3E00074416C61726D293B646F63756D656E7439
:10B3F0002E676574456C656D656E74427949642885
:10B4000027746F6B656E27292E6F6E636C69636B93
:10B410003D28293D3E7B636F6E737420763D7072CC
:10B420006F6D70742827456E74657220746865208E
:10B43000436F6E74726F6C2F41504920506173736B
:10B44000776F726420736176656420647572696ECB
:10B4500067205769466920736574757027293B69B1
:10B46000662876213D3D6E756C6C296C6F63616C4E
:10B4700053746F726167652E7365744974656D28C6
:10B48000746F6B656E4B65792C76297D3B72656DAB
:10B49000656D62657243686172745363726F6C6C40
:10B4A00028293B706F6C6C4E6F7728293B7365744D
:10B4B000496E74657276616C2873796E63426F6948
:10B4C0006C65724172742C353030293B7365744958
:10B4D0006E74657276616C2873796E6353746174EF
:10B4E00065416C61726D2C353030293B7365744950
:10B4F0006E74657276616C28686F6C644368617203
:10B50000745363726F6C6C2C313030293B0A3C2FC2
:10B510007363726970743E3C2F626F64793E3C2F96
:10B5200068746D6C3E0A007B226572726F72223AFB
:10B530002261757468656E7469636174696F6E20E9
:10B540007265717569726564227D003430312055F1
:10B550006E617574686F72697A65640057694669CF
:10B560004150493A20726573706F6E736520616C4B
:10B570006C6F636174696F6E206661696C656400ED
:10B580006170706C69636174696F6E2F6A736F6E3E
:10B5900000353033205365727669636520556E61DE
:10B5A0007661696C61626C65007B226572726F7294
:10B5B000223A22696E73756666696369656E7420E6
:10B5C0006D656D6F7279227D005769466950726FA3
:10B5D000766973696F6E696E673A20696E69742067
:10B5E00028736176656420535441207265747269D2
:10B5F00065733B204150206F6E6C792077697468C9
:10B600006F75742063726564656E7469616C73290B
:10B6100000626F696C6572617373697374616E74D3
:10B62000005769466950726F766973696F6E696E0B
:10B63000673A205573696E672072756E74696D651F
:10B6400020535349443A20005769466950726F7637
:10B650006973696F6E696E673A204E6F2072756EFE
:10B6600074696D652063726564656E7469616C737D
:10B6700020C3A2E280A0E28099204150206D6F6437
:10B6800065005769466950726F766973696F6E69B4
:10B690006E673A205374617274696E67204150205E
:10B6A0006D6F64652E2E2E00426F696C657241735A
:10B6B00073697374616E742D536574757000576986
:10B6C000466950726F766973696F6E696E673A206A
:10B6D000415020737461727420726573756C7420AC
:10B6E0003D20005769466950726F766973696F6EC5
:10B6F000696E673A2052415720524551554553547F
:10B7000020424547494E005769466950726F766935
:10B7100073696F6E696E673A2052415720524551E6
:10B720005545535420454E4400504F535420007308
:10B730007369640070617373006D71747453657222
:10B74000766572006D71747455736572006D7174F5
:10B75000745061737300636F6E74726F6C506173B9
:10B760007300646973706C61794E616D650057692F
:10B77000466950726F766973696F6E696E673A20B9
:10B780006D697373696E672053534944206F72204B
:10B7900070617373776F7264005769466950726F96
:10B7A000766973696F6E696E673A204E65772063BC
:10B7B000726564656E7469616C7320726563656936
:10B7C00076656420616E6420736176656420746FB1
:10B7D00020454550524F4D00485454502F312E3182
:10B7E00020323030204F4B00436F6E74656E742DE5
:10B7F000547970653A20746578742F68746D6C00A4
:10B800003C68746D6C3E3C626F64793E3C68333ECC
:10B8100053617665642E205265626F6F74696E673E
:10B820002E2E2E3C2F68333E3C2F626F64793E3CB7
:10B830002F68746D6C3E005769466950726F766967
:10B8400073696F6E696E673A205245534554544987
:10B850004E47204E4F57003C21444F4354595045CA
:10B860002068746D6C3E3C68746D6C3E3C626F6425
:10B87000793E3C68323E426F696C65722041737359
:10B88000697374616E7420576946692053657475D5
:10B89000703C2F68323E3C666F726D206D65746837
:10B8A0006F643D27504F5354273E596F7572206E79
:10B8B000616D653A3C62723E3C696E707574206ED3
:10B8C000616D653D27646973706C61794E616D656A
:10B8D00027206D61786C656E6774683D273331276A
:10B8E0003E3C62723E3C62723E5769466920535349
:10B8F00049443A3C62723E3C696E707574206E61D8
:10B900006D653D2773736964273E3C62723E5769DB
:10B9100046692050617373776F72643A3C62723E7D
:10B920003C696E707574206E616D653D2770617342
:10B93000732720747970653D2770617373776F7218
:10B9400064273E3C62723E3C62723E4D515454202C
:10B950005365727665723A3C62723E3C696E7075F0
:10B9600074206E616D653D276D71747453657276D8
:10B970006572273E3C62723E4D51545420557365AA
:10B98000723A3C62723E3C696E707574206E616DF5
:10B99000653D276D71747455736572273E3C627204
:10B9A0003E4D5154542050617373776F72643A3C2A
:10B9B00062723E3C696E707574206E616D653D27E4
:10B9C0006D717474506173732720747970653D27AD
:10B9D00070617373776F7264273E3C62723E3C62A3
:10B9E000723E436F6E74726F6C2F415049205061EC
:10B9F0007373776F72643A3C62723E3C696E707525
:10BA000074206E616D653D27636F6E74726F6C504C
:10BA10006173732720747970653D27706173737744
:10BA20006F7264273E3C62723E3C62723E3C696EBD
:10BA300070757420747970653D277375626D6974D3
:10BA4000272076616C75653D2753617665273E3CFE
:10BA50002F666F726D3E3C2F626F64793E3C2F689B
:10BA6000746D6C3E00576946693A20736C6F772F8E
:10BA7000756E726573706F6E73697665206D6F6435
:10BA8000656D206F7065726174696F6E3A20005742
:10BA90006946693A2063616368656420636C6F631B
:10BAA0006B20657870697265643B207363686564B8
:10BAB000756C65642073656C662D636C65616E20C2
:10BAC000776169747320666F722074696D65207385
:10BAD000796E6300576946693A20627269646765E6
:10BAE000207265736574206E6F742061636B6E6F76
:10BAF000776C65646765643B2073746179696E6710
:10BB0000206F66666C696E6520666F7220363073D2
:10BB100000576946693A20627269646765207265F8
:10BB20007365742061636B6E6F776C6564676564C1
:10BB30003B2077616974696E6720666F7220726559
:10BB4000626F6F7400576946693A20736F636B6563
:10BB50007420636C65616E757020636F6D706C65C9
:10BB600074653B2073617665642D6E6574776F72C2
:10BB70006B207265747269657320726573756D658B
:10BB800000576946693A20736F636B657420636C74
:10BB900065616E7570207374616C6C65643B2071B7
:10BBA000756172616E74696E696E67206272696434
:10BBB000676520616761696E005769466920737423
:10BBC000617475730057694669204950005769468A
:10BBD000693A206C696E6B2F4950206C6F73743B0F
:10BBE000206C6F63616C20636F6E74726F6C207376
:10BBF0007461797320616374697665005769466979
:10BC00003A20737461626C65206C696E6B2072659A
:10BC100073746F7265642E2044617368626F617221
:10BC2000642049503A2000576946693A2074696D8A
:10BC30006520756E617661696C61626C653B20722E
:10BC4000657461696E696E6720756E65787069727A
:10BC500065642063616368656420636C6F636B0077
:10BC60005769466950726F766973696F6E696E675E
:10BC70003A20464143544F525920524553455400AF
:10BC80005769466950726F766973696F6E696E673E
:10BC90003A207265626F6F74696E672061667465C1
:10BCA0007220666163746F72792072657365742E99
:10BCB0002E2E00576946693A2073746174696F6E5D
:10BCC000206A6F696E207265717565737465643B77
:10BCD00020636F6E74726F6C20636F6E74696E7523
:10BCE0006573206F66666C696E6500FF000000007A
:10BCF00000000000592F0100A9300100416D000033
:10BD0000FF2F0100B92F0100C52F0100E72F01000F
:10BD1000B9360100EF36010011300100E1300100B9
:10BD200037380100F7370100412F0100BD3801000D
:10BD3000492F0100AD2F0100B32F010001000400C5
:10BD40001000200040000001000200080020000058
:10BD500000000000000000000000800080000002E1
:10BD600000040008001000200040202020414E5315
:10BD70005745522028706173737468726F756768D5
:10BD8000293A2000202020526573756C743A204FA8
:10BD90004B00202020526573756C743A2045525236
:10BDA0004F5200202020526573756C743A2054491C
:10BDB0004D454F555400202020526573756C743AE0
:10BDC0002050617273654572726F72005245515511
:10BDD0004553542028706173737468726F75676877
:10BDE000293A20002B534F46545245534554574946
:10BDF00046493A0041542B534F46545245534554FB
:10BE0000574946490D0A00524551554553543A2069
:10BE100000202020414E535745523A20004E4F5F9C
:10BE2000434D445F434845434B005241573A20003D
:10BE30003C4C463E003C43523E003C53503E003C8E
:10BE4000004F4B0D0A0046696E616C20537461749B
:10BE50006520002072657320003C2D52415720451B
:10BE60004E440062617369635F737472696E673A0E
:10BE70003A5F4D5F7265706C616365006261736902
:10BE8000635F737472696E673A3A5F4D5F637265A0
:10BE90006174650062617369635F737472696E6770
:10BEA0003A3A5F4D5F636F6E737472756374206EA0
:10BEB000756C6C206E6F742076616C6964002B4425
:10BEC0004953434F4E4E4543543A0041542B444945
:10BED00053434F4E4E4543540D0A002B484F535485
:10BEE00042594E414D453A00257325730D0A0041D4
:10BEF000542B484F535442594E414D453D002B4819
:10BF00004F53544E414D450041542B484F53544ECE
:10BF1000414D453D0039392E39392E3939002B46EE
:10BF20005756455253494F4E3A0041542B465756A7
:10BF3000455253494F4E3F0D0A002B47455452532B
:10BF400053493A0041542B474554525353493F0DEE
:10BF50000A002B574946494D4F44453A0041542B5E
:10BF6000574946494D4F44453F0D0A002B4745541C
:10BF7000535349443A0041542B4745545353494481
:10BF80003F0D0A00257325640D0A0041542B5749C3
:10BF900046494D4F44453D002B424547494E535479
:10BFA000413A0041542B424547494E5354413D00CC
:10BFB000257325732C25730D0A002B4745545354C4
:10BFC000415455533A0041542B474554535441541E
:10BFD00055533F0D0A002B534F46544150434F4E8B
:10BFE0004649473A00257325732C25732C25730D7C
:10BFF0000A0041542B534F46544150434F4E46493B
:10C00000473D002B53455449503A00257325732C66
:10C0100025732C25732C25732C25730D0A00415490
:10C020002B53455449503D002B424547494E534FF1
:10C03000465441503A00257325732C25732C2564F2
:10C040000D0A0041542B424547494E534F46544137
:10C05000503D002B47455454494D453A0041542B1F
:10C0600047455454494D453D002B4950534F465484
:10C0700041503A0041542B4950534F465441500DC2
:10C080000A002B49505354413A0041542B49505314
:10C0900054413D0062617369635F737472696E67D6
:10C0A0003A3A617070656E6400FFFFFF00000000A7
:10C0B000000000003B5001004B50010041500100C6
:10C0C000595001003D5001002B52454D4F544550F1
:10C0D0004F52543A0041542B52454D4F5445504F06
:10C0E00052543D002B434C49454E54434C4F53450D
:10C0F0003A0041542B434C49454E54434C4F534511
:10C100003D002B434C49454E545245434549564505
:10C110003A0041542B434C49454E545245434549FE
:10C1200056453D002B464C5553483A0041542B464A
:10C130004C5553483D002B434C49454E5453454EB6
:10C14000443A00257325642C25640D0A0041542BC4
:10C15000434C49454E5453454E443D002B434C49B6
:10C16000454E54434F4E4E4543543A002573256483
:10C170002C25732C25642C25640D0A0041542B4377
:10C180004C49454E54434F4E4E4543543D002B437E
:10C190004C49454E54434F4E4E4543544E414D45F8
:10C1A0003A00257325642C25732C25640D0A004163
:10C1B000542B434C49454E54434F4E4E4543544EE9
:10C1C000414D453D002B52454D4F544549503A0095
:10C1D00041542B52454D4F544549503D002B41563B
:10C1E00041494C41424C453A0041542B415641494A
:10C1F0004C41424C453D002B434C49454E54434F26
:10C200004E4E45435445443A0041542B434C494516
:10C210004E54434F4E4E45435445443D002B4245FA
:10C2200047494E434C49454E543A0041542B4245F0
:10C2300047494E434C49454E540D0A00000000004A
:10C2400000000000F94F0100F5520100416D0000AF
:10C250001D560100755301000F500100EF550100FC
:10C260006150010045520100675501007D560100F3
:10C27000F5560100456D00002F5001004F6D000084
:10C28000755701001D5801002B53534C52454D4F1B
:10C290005445504F52543A0041542B53534C52453D
:10C2A0004D4F5445504F52543D002B53534C504525
:10C2B000454B3A0041542B53534C5045454B3D00A0
:10C2C0002B53534C434C49454E54434C4F53453AE2
:10C2D0000041542B53534C434C49454E54434C4F0F
:10C2E00053453D002B53534C434C49454E54524506
:10C2F00043454956453A0041542B53534C434C490E
:10C30000454E54524543454956453D002B53534CE9
:10C31000434C49454E54464C5553483A0041542BE2
:10C3200053534C434C49454E54464C5553483D009D
:10C330002B53534C434C49454E5453454E443A00BD
:10C3400041542B53534C434C49454E5453454E4452
:10C350003D002B5345544341524F4F543A004154F2
:10C360002B5345544341524F4F543D002B5345549A
:10C37000454343534C4F543A00257325642C2564A0
:10C380002C25640D0A0041542B5345544543435317
:10C390004C4F543D002B53534C434C49454E544352
:10C3A0004F4E4E4543543A0041542B53534C434C4B
:10C3B00049454E54434F4E4E4543543D002B535335
:10C3C0004C434C49454E54434F4E4E4543544E41C9
:10C3D0004D453A0041542B53534C434C49454E5420
:10C3E000434F4E4E4543544E414D453D002B535314
:10C3F0004C52454D4F544549503A0041542B5353EC
:10C400004C52454D4F544549503D002B53534C41E0
:10C410005641494C41424C453A0041542B53534CF0
:10C42000415641494C41424C453D002B53534C43EE
:10C430004C49454E54434F4E4E45435445443A00B3
:10C4400041542B53534C434C49454E54434F4E4E4D
:10C4500045435445443D002B53534C424547494EB8
:10C46000434C49454E543A0041542B53534C42459A
:10C4700047494E434C49454E540D0A000000000008
:10C48000000000009D590100D95C0100416D0000D1
:10C4900041600100595D0100B3590100C55F010011
:10C4A000DF5901006D5B0100495F0100A1600100DF
:10C4B0001961010021B800002F5001004F6D0000EC
:10C4C0008D61010035620100D35901002BB80000D5
:10C4D0002B534552564552454E443A0041542B5336
:10C4E0004552564552454E443D002B424547494E24
:10C4F0005345525645523A0041542B424547494E06
:10C500005345525645523D002B53455256455257BE
:10C51000524954453A0041542B53455256455257BF
:10C52000524954453D002B534552564552415641C0
:10C53000494C41424C453A0041542B5345525645D3
:10C5400052415641494C41424C453D0000000000DB
:10C5500000000000B96201006D640100416D00003F
:10C56000B1CE000065640100CF620100A962010044
:10C5700044415441464C41534800FFFF0000000035
:10C5800000000000B9660100DD6601007768010067
:10C590009D660100116701009F660100A56601000C
:10C5A0008B660100E9670100AB660100316901009B
:10C5B00087660100FB660100FB660100FB66010067
:10C5C000956601008F6601005D650100016701004D
:10C5D0006165010027660100C1650100096701006E
:10C5E00041726475696E6F2D252E386C7800FFFFDF
:10C5F0000000000000000000456B0100156E010006
:10C60000416D0000876B01005B6B0100676B0100EF
:10C61000FD6D010091760100C5760100F96F010002
:10C6200003770100A36D0100896B01008D6B010090
:10C63000E56B01002B4F5441444F574E4C4F414442
:10C6400053544152543A0041542B4F5441444F5794
:10C650004E4C4F414453544152543D002B4F544192
:10C66000444F574E4C4F414450524F4752455353FD
:10C670003A0041542B4F5441444F574E4C4F414484
:10C6800050524F47524553530D0A0041542B4F54BB
:10C6900041424547494E3D002B4F54414245474991
:10C6A0004E3A0041542B4F5441424547494E0D0AE2
:10C6B000002B4F544152455345543A0041542B4F9F
:10C6C000544152455345540D0A0041542B4F544197
:10C6D0005550444154453D002B4F54415550444121
:10C6E00054453A0041542B4F544155504441544510
:10C6F0000D0A002B4F54415645524946593A0041C4
:10C70000542B4F54415645524946590D0A002B4F60
:10C7100054415345544341524F4F543A0041542BD6
:10C720004F54415345544341524F4F543D00010033
:10C73000010001010000000000000000A5840100CC
:10C7400051860100A9840100478401002985010068
:10C750002184010023840100A98B010025840100AC
:10C760002784010029840100418A01002B840100F3
:10C77000005EBCE2613FDD83C29C7E20A3FD1F41C1
:10C78000009D23BE46DB65F88C11AF32CA57E974B1
:10C790003F5F7FFF5E00BC007701FFFF00000000ED
:10C7A00000000000E196010051160200416D0000FA
:10C7B000B1CE0000F1940100F5940100FF260200C3
:10C7C000FB940100B3CE0000000000000000000058
:10C7D0007F97010081970100759701007197010013
:10C7E0005F9701006D970100419701006997010073
:10C7F000459701004F970100639701005997010089
:10C800001F9701002B9701002F970100359701001A
:10C810003B9701003F970100140082815400C281C0
:10C8200094008280D4801401C2809401C283D48198
:10C8300014829402C28194055209440082000900C6
:10C8400051080C8054055201460042000B00570865
:10C850000E8014051C00920811008B081080D4046F
:10C860001A0092001780520842000980520002808C
:10C87000128812801A00520051004B0A4E801C0090
:10C880005208C2009700490A4C80D2000201910070
:10C89000510A5080D20851088B80120904001100FF
:10C8A000510A50801201440042000B00578A460092
:10C8B000020009801208C2004988120082004B88D9
:10C8C000120982018900578A120142018B80D289A4
:10C8D000D201428292090600420117004B88920958
:10C8E000420109000C80920102010B000E80140429
:10C8F000928054049208C2024B889404D208020326
:10C9000049881E00548292010400020011805209DD
:10C91000C2015700498AFFFF01030000C0C803009D
:10C9200002030000C8C803000401000066C8030039
:10C93000050100006CC803000601000070C8030078
:10C940000701000072C803000B0100008AC8030041
:10C950000C01000094C8030004030000D0C80300C9
:10C9600003030000CEC80300030100005EC80300FB
:10C970000B040000E6C803000A040000DEC8030040
:10C980000201000052C803000E00000002C90300AB
:10C990000000000018C80300010000001CC80300CC
:10C9A0000200000020C803000101000044C8030089
:10C9B0000001000036C8030000050000EEC80300B7
:10C9C000080400000EC903000901000074C8030038
:10C9D0000A0100007EC8030001050000F2C8030040
:10C9E00002050000FAC803000004000006C90300A5
:10C9F00001040000D4C803000300000024C80300A1
:10CA00000400000026C803000B0000002AC8030031
:10CA10000C0000002EC803000D00000030C8030009
:10CA20000F00000032C80300040200009AC803008F
:10CA300005020000A4C8030006020000AEC80300FF
:10CA40000C020000B4C803000D020000BAC80300C5
:10CA5000FFFF00FF010203FF0403010C000914089B
:10CA6000111C101918FFFFFF060008001000180025
:10CA700020004000600080000001800100020004EE
:10CA80000008FFFF0A0900000A0900003F0B000030
:10CA9000010002000800100000000000000000007B
:10CAA0004907020051160200416D000027070200ED
:10CAB0009F07020061080200310702001D07020003
:10CAC000610A02007D070200190702000C0A080E25
:10CAD000101802191D1F0125752E25752E25752E7E
:10CAE00025750025303278253032783A2530327875
:10CAF000253032783A25303278253032783A253070
:10CB00003278253032783A25303278253032783A0A
:10CB100025303278253032783A2530327825303257
:10CB2000783A253032782530327800FF0000000056
:10CB300000000000D1110200636D5F6261636B74DD
:10CB4000726163655F6661756C7400696E69745FBC
:10CB50006F6B0028257329206861732061737365EA
:10CB60007274206661696C65642061742025732E7F
:10CB700000216F6E5F6661756C74004661756C7440
:10CB8000206F6E20696E74657272757074206F729A
:10CB90002062617265206D6574616C286E6F204F34
:10CBA000532920656E7669726F6E6D656E74003DF7
:10CBB0003D3D3D3D3D3D3D3D3D3D3D3D3D3D3D3DA5
:10CBC0003D3D2052656769737465727320696E66B6
:10CBD0006F726D6174696F6E203D3D3D3D3D3D3D21
:10CBE0003D3D3D3D3D3D3D3D3D3D3D3D3D002020EC
:10CBF00025733A2025303878202025733A202530B7
:10CC00003878202025733A20253038782020257365
:10CC10003A2025303878003D3D3D3D3D3D3D3D3D90
:10CC20003D3D3D3D3D3D3D3D3D3D3D3D3D3D3D3D34
:10CC30003D3D3D3D3D3D3D3D3D3D3D3D3D3D3D3D24
:10CC40003D3D3D3D3D3D3D3D3D3D3D3D3D3D3D3D14
:10CC50003D3D3D3D3D0048617264206661756C74E8
:10CC60002069732063617573656420627920666151
:10CC7000696C656420766563746F722066657463A1
:10CC800068004D656D6F7279206D616E6167656DCD
:10CC9000656E74206661756C7420697320636175BC
:10CCA00073656420627920696E7374727563746948
:10CCB0006F6E206163636573732076696F6C617456
:10CCC000696F6E004D656D6F7279206D616E616781
:10CCD000656D656E74206661756C74206973206380
:10CCE0006175736564206279206461746120616399
:10CCF000636573732076696F6C6174696F6E004D44
:10CD0000656D6F7279206D616E6167656D656E74BA
:10CD1000206661756C742069732063617573656446
:10CD200020627920756E737461636B696E6720652C
:10CD300072726F72004D656D6F7279206D616E61F8
:10CD400067656D656E74206661756C74206973200B
:10CD500063617573656420627920737461636B69C4
:10CD60006E67206572726F72004D656D6F7279200B
:10CD70006D616E6167656D656E74206661756C745A
:10CD80002069732063617573656420627920666C25
:10CD90006F6174696E672D706F696E74206C617A53
:10CDA0007920737461746520707265736572766141
:10CDB00074696F6E00546865206D656D6F727920BF
:10CDC0006D616E6167656D656E74206661756C740A
:10CDD000206F636375727265642061646472657349
:10CDE000732069732025303878004275732066619E
:10CDF000756C742069732063617573656420627952
:10CE000020696E737472756374696F6E20616363F9
:10CE10006573732076696F6C6174696F6E0042751B
:10CE200073206661756C7420697320636175736526
:10CE3000642062792070726563697365206461742F
:10CE400061206163636573732076696F6C617469D7
:10CE50006F6E00427573206661756C742069732073
:10CE600063617573656420627920696D70726563B2
:10CE70006973652064617461206163636573732005
:10CE800076696F6C6174696F6E00427573206661BC
:10CE9000756C7420697320636175736564206279B1
:10CEA00020756E737461636B696E67206572726F53
:10CEB0007200427573206661756C7420697320631B
:10CEC000617573656420627920737461636B696E48
:10CED00067206572726F7200427573206661756CAF
:10CEE00074206973206361757365642062792066BC
:10CEF0006C6F6174696E672D706F696E74206C6100
:10CF00007A792073746174652070726573657276C6
:10CF10006174696F6E005468652062757320666184
:10CF2000756C74206F6363757272656420616464EC
:10CF300072657373206973202530387800557361EA
:10CF40006765206661756C74206973206361757311
:10CF5000656420627920617474656D7074732074E7
:10CF60006F206578656375746520616E20756E64E9
:10CF70006566696E656420696E7374727563746941
:10CF80006F6E005573616765206661756C7420690A
:10CF900073206361757365642062792061747465C0
:10CFA0006D70747320746F20737769746368207474
:10CFB0006F20616E20696E76616C696420737461A4
:10CFC00074652028652E672E2C2041524D2900556E
:10CFD00073616765206661756C7420697320636195
:10CFE0007573656420627920617474656D70747303
:10CFF00020746F20646F20616E20657863657074A3
:10D00000696F6E20776974682061206261642076A0
:10D01000616C756520696E20746865204558435FB2
:10D0200052455455524E206E756D626572005573AF
:10D03000616765206661756C742069732063617532
:10D0400073656420627920617474656D70747320F7
:10D05000746F2065786563757465206120636F70F7
:10D06000726F636573736F7220696E737472756328
:10D0700074696F6E005573616765206661756C74C5
:10D080002069732063617573656420627920696E1D
:10D0900064696361746573207468617420616E20D3
:10D0A000756E616C69676E65642061636365737337
:10D0B000206661756C74206861732074616B656EA5
:10D0C00020706C61636500557361676520666175EA
:10D0D0006C742069732063617573656420627920C4
:10D0E000496E64696361746573206120646976695F
:10D0F0006465206279207A65726F2068617320749C
:10D10000616B656E20706C616365202863616E20C1
:10D11000626520736574206F6E6C792069662044A7
:10D1200049565F305F5452502069732073657429EB
:10D13000004465627567206661756C7420697320B0
:10D140006361757365642062792068616C74207214
:10D15000657175657374656420696E204E56494328
:10D16000004465627567206661756C742069732080
:10D1700063617573656420627920424B5054206965
:10D180006E737472756374696F6E2065786563750C
:10D19000746564004465627567206661756C74200F
:10D1A0006973206361757365642062792044575404
:10D1B000206D61746368206F6363757272656400CB
:10D1C0004465627567206661756C742069732063BD
:10D1D000617573656420627920566563746F72208F
:10D1E0006665746368206F6363757272656400447A
:10D1F00065627567206661756C7420697320636170
:10D20000757365642062792045444247525120730A
:10D2100069676E616C206173736572746564004642
:10D2200069726D77617265206E616D653A20257354
:10D230002C20636F6D70696C6564206F6E3A2025D9
:10D2400073004552524F523A20556E61626C652010
:10D25000746F2067657420746865206D61696E2045
:10D26000737461636B20696E666F726D6174696F50
:10D270006E2C20706C6561736520636865636B203C
:10D2800074686520636F6E66696775726174696F33
:10D290006E206F6620746865206D61696E207374FE
:10D2A00061636B004572726F723A204D61696E2046
:10D2B000737461636B282530387829207761732077
:10D2C0006F766572666C6F77003D3D3D3D3D205445
:10D2D000687265616420737461636B20696E666F48
:10D2E000726D6174696F6E203D3D3D3D3D002020B3
:10D2F000616464723A2025303878202020206461EF
:10D3000074613A2025303878002530386C78002E4A
:10D31000656C660053686F77206D6F72652063617E
:10D320006C6C20737461636B20696E666F20627928
:10D330002072756E3A2061646472326C696E652089
:10D340002D652025732573202D61202D66202573E2
:10D350000044756D702063616C6C20737461636B45
:10D360002068617320616E206572726F72005231A5
:10D3700020005230200052332000523220004C5204
:10D3800020005231320050535200504320004F636E
:10D39000742020322032303236000022433A5C556D
:10D3A000736572735C4B61726C5C41707044617444
:10D3B000615C4C6F63616C5C61726475696E6F5C1B
:10D3C000736B6574636865735C39444233454546E5
:10D3D00036383736354341394541323236314446A5
:10D3E0003034393545433936332F426F696C6572B5
:10D3F000417373697374616E745F335F335F345F5D
:10D40000546F74616C5F446F6D696E6174696F6EA7
:10D410002E696E6F2200FFFF292B02007D2B020078
:10D42000AD2B0200512C02000D2D02000000000067
:10D430001D2E02000D2E0200252E0200E92E0200F4
:10D44000C9300200000000000000000000000000E1
:10D45000D347020077480200F54702000148020066
:10D46000E94702003F4802000D480200C74702009A
:10D47000C1470200D1470200D9480200A5A102001D
:10D4800094D403005EA10200324600209CD4030025
:10D49000A5D4030041726475696E6F004344432054
:10D4A000506F7274004446552D525420506F727460
:10D4B000000000000000000000000000000000006C
:10D4C000000000000000000000000000000000005C
:10D4D0000000FFFF80010020504F53495800494E83
:10D4E0004600696E66004E414E006E616E0030313E
:10D4F00032333435363738394142434445460030BB
:10D5000031323334353637383961626364656600E9
:10D510000020202020202020202028282828282003
:10D5200020202020202020202020202020202020FB
:10D530002088101010101010101010101010101063
:10D540001004040404040404040404101010101053
:10D55000101041414141414101010101010101011D
:10D56000010101010101010101010101101010106F
:10D5700010104242424242420202020202020202EF
:10D580000202020202020202020202021010101043
:10D59000200000000000000000000000000000006B
:10D5A000000000000000000000000000000000007B
:10D5B000000000000000000000000000000000006B
:10D5C000000000000000000000000000000000005B
:10D5D000000000000000000000000000000000004B
:10D5E000000000000000000000000000000000003B
:10D5F000000000000000000000000000000000002B
:10D60000000000000000000000000000000000001A
:10D6100000496E66696E697479004E614E00FFFFC5
:10D6200000000000000000000000000000000000FA
:10D6300000000000000000000000000000000000EA
:10D6400000000000000000000000000000000000DA
:10D6500000000000000000000000000000000000CA
:10D6600000000000000000000000000000000000BA
:10D6700000000000000000000000000000000000AA
:10D680000080E03779C34143176E05B5B5B89346BE
:10D69000F5F93FE9034F384D321D30F94877825A8A
:10D6A0003CBF737FDD4F1575000000000000F03FA8
:10D6B000000000000000244000000000000059406D
:10D6C0000000000000408F40000000000088C340C0
:10D6D00000000000006AF8400000000080842E4135
:10D6E00000000000D01263410000000084D7974181
:10D6F0000000000065CDCD41000000205FA0024287
:10D70000000000E876483742000000A2941A6D42FB
:10D71000000040E59C30A2420000901EC4BCD642EE
:10D7200000003426F56B0C430080E03779C3414399
:10D7300000A0D8855734764300C84E676DC1AB430F
:10D74000003D9160E458E143408CB5781DAF15442D
:10D7500050EFE2D6E41A4B4492D54D06CFF0804408
:10D76000F64AE1C7022DB544B49DD9794378EA441D
:10D7700005000000190000007D000000232D302B63
:10D780002000686C4C0065666745464700FFFFFF58
:10D79000AED70300AAA10200B1D70300412D466114
:10D7A0002D66383930313233343536375D002B2D24
:08D7B0000078580000000000A1
:10D7C000010000000000803F000000000000F87F22
:10D7D000FFFFFFFF8D20000001000000BC9302004E
:10D7E00015B0020000000000000000000000F87FFB
:10D7F000A5A10200A5A1020030750000983A000022
:10D800000200000000000000000000000000000016
:10D81000FFFFFFFFFFFFFFFFFFFFFFFF0000000014
:10D8200000000000000000000000000000000000F8
:10D8300000000000000000000000000000000000E8
:10D8400000000000000000000000000000000000D8
:10D8500000000000000000000000000000000000C8
:10D8600000000000000000000000000000000000B8
:10D8700000000000000000000000000000000000A8
:10D880000000000000000000000000000000000098
:10D890000000000000000000000000000000000088
:10D8A0000000000000000000000000000000000078
:10D8B0000000000000000000000000000000000068
:10D8C0000000000000000000000000000000000058
:10D8D0000000000000000000000000000000000048
:10D8E0000000000000000000000000000000000038
:10D8F0000000000000000000000000000000000028
:10D900000000000000000000000000000000000017
:10D91000D0C70300080000000A000000FF0000005C
:10D92000000009400A000000011201000202020189
:10D930004041236D0000010102030100800100202D
:10D940000000000040D6030060D6030020D603008C
:10D9500000000000000000000000000000000000C7
:10D9600000000000000000000000000000000000B7
:10D9700000000000000000000000000000000000A7
:10D980000000000000000000000000000000000097
:10D990000000000000000000000000000000000087
:10D9A0004300000000000000000000000000000034
:10D9B0000000000000000000000000000000000067
:10D9C0004300000000000000000000000000000014
:10D9D0000000000000000000000000000000000047
:10D9E00043000000000000000000000000000000F4
:10D9F0000000000000000000000000000000000027
:10DA000043000000000000000000000000000000D3
:10DA10000000000000000000000000000000000006
:10DA200043000000000000000000000000000000B3
:10DA300000000000000000000000000000000000E6
:10DA40004300000000000000000000000000000093
:10DA500000000000000000000000000000000000C6
:10DA60004300000000000000000000000000000073
:10DA700000000000000000000000000000000000A6
:10DA8000356D0200BD5B02000000000010D50300F0
:10DA9000A6B60300A5A10200A5A10200A5A102004F
:10DAA000A5A10200A5A10200A5A10200A5A1020056
:10DAB000A5A10200A5A10200FFFFFFFFFFFFFFFFDE
:10DAC000FFFFFFFFFFFF00000100415343494900F2
:10DAD0000000000000000000000000000000000046
:10DAE00000000000000000000000415343494900CD
:10DAF0000000000000000000000000000000000026
:10DB0000000000000000000000000000E5400000F0
:10DB100085430000FD680000219B000091B90000D2
:10DB2000C9CA000041ED0000F1050100492B0100C8
:10DB3000D5380100913A010035430100D14F010071
:10DB4000ED8B0100E1060200090C0200250C020029
:10DB5000410C02005D0C0200551102002916020062
:10DB6000ED240200612902007D490200C14000004D
:10DB70002D44000009690000CDAF0000A9B90000E4
:10DB800015CB000089ED000089060100652B01001E
:10DB90005D430100DD4F0100F5060200690C020043
:08DBA000A11102006D29020031
:040000031000EE45B6
:00000001FF
